ISO-10303-21;
HEADER;
FILE_DESCRIPTION (( 'STEP AP214' ),
    '1' );
FILE_NAME ('STH315N10F7-2.STEP',
    '2023-04-26T04:41:49',
    ( '' ),
    ( '' ),
    'SwSTEP 2.0',
    'SolidWorks 2022',
    '' );
FILE_SCHEMA (( 'AUTOMOTIVE_DESIGN' ));
ENDSEC;

DATA;
#1 = ORIENTED_EDGE ( 'NONE', *, *, #53, .F. ) ;
#2 =( LENGTH_UNIT ( ) NAMED_UNIT ( * ) SI_UNIT ( .MILLI., .METRE. ) );
#3 = CARTESIAN_POINT ( 'NONE',  ( 0.000000000000000000, 0.000000000000000000, 0.000000000000000000 ) ) ;
#4 =( NAMED_UNIT ( * ) PLANE_ANGLE_UNIT ( ) SI_UNIT ( $, .RADIAN. ) );
#5 = CARTESIAN_POINT ( 'NONE',  ( 1.830000000000000071, -4.358383522610999705, 2.589999999999999858 ) ) ;
#6 = ORIENTED_EDGE ( 'NONE', *, *, #1182, .F. ) ;
#7 = SURFACE_STYLE_USAGE ( .BOTH. , #1197 ) ;
#8 = UNCERTAINTY_MEASURE_WITH_UNIT (LENGTH_MEASURE( 1.000000000000000082E-05 ), #1522, 'distance_accuracy_value', 'NONE');
#9 = EDGE_CURVE ( 'NONE', #3789, #2945, #698, .T. ) ;
#10 = AXIS2_PLACEMENT_3D ( 'NONE', #3195, #3421, #1145 ) ;
#11 = DIRECTION ( 'NONE',  ( 1.000000000000000000, 0.000000000000000000, -0.000000000000000000 ) ) ;
#12 =( LENGTH_UNIT ( ) NAMED_UNIT ( * ) SI_UNIT ( .MILLI., .METRE. ) );
#13 = ADVANCED_FACE ( 'NONE', ( #2154 ), #1509, .F. ) ;
#14 = PRESENTATION_LAYER_ASSIGNMENT (  '', '', ( #3429 ) ) ;
#15 = ORIENTED_EDGE ( 'NONE', *, *, #2050, .T. ) ;
#16 = LINE ( 'NONE', #631, #2180 ) ;
#17 = MECHANICAL_DESIGN_GEOMETRIC_PRESENTATION_REPRESENTATION (  '', ( #1817 ), #1153 ) ;
#18 = DIRECTION ( 'NONE',  ( 0.000000000000000000, 1.000000000000000000, 0.000000000000000000 ) ) ;
#19 = CARTESIAN_POINT ( 'NONE',  ( 4.425806578238000277, 0.7178360569389999890, 0.000000000000000000 ) ) ;
#20 = CARTESIAN_POINT ( 'NONE',  ( -4.425806578238000277, 0.7178360569389999890, 0.000000000000000000 ) ) ;
#21 = DIRECTION ( 'NONE',  ( 0.000000000000000000, 0.000000000000000000, -1.000000000000000000 ) ) ;
#22 = STYLED_ITEM ( 'NONE', ( #2727 ), #1428 ) ;
#23 = PRESENTATION_LAYER_ASSIGNMENT (  '', '', ( #3571 ) ) ;
#24 = DIRECTION ( 'NONE',  ( -1.000000000000000000, 0.000000000000000000, 0.000000000000000000 ) ) ;
#25 = DIRECTION ( 'NONE',  ( 1.000000000000000000, 0.000000000000000000, 0.000000000000000000 ) ) ;
#26 = COLOUR_RGB ( '',0.8980392156862745390, 0.8980392156862745390, 0.8980392156862745390 ) ;
#27 = FILL_AREA_STYLE ('',( #3261 ) ) ;
#28 = EDGE_CURVE ( 'NONE', #778, #2159, #3694, .T. ) ;
#29 = ORIENTED_EDGE ( 'NONE', *, *, #2972, .T. ) ;
#30 = DIRECTION ( 'NONE',  ( 1.000000000000000000, 0.000000000000000000, 0.000000000000000000 ) ) ;
#31 = AXIS2_PLACEMENT_3D ( 'NONE', #1563, #651, #95 ) ;
#32 = VECTOR ( 'NONE', #1692, 1000.000000000000000 ) ;
#33 = VECTOR ( 'NONE', #2350, 1000.000000000000114 ) ;
#34 = EDGE_CURVE ( 'NONE', #3392, #1681, #804, .T. ) ;
#35 = MECHANICAL_DESIGN_GEOMETRIC_PRESENTATION_REPRESENTATION (  '', ( #2153 ), #1839 ) ;
#36 = EDGE_CURVE ( 'NONE', #1861, #2118, #1929, .T. ) ;
#37 = MECHANICAL_DESIGN_GEOMETRIC_PRESENTATION_REPRESENTATION (  '', ( #2155 ), #1424 ) ;
#38 = FILL_AREA_STYLE ('',( #2407 ) ) ;
#39 = EDGE_LOOP ( 'NONE', ( #2482, #1441, #3720, #3765 ) ) ;
#40 = ORIENTED_EDGE ( 'NONE', *, *, #3631, .T. ) ;
#41 = PRESENTATION_STYLE_ASSIGNMENT (( #2444 ) ) ;
#42 = DIRECTION ( 'NONE',  ( 0.000000000000000000, 0.000000000000000000, -1.000000000000000000 ) ) ;
#43 = VECTOR ( 'NONE', #3041, 1000.000000000000114 ) ;
#44 = SURFACE_STYLE_FILL_AREA ( #2731 ) ;
#45 = CARTESIAN_POINT ( 'NONE',  ( -2.947500000000000231, -4.912499999999999645, 0.6999999999999999556 ) ) ;
#46 =( GEOMETRIC_REPRESENTATION_CONTEXT ( 3 ) GLOBAL_UNCERTAINTY_ASSIGNED_CONTEXT ( ( #3842 ) ) GLOBAL_UNIT_ASSIGNED_CONTEXT ( ( #397, #3147, #164 ) ) REPRESENTATION_CONTEXT ( 'NONE', 'WORKASPACE' ) );
#47 = DIRECTION ( 'NONE',  ( 0.000000000000000000, 1.000000000000000000, -0.000000000000000000 ) ) ;
#48 = DIRECTION ( 'NONE',  ( 1.000000000000000000, -0.000000000000000000, -0.000000000000000000 ) ) ;
#49 = ORIENTED_EDGE ( 'NONE', *, *, #2491, .F. ) ;
#50 = SURFACE_STYLE_USAGE ( .BOTH. , #2435 ) ;
#51 = FILL_AREA_STYLE_COLOUR ( '', #3368 ) ;
#52 =( NAMED_UNIT ( * ) SI_UNIT ( $, .STERADIAN. ) SOLID_ANGLE_UNIT ( ) );
#53 = EDGE_CURVE ( 'NONE', #751, #1457, #1993, .T. ) ;
#54 = ORIENTED_EDGE ( 'NONE', *, *, #3333, .F. ) ;
#55 = PRESENTATION_STYLE_ASSIGNMENT (( #1828 ) ) ;
#56 = ORIENTED_EDGE ( 'NONE', *, *, #3369, .F. ) ;
#57 = ADVANCED_FACE ( 'NONE', ( #1667, #1072 ), #1610, .T. ) ;
#58 = CLOSED_SHELL ( 'NONE', ( #2680, #1674, #668, #2808, #347, #2440, #2189, #3115, #1823, #3539, #67, #121 ) ) ;
#59 = CARTESIAN_POINT ( 'NONE',  ( -4.731609655393550717, 4.808007999481000105, 4.799999999999952749 ) ) ;
#60 =( LENGTH_UNIT ( ) NAMED_UNIT ( * ) SI_UNIT ( .MILLI., .METRE. ) );
#61 = EDGE_CURVE ( 'NONE', #3323, #2298, #897, .T. ) ;
#62 = PRESENTATION_LAYER_ASSIGNMENT (  '', '', ( #1262 ) ) ;
#63 = ORIENTED_EDGE ( 'NONE', *, *, #2334, .F. ) ;
#64 = STYLED_ITEM ( 'NONE', ( #1018 ), #505 ) ;
#65 = FILL_AREA_STYLE ('',( #2135 ) ) ;
#66 = AXIS2_PLACEMENT_3D ( 'NONE', #700, #3672, #365 ) ;
#67 = ADVANCED_FACE ( 'NONE', ( #819 ), #456, .T. ) ;
#68 = FACE_OUTER_BOUND ( 'NONE', #3683, .T. ) ;
#69 = VECTOR ( 'NONE', #3144, 1000.000000000000000 ) ;
#70 = EDGE_CURVE ( 'NONE', #3449, #2844, #2268, .T. ) ;
#71 = ORIENTED_EDGE ( 'NONE', *, *, #2998, .F. ) ;
#72 =( LENGTH_UNIT ( ) NAMED_UNIT ( * ) SI_UNIT ( .MILLI., .METRE. ) );
#73 = EDGE_LOOP ( 'NONE', ( #1712, #94, #2236 ) ) ;
#74 =( NAMED_UNIT ( * ) SI_UNIT ( $, .STERADIAN. ) SOLID_ANGLE_UNIT ( ) );
#75 = UNCERTAINTY_MEASURE_WITH_UNIT (LENGTH_MEASURE( 1.000000000000000082E-05 ), #2230, 'distance_accuracy_value', 'NONE');
#76 = CARTESIAN_POINT ( 'NONE',  ( -4.425806578238000277, 6.377500000000000391, 0.000000000000000000 ) ) ;
#77 =( NAMED_UNIT ( * ) SI_UNIT ( $, .STERADIAN. ) SOLID_ANGLE_UNIT ( ) );
#78 = DIRECTION ( 'NONE',  ( -0.000000000000000000, 1.000000000000000000, 0.000000000000000000 ) ) ;
#79 = VECTOR ( 'NONE', #3721, 1000.000000000000000 ) ;
#80 = UNCERTAINTY_MEASURE_WITH_UNIT (LENGTH_MEASURE( 1.000000000000000082E-05 ), #741, 'distance_accuracy_value', 'NONE');
#81 = ORIENTED_EDGE ( 'NONE', *, *, #1158, .F. ) ;
#82 = CARTESIAN_POINT ( 'NONE',  ( -1.665334536938000065E-15, 6.377500000000000391, 1.294999999999999929 ) ) ;
#83 = PRESENTATION_LAYER_ASSIGNMENT (  '', '', ( #1880 ) ) ;
#84 = DIRECTION ( 'NONE',  ( 1.000000000000000000, 0.000000000000000000, 0.000000000000000000 ) ) ;
#85 = AXIS2_PLACEMENT_3D ( 'NONE', #2734, #2132, #2763 ) ;
#86 = PRESENTATION_LAYER_ASSIGNMENT (  '', '', ( #3455 ) ) ;
#87 = FILL_AREA_STYLE_COLOUR ( '', #2398 ) ;
#88 = VECTOR ( 'NONE', #1977, 1000.000000000000000 ) ;
#89 = CARTESIAN_POINT ( 'NONE',  ( -5.099999999999999645, 7.712500000000000355, 0.000000000000000000 ) ) ;
#90 = ORIENTED_EDGE ( 'NONE', *, *, #648, .F. ) ;
#91 = PRESENTATION_LAYER_ASSIGNMENT (  '', '', ( #1958 ) ) ;
#92 = SURFACE_STYLE_FILL_AREA ( #1560 ) ;
#93 = STYLED_ITEM ( 'NONE', ( #656 ), #2658 ) ;
#94 = ORIENTED_EDGE ( 'NONE', *, *, #2998, .T. ) ;
#95 = DIRECTION ( 'NONE',  ( -1.439511215072999979E-16, 1.000000000000000000, 0.000000000000000000 ) ) ;
#96 = CARTESIAN_POINT ( 'NONE',  ( -2.132499999999999840, -4.912499999999999645, 0.6999999999999999556 ) ) ;
#97 = FILL_AREA_STYLE_COLOUR ( '', #258 ) ;
#98 = DIRECTION ( 'NONE',  ( 0.000000000000000000, 0.06975647374468138540, 0.9975640502597853398 ) ) ;
#99 = DIRECTION ( 'NONE',  ( 0.000000000000000000, -1.000000000000000000, -0.000000000000000000 ) ) ;
#100 = VECTOR ( 'NONE', #354, 1000.000000000000114 ) ;
#101 = CARTESIAN_POINT ( 'NONE',  ( -4.425806578238000277, 0.7178360569389999890, 0.000000000000000000 ) ) ;
#102 =( NAMED_UNIT ( * ) SI_UNIT ( $, .STERADIAN. ) SOLID_ANGLE_UNIT ( ) );
#103 =( GEOMETRIC_REPRESENTATION_CONTEXT ( 3 ) GLOBAL_UNCERTAINTY_ASSIGNED_CONTEXT ( ( #718 ) ) GLOBAL_UNIT_ASSIGNED_CONTEXT ( ( #366, #1272, #563 ) ) REPRESENTATION_CONTEXT ( 'NONE', 'WORKASPACE' ) );
#104 = SURFACE_SIDE_STYLE ('',( #396 ) ) ;
#105 = SURFACE_STYLE_USAGE ( .BOTH. , #2790 ) ;
#106 = CARTESIAN_POINT ( 'NONE',  ( 0.7099999999999999645, -0.8856861454979999548, 2.589999999999999858 ) ) ;
#107 = CARTESIAN_POINT ( 'NONE',  ( -5.099999999999999645, 6.377500000000000391, 0.000000000000000000 ) ) ;
#108 = CARTESIAN_POINT ( 'NONE',  ( 4.425806578238000277, 0.7178360569389998780, 0.000000000000000000 ) ) ;
#109 = DIRECTION ( 'NONE',  ( -0.000000000000000000, 1.000000000000000000, 0.000000000000000000 ) ) ;
#110 = ORIENTED_EDGE ( 'NONE', *, *, #2927, .F. ) ;
#111 = DIRECTION ( 'NONE',  ( -1.000000000000000000, 0.000000000000000000, -0.000000000000000000 ) ) ;
#112 = ORIENTED_EDGE ( 'NONE', *, *, #1136, .T. ) ;
#113 = UNCERTAINTY_MEASURE_WITH_UNIT (LENGTH_MEASURE( 1.000000000000000082E-05 ), #1106, 'distance_accuracy_value', 'NONE');
#114 = CYLINDRICAL_SURFACE ( 'NONE', #1292, 0.7500000000000000000 ) ;
#115 = VERTEX_POINT ( 'NONE', #2898 ) ;
#116 = PRODUCT_DEFINITION ( 'UNKNOWN', '', #1668, #2548 ) ;
#117 = CARTESIAN_POINT ( 'NONE',  ( -2.132499999999999840, -7.837500000000000355, 4.336808689942017736E-16 ) ) ;
#118 = DIRECTION ( 'NONE',  ( 0.000000000000000000, 0.000000000000000000, 1.000000000000000000 ) ) ;
#119 = COLOUR_RGB ( '',0.8980392156862745390, 0.8980392156862745390, 0.8980392156862745390 ) ;
#120 =( LENGTH_UNIT ( ) NAMED_UNIT ( * ) SI_UNIT ( .MILLI., .METRE. ) );
#121 = ADVANCED_FACE ( 'NONE', ( #1749 ), #291, .F. ) ;
#122 = SURFACE_STYLE_FILL_AREA ( #3038 ) ;
#123 = APPLICATION_CONTEXT ( 'automotive_design' ) ;
#124 = VECTOR ( 'NONE', #30, 1000.000000000000000 ) ;
#125 = SURFACE_STYLE_USAGE ( .BOTH. , #1371 ) ;
#126 = DIRECTION ( 'NONE',  ( -0.000000000000000000, 0.9945218953682343210, 0.1045284632680246462 ) ) ;
#127 = ADVANCED_FACE ( 'NONE', ( #1213 ), #3837, .T. ) ;
#128 = AXIS2_PLACEMENT_3D ( 'NONE', #538, #3000, #1485 ) ;
#129 = ORIENTED_EDGE ( 'NONE', *, *, #3612, .T. ) ;
#130 = CARTESIAN_POINT ( 'NONE',  ( 4.731609655394000136, 4.808007999481475281, 4.800000000000527400 ) ) ;
#131 = ORIENTED_EDGE ( 'NONE', *, *, #2896, .T. ) ;
#132 =( NAMED_UNIT ( * ) PLANE_ANGLE_UNIT ( ) SI_UNIT ( $, .RADIAN. ) );
#133 = CARTESIAN_POINT ( 'NONE',  ( -2.540000000000000036, -4.694677980796000405, 3.290000000000000036 ) ) ;
#134 = CARTESIAN_POINT ( 'NONE',  ( -5.099999999999999645, 0.000000000000000000, 4.799999999875126377 ) ) ;
#135 = EDGE_LOOP ( 'NONE', ( #3722, #2105 ) ) ;
#136 =( NAMED_UNIT ( * ) SI_UNIT ( $, .STERADIAN. ) SOLID_ANGLE_UNIT ( ) );
#137 =( NAMED_UNIT ( * ) SI_UNIT ( $, .STERADIAN. ) SOLID_ANGLE_UNIT ( ) );
#138 = PRESENTATION_STYLE_ASSIGNMENT (( #2184 ) ) ;
#139 = LINE ( 'NONE', #2247, #3747 ) ;
#140 = DIRECTION ( 'NONE',  ( 0.000000000000000000, 0.000000000000000000, -1.000000000000000000 ) ) ;
#141 = ORIENTED_EDGE ( 'NONE', *, *, #412, .T. ) ;
#142 = COLOUR_RGB ( '',0.8980392156862745390, 0.8980392156862745390, 0.8980392156862745390 ) ;
#143 = CARTESIAN_POINT ( 'NONE',  ( 1.274999999999999911, 6.134658965714670842, 3.605478104631634206 ) ) ;
#144 = SHAPE_REPRESENTATION ( 'STH315N10F7-2', ( #2293, #1191, #3349, #3854, #482, #3159 ), #103 ) ;
#145 = EDGE_CURVE ( 'NONE', #751, #2628, #909, .T. ) ;
#146 = VECTOR ( 'NONE', #3382, 1000.000000000000000 ) ;
#147 = LINE ( 'NONE', #1937, #985 ) ;
#148 = ORIENTED_EDGE ( 'NONE', *, *, #196, .T. ) ;
#149 = CARTESIAN_POINT ( 'NONE',  ( 0.000000000000000000, -1.408298662706999993, 4.799999999999999822 ) ) ;
#150 = VERTEX_POINT ( 'NONE', #2986 ) ;
#151 = UNCERTAINTY_MEASURE_WITH_UNIT (LENGTH_MEASURE( 1.000000000000000082E-05 ), #3444, 'distance_accuracy_value', 'NONE');
#152 = PRESENTATION_LAYER_ASSIGNMENT (  '', '', ( #2532 ) ) ;
#153 = COLOUR_RGB ( '',0.8980392156862745390, 0.8980392156862745390, 0.8980392156862745390 ) ;
#154 = SURFACE_STYLE_USAGE ( .BOTH. , #450 ) ;
#155 = EDGE_CURVE ( 'NONE', #1290, #346, #310, .T. ) ;
#156 = PRESENTATION_LAYER_ASSIGNMENT (  '', '', ( #1838 ) ) ;
#157 = PLANE ( 'NONE',  #1359 ) ;
#158 = AXIS2_PLACEMENT_3D ( 'NONE', #1437, #274, #3266 ) ;
#159 = FILL_AREA_STYLE ('',( #756 ) ) ;
#160 = FILL_AREA_STYLE_COLOUR ( '', #3006 ) ;
#161 = MECHANICAL_DESIGN_GEOMETRIC_PRESENTATION_REPRESENTATION (  '', ( #2610 ), #878 ) ;
#162 = CARTESIAN_POINT ( 'NONE',  ( 2.132499999999999840, -4.912499999999999645, 0.6999999999999999556 ) ) ;
#163 = FILL_AREA_STYLE ('',( #3436 ) ) ;
#164 =( NAMED_UNIT ( * ) SI_UNIT ( $, .STERADIAN. ) SOLID_ANGLE_UNIT ( ) );
#165 =( GEOMETRIC_REPRESENTATION_CONTEXT ( 3 ) GLOBAL_UNCERTAINTY_ASSIGNED_CONTEXT ( ( #1470 ) ) GLOBAL_UNIT_ASSIGNED_CONTEXT ( ( #3092, #1054, #1154 ) ) REPRESENTATION_CONTEXT ( 'NONE', 'WORKASPACE' ) );
#166 =( NAMED_UNIT ( * ) PLANE_ANGLE_UNIT ( ) SI_UNIT ( $, .RADIAN. ) );
#167 = COLOUR_RGB ( '',0.8980392156862745390, 0.8980392156862745390, 0.8980392156862745390 ) ;
#168 = ORIENTED_EDGE ( 'NONE', *, *, #3205, .F. ) ;
#169 = CARTESIAN_POINT ( 'NONE',  ( -2.947500000000000231, -5.539240974648000027, 1.072097410502000026 ) ) ;
#170 = DIRECTION ( 'NONE',  ( 0.000000000000000000, -0.06975647374411773904, -0.9975640502598247528 ) ) ;
#171 = DIRECTION ( 'NONE',  ( 1.000000000000000000, -0.000000000000000000, 0.000000000000000000 ) ) ;
#172 = PRODUCT_DEFINITION_FORMATION_WITH_SPECIFIED_SOURCE ( 'ANY', '', #2944, .NOT_KNOWN. ) ;
#173 = DIRECTION ( 'NONE',  ( -1.000000000000000000, -1.088453945711000108E-16, 0.000000000000000000 ) ) ;
#174 = ORIENTED_EDGE ( 'NONE', *, *, #2223, .T. ) ;
#175 = EDGE_CURVE ( 'NONE', #1320, #355, #696, .T. ) ;
#176 =( NAMED_UNIT ( * ) SI_UNIT ( $, .STERADIAN. ) SOLID_ANGLE_UNIT ( ) );
#177 = ORIENTED_EDGE ( 'NONE', *, *, #1258, .F. ) ;
#178 = CARTESIAN_POINT ( 'NONE',  ( -0.7099999999999999645, -0.8856861454980000659, 2.589999999999999858 ) ) ;
#179 = CARTESIAN_POINT ( 'NONE',  ( -2.540000000000000036, -7.712500000000000355, 3.816391647148999767E-16 ) ) ;
#180 = DIRECTION ( 'NONE',  ( 0.000000000000000000, -1.362997016838999943E-16, -1.000000000000000000 ) ) ;
#181 = FILL_AREA_STYLE_COLOUR ( '', #434 ) ;
#182 = DIRECTION ( 'NONE',  ( 0.000000000000000000, 0.000000000000000000, 1.000000000000000000 ) ) ;
#183 = SURFACE_STYLE_FILL_AREA ( #2656 ) ;
#184 = VERTEX_POINT ( 'NONE', #2637 ) ;
#185 = CARTESIAN_POINT ( 'NONE',  ( 0.7099999999999999645, -3.398914153144999784, 2.589999999999999858 ) ) ;
#186 = STYLED_ITEM ( 'NONE', ( #949 ), #13 ) ;
#187 = SURFACE_SIDE_STYLE ('',( #1103 ) ) ;
#188 = DIRECTION ( 'NONE',  ( 0.000000000000000000, 0.06975647374411773904, 0.9975640502598247528 ) ) ;
#189 = CARTESIAN_POINT ( 'NONE',  ( 1.830000000000000071, -4.638138048453000373, 3.290000000000000036 ) ) ;
#190 = VERTEX_POINT ( 'NONE', #3810 ) ;
#191 = DIRECTION ( 'NONE',  ( 0.000000000000000000, -0.9975640502598139836, 0.06975647374427275393 ) ) ;
#192 = PRESENTATION_LAYER_ASSIGNMENT (  '', '', ( #1690 ) ) ;
#193 = ORIENTED_EDGE ( 'NONE', *, *, #3466, .T. ) ;
#194 = UNCERTAINTY_MEASURE_WITH_UNIT (LENGTH_MEASURE( 1.000000000000000082E-05 ), #1169, 'distance_accuracy_value', 'NONE');
#195 = FILL_AREA_STYLE_COLOUR ( '', #609 ) ;
#196 = EDGE_CURVE ( 'NONE', #2182, #2054, #1159, .T. ) ;
#197 = STYLED_ITEM ( 'NONE', ( #2066 ), #763 ) ;
#198 = DIRECTION ( 'NONE',  ( -1.000000000000000000, -0.000000000000000000, 0.000000000000000000 ) ) ;
#199 = VERTEX_POINT ( 'NONE', #559 ) ;
#200 = SURFACE_STYLE_FILL_AREA ( #2878 ) ;
#201 = VECTOR ( 'NONE', #326, 1000.000000000000000 ) ;
#202 = SURFACE_SIDE_STYLE ('',( #265 ) ) ;
#203 = ADVANCED_FACE ( 'NONE', ( #2414 ), #2784, .F. ) ;
#204 = DIRECTION ( 'NONE',  ( 1.000000000000000000, -0.000000000000000000, -0.000000000000000000 ) ) ;
#205 = CARTESIAN_POINT ( 'NONE',  ( 0.000000000000000000, 0.000000000000000000, 0.000000000000000000 ) ) ;
#206 = FILL_AREA_STYLE ('',( #745 ) ) ;
#207 = CARTESIAN_POINT ( 'NONE',  ( 2.132499999999999840, -5.539240974648000027, 1.072097410502000026 ) ) ;
#208 = SURFACE_STYLE_USAGE ( .BOTH. , #498 ) ;
#209 = ORIENTED_EDGE ( 'NONE', *, *, #1804, .T. ) ;
#210 =( GEOMETRIC_REPRESENTATION_CONTEXT ( 3 ) GLOBAL_UNCERTAINTY_ASSIGNED_CONTEXT ( ( #428 ) ) GLOBAL_UNIT_ASSIGNED_CONTEXT ( ( #1423, #598, #2389 ) ) REPRESENTATION_CONTEXT ( 'NONE', 'WORKASPACE' ) );
#211 = CARTESIAN_POINT ( 'NONE',  ( 5.099999999999999645, 7.712500000000000355, 0.000000000000000000 ) ) ;
#212 = AXIS2_PLACEMENT_3D ( 'NONE', #3605, #950, #2122 ) ;
#213 = ORIENTED_EDGE ( 'NONE', *, *, #1047, .F. ) ;
#214 = DIRECTION ( 'NONE',  ( -0.000000000000000000, -0.000000000000000000, -1.000000000000000000 ) ) ;
#215 = PRESENTATION_LAYER_ASSIGNMENT (  '', '', ( #343 ) ) ;
#216 = AXIS2_PLACEMENT_3D ( 'NONE', #3151, #2821, #2556 ) ;
#217 =( NAMED_UNIT ( * ) SI_UNIT ( $, .STERADIAN. ) SOLID_ANGLE_UNIT ( ) );
#218 = DIRECTION ( 'NONE',  ( 0.000000000000000000, -0.9975640502598139836, 0.06975647374427275393 ) ) ;
#219 = ORIENTED_EDGE ( 'NONE', *, *, #1152, .T. ) ;
#220 = VECTOR ( 'NONE', #1641, 1000.000000000000000 ) ;
#221 =( NAMED_UNIT ( * ) PLANE_ANGLE_UNIT ( ) SI_UNIT ( $, .RADIAN. ) );
#222 = VECTOR ( 'NONE', #2883, 1000.000000000000000 ) ;
#223 = FILL_AREA_STYLE_COLOUR ( '', #786 ) ;
#224 = FILL_AREA_STYLE ('',( #3457 ) ) ;
#225 =( GEOMETRIC_REPRESENTATION_CONTEXT ( 3 ) GLOBAL_UNCERTAINTY_ASSIGNED_CONTEXT ( ( #3120 ) ) GLOBAL_UNIT_ASSIGNED_CONTEXT ( ( #3274, #2985, #1212 ) ) REPRESENTATION_CONTEXT ( 'NONE', 'WORKASPACE' ) );
#226 =( NAMED_UNIT ( * ) PLANE_ANGLE_UNIT ( ) SI_UNIT ( $, .RADIAN. ) );
#227 = DIRECTION ( 'NONE',  ( -0.9945218953682343210, 0.000000000000000000, 0.1045284632680246462 ) ) ;
#228 = MECHANICAL_DESIGN_GEOMETRIC_PRESENTATION_REPRESENTATION (  '', ( #3590 ), #2413 ) ;
#229 = EDGE_CURVE ( 'NONE', #3268, #1479, #944, .T. ) ;
#230 =( NAMED_UNIT ( * ) SI_UNIT ( $, .STERADIAN. ) SOLID_ANGLE_UNIT ( ) );
#231 = AXIS2_PLACEMENT_3D ( 'NONE', #3401, #2787, #3669 ) ;
#232 = ORIENTED_EDGE ( 'NONE', *, *, #2804, .F. ) ;
#233 = PRESENTATION_STYLE_ASSIGNMENT (( #1935 ) ) ;
#234 = SURFACE_SIDE_STYLE ('',( #2364 ) ) ;
#235 = FILL_AREA_STYLE ('',( #2002 ) ) ;
#236 = CARTESIAN_POINT ( 'NONE',  ( 2.947500000000000231, -5.500593801517999815, 1.624777735194000039 ) ) ;
#237 = EDGE_LOOP ( 'NONE', ( #1673, #817, #757, #2242 ) ) ;
#238 = PRESENTATION_STYLE_ASSIGNMENT (( #1718 ) ) ;
#239 = ORIENTED_EDGE ( 'NONE', *, *, #1738, .F. ) ;
#240 = CARTESIAN_POINT ( 'NONE',  ( 5.099999999999999645, -2.757499999999999840, 1.294999999999999929 ) ) ;
#241 = ORIENTED_EDGE ( 'NONE', *, *, #3753, .T. ) ;
#242 = DIRECTION ( 'NONE',  ( -1.000000000000000000, 0.000000000000000000, 0.000000000000000000 ) ) ;
#243 = CARTESIAN_POINT ( 'NONE',  ( 0.000000000000000000, -4.694677980796000405, 3.290000000000000036 ) ) ;
#244 = DIRECTION ( 'NONE',  ( 1.000000000000000000, 0.000000000000000000, 0.000000000000000000 ) ) ;
#245 = DIRECTION ( 'NONE',  ( 1.000000000000000000, 0.000000000000000000, 0.000000000000000000 ) ) ;
#246 = CARTESIAN_POINT ( 'NONE',  ( -2.132499999999999840, -5.938266594751000049, 1.100000000000000089 ) ) ;
#247 = LINE ( 'NONE', #3814, #1113 ) ;
#248 = APPLICATION_PROTOCOL_DEFINITION ( 'draft international standard', 'automotive_design', 1998, #3545 ) ;
#249 = UNCERTAINTY_MEASURE_WITH_UNIT (LENGTH_MEASURE( 1.000000000000000082E-05 ), #2908, 'distance_accuracy_value', 'NONE');
#250 = LINE ( 'NONE', #2923, #724 ) ;
#251 = ADVANCED_FACE ( 'NONE', ( #1867 ), #1232, .T. ) ;
#252 = ORIENTED_EDGE ( 'NONE', *, *, #2804, .T. ) ;
#253 = FACE_OUTER_BOUND ( 'NONE', #955, .T. ) ;
#254 = CARTESIAN_POINT ( 'NONE',  ( -2.540000000000000036, -7.837500000000000355, 0.5250000000000000222 ) ) ;
#255 = DIRECTION ( 'NONE',  ( 0.000000000000000000, 0.000000000000000000, -1.000000000000000000 ) ) ;
#256 = VERTEX_POINT ( 'NONE', #3033 ) ;
#257 = DIRECTION ( 'NONE',  ( 1.000000000000000000, 0.000000000000000000, 0.000000000000000000 ) ) ;
#258 = COLOUR_RGB ( '',0.2862745098039215508, 0.2862745098039215508, 0.2862745098039215508 ) ;
#259 = EDGE_CURVE ( 'NONE', #199, #2913, #3665, .T. ) ;
#260 = PRESENTATION_LAYER_ASSIGNMENT (  '', '', ( #3003 ) ) ;
#261 = EDGE_LOOP ( 'NONE', ( #3830, #2645, #1700, #2195 ) ) ;
#262 = DIRECTION ( 'NONE',  ( 1.000000000000000000, 0.000000000000000000, 0.000000000000000000 ) ) ;
#263 = PRODUCT ( 'base', 'base', '', ( #2901 ) ) ;
#264 = CARTESIAN_POINT ( 'NONE',  ( 2.947500000000000231, -5.500593801517943859, 1.624777735193996264 ) ) ;
#265 = SURFACE_STYLE_FILL_AREA ( #224 ) ;
#266 = AXIS2_PLACEMENT_3D ( 'NONE', #1429, #2620, #3461 ) ;
#267 = SURFACE_STYLE_USAGE ( .BOTH. , #1706 ) ;
#268 = SURFACE_STYLE_USAGE ( .BOTH. , #3541 ) ;
#269 = VECTOR ( 'NONE', #507, 1000.000000000000000 ) ;
#270 = ITEM_DEFINED_TRANSFORMATION ( 'NONE', 'NONE', #3854,  #2476 ) ;
#271 = CARTESIAN_POINT ( 'NONE',  ( -2.220446049249999903E-15, 4.808007999481000105, 4.799999999999999822 ) ) ;
#272 = ORIENTED_EDGE ( 'NONE', *, *, #1240, .F. ) ;
#273 = EDGE_CURVE ( 'NONE', #660, #3247, #2466, .T. ) ;
#274 = DIRECTION ( 'NONE',  ( -1.000000000000000000, 0.000000000000000000, 0.000000000000000000 ) ) ;
#275 =( NAMED_UNIT ( * ) PLANE_ANGLE_UNIT ( ) SI_UNIT ( $, .RADIAN. ) );
#276 =( NAMED_UNIT ( * ) SI_UNIT ( $, .STERADIAN. ) SOLID_ANGLE_UNIT ( ) );
#277 = AXIS2_PLACEMENT_3D ( 'NONE', #3743, #1675, #111 ) ;
#278 = ORIENTED_EDGE ( 'NONE', *, *, #1101, .F. ) ;
#279 = SURFACE_SIDE_STYLE ('',( #1982 ) ) ;
#280 = EDGE_CURVE ( 'NONE', #1416, #3641, #3344, .T. ) ;
#281 =( LENGTH_UNIT ( ) NAMED_UNIT ( * ) SI_UNIT ( .MILLI., .METRE. ) );
#282 = MECHANICAL_DESIGN_GEOMETRIC_PRESENTATION_REPRESENTATION (  '', ( #852 ), #2962 ) ;
#283 = SURFACE_SIDE_STYLE ('',( #2955 ) ) ;
#284 = VERTEX_POINT ( 'NONE', #3647 ) ;
#285 = FILL_AREA_STYLE ('',( #2696 ) ) ;
#286 = DIRECTION ( 'NONE',  ( -0.000000000000000000, 0.000000000000000000, 1.000000000000000000 ) ) ;
#287 = AXIS2_PLACEMENT_3D ( 'NONE', #2595, #2900, #2017 ) ;
#288 = CARTESIAN_POINT ( 'NONE',  ( -3.099999999999969891, 7.712499999999879563, 1.295000000000000151 ) ) ;
#289 = PRESENTATION_LAYER_ASSIGNMENT (  '', '', ( #2967 ) ) ;
#290 = VECTOR ( 'NONE', #3777, 1000.000000000000000 ) ;
#291 = PLANE ( 'NONE',  #1987 ) ;
#292 =( NAMED_UNIT ( * ) SI_UNIT ( $, .STERADIAN. ) SOLID_ANGLE_UNIT ( ) );
#293 = CARTESIAN_POINT ( 'NONE',  ( 4.731609655392650993, -0.4849999999999999867, 4.799999999999858602 ) ) ;
#294 = UNCERTAINTY_MEASURE_WITH_UNIT (LENGTH_MEASURE( 1.000000000000000082E-05 ), #2326, 'distance_accuracy_value', 'NONE');
#295 =( GEOMETRIC_REPRESENTATION_CONTEXT ( 3 ) GLOBAL_UNCERTAINTY_ASSIGNED_CONTEXT ( ( #3298 ) ) GLOBAL_UNIT_ASSIGNED_CONTEXT ( ( #281, #3204, #1458 ) ) REPRESENTATION_CONTEXT ( 'NONE', 'WORKASPACE' ) );
#296 = LINE ( 'NONE', #2297, #32 ) ;
#297 = ORIENTED_EDGE ( 'NONE', *, *, #3699, .T. ) ;
#298 = AXIS2_PLACEMENT_3D ( 'NONE', #664, #966, #1221 ) ;
#299 = AXIS2_PLACEMENT_3D ( 'NONE', #1887, #645, #1869 ) ;
#300 =( GEOMETRIC_REPRESENTATION_CONTEXT ( 3 ) GLOBAL_UNCERTAINTY_ASSIGNED_CONTEXT ( ( #608 ) ) GLOBAL_UNIT_ASSIGNED_CONTEXT ( ( #3446, #3178, #1131 ) ) REPRESENTATION_CONTEXT ( 'NONE', 'WORKASPACE' ) );
#301 = FILL_AREA_STYLE_COLOUR ( '', #3074 ) ;
#302 = ORIENTED_EDGE ( 'NONE', *, *, #892, .F. ) ;
#303 = PLANE ( 'NONE',  #1535 ) ;
#304 = STYLED_ITEM ( 'NONE', ( #3587 ), #2743 ) ;
#305 = FACE_OUTER_BOUND ( 'NONE', #1588, .T. ) ;
#306 = EDGE_CURVE ( 'NONE', #1023, #1743, #2732, .T. ) ;
#307 = EDGE_LOOP ( 'NONE', ( #193, #2306, #1105, #1434, #3181 ) ) ;
#308 = CARTESIAN_POINT ( 'NONE',  ( 4.425806578238000277, 0.7178360569389999890, 0.000000000000000000 ) ) ;
#309 =( NAMED_UNIT ( * ) SI_UNIT ( $, .STERADIAN. ) SOLID_ANGLE_UNIT ( ) );
#310 = LINE ( 'NONE', #3215, #1992 ) ;
#311 = DIRECTION ( 'NONE',  ( -0.000000000000000000, -0.06975647374411773904, -0.9975640502598247528 ) ) ;
#312 = LINE ( 'NONE', #1486, #2835 ) ;
#313 = CARTESIAN_POINT ( 'NONE',  ( 4.994403345569733865, 0.8378985527547947454, 2.299685055394010469 ) ) ;
#314 = SHAPE_REPRESENTATION ( 'pin3', ( #2476 ), #3784 ) ;
#315 = EDGE_LOOP ( 'NONE', ( #3039, #3020, #1049, #1622 ) ) ;
#316 = DIRECTION ( 'NONE',  ( 0.1045284632680246323, 0.000000000000000000, 0.9945218953682342100 ) ) ;
#317 = FILL_AREA_STYLE ('',( #3567 ) ) ;
#318 = ORIENTED_EDGE ( 'NONE', *, *, #2009, .F. ) ;
#319 =( LENGTH_UNIT ( ) NAMED_UNIT ( * ) SI_UNIT ( .MILLI., .METRE. ) );
#320 = PRESENTATION_LAYER_ASSIGNMENT (  '', '', ( #3739 ) ) ;
#321 = CARTESIAN_POINT ( 'NONE',  ( -2.132499999999999840, -3.062821454583999792, 4.336808689942017736E-16 ) ) ;
#322 = EDGE_CURVE ( 'NONE', #894, #499, #1835, .T. ) ;
#323 = CARTESIAN_POINT ( 'NONE',  ( -2.540000000000000036, -5.326020092722000498, 1.612570352289000031 ) ) ;
#324 = VECTOR ( 'NONE', #2581, 1000.000000000000000 ) ;
#325 = SURFACE_STYLE_USAGE ( .BOTH. , #1818 ) ;
#326 = DIRECTION ( 'NONE',  ( -0.000000000000000000, -0.000000000000000000, -1.000000000000000000 ) ) ;
#327 = DIRECTION ( 'NONE',  ( 0.000000000000000000, 0.000000000000000000, -1.000000000000000000 ) ) ;
#328 = DIRECTION ( 'NONE',  ( 1.000000000000000000, 0.000000000000000000, 0.000000000000000000 ) ) ;
#329 = MECHANICAL_DESIGN_GEOMETRIC_PRESENTATION_REPRESENTATION (  '', ( #197 ), #2755 ) ;
#330 = UNCERTAINTY_MEASURE_WITH_UNIT (LENGTH_MEASURE( 1.000000000000000082E-05 ), #1475, 'distance_accuracy_value', 'NONE');
#331 = EDGE_CURVE ( 'NONE', #3373, #773, #735, .T. ) ;
#332 = EDGE_LOOP ( 'NONE', ( #2193, #3749, #2345, #452, #3389, #2756 ) ) ;
#333 = VECTOR ( 'NONE', #802, 1000.000000000000000 ) ;
#334 = CARTESIAN_POINT ( 'NONE',  ( 2.132499999999999840, -4.802298966336028485, 1.575948203573062978 ) ) ;
#335 = SURFACE_SIDE_STYLE ('',( #2994 ) ) ;
#336 = ORIENTED_EDGE ( 'NONE', *, *, #1101, .T. ) ;
#337 = ORIENTED_EDGE ( 'NONE', *, *, #385, .T. ) ;
#338 = SURFACE_SIDE_STYLE ('',( #624 ) ) ;
#339 = CARTESIAN_POINT ( 'NONE',  ( -4.731609655392650993, 4.089999999999999858, 4.799999999999858602 ) ) ;
#340 = CARTESIAN_POINT ( 'NONE',  ( 5.099999999999999645, 0.000000000000000000, 4.799999999988813215 ) ) ;
#341 = VECTOR ( 'NONE', #3656, 1000.000000000000114 ) ;
#342 = SURFACE_SIDE_STYLE ('',( #2149 ) ) ;
#343 = STYLED_ITEM ( 'NONE', ( #2468 ), #2518 ) ;
#344 =( GEOMETRIC_REPRESENTATION_CONTEXT ( 3 ) GLOBAL_UNCERTAINTY_ASSIGNED_CONTEXT ( ( #2142 ) ) GLOBAL_UNIT_ASSIGNED_CONTEXT ( ( #1727, #3569, #864 ) ) REPRESENTATION_CONTEXT ( 'NONE', 'WORKASPACE' ) );
#345 = ORIENTED_EDGE ( 'NONE', *, *, #70, .T. ) ;
#346 = VERTEX_POINT ( 'NONE', #3413 ) ;
#347 = ADVANCED_FACE ( 'NONE', ( #3104 ), #3726, .T. ) ;
#348 = FACE_OUTER_BOUND ( 'NONE', #1277, .T. ) ;
#349 = AXIS2_PLACEMENT_3D ( 'NONE', #243, #286, #1788 ) ;
#350 = AXIS2_PLACEMENT_3D ( 'NONE', #866, #1425, #3499 ) ;
#351 =( GEOMETRIC_REPRESENTATION_CONTEXT ( 3 ) GLOBAL_UNCERTAINTY_ASSIGNED_CONTEXT ( ( #1739 ) ) GLOBAL_UNIT_ASSIGNED_CONTEXT ( ( #775, #2586, #1027 ) ) REPRESENTATION_CONTEXT ( 'NONE', 'WORKASPACE' ) );
#352 = COLOUR_RGB ( '',0.8980392156862745390, 0.8980392156862745390, 0.8980392156862745390 ) ;
#353 = MECHANICAL_DESIGN_GEOMETRIC_PRESENTATION_REPRESENTATION (  '', ( #545 ), #3035 ) ;
#354 = DIRECTION ( 'NONE',  ( 0.000000000000000000, 0.06975647374468138540, 0.9975640502597853398 ) ) ;
#355 = VERTEX_POINT ( 'NONE', #3687 ) ;
#356 = PLANE ( 'NONE',  #457 ) ;
#357 = EDGE_LOOP ( 'NONE', ( #3187, #1480, #3420, #3474, #1397, #1057, #2252, #2325 ) ) ;
#358 = CIRCLE ( 'NONE', #2043, 0.8000000000000000444 ) ;
#359 =( NAMED_UNIT ( * ) PLANE_ANGLE_UNIT ( ) SI_UNIT ( $, .RADIAN. ) );
#360 = DIRECTION ( 'NONE',  ( 0.1045284632680246323, 0.000000000000000000, -0.9945218953682342100 ) ) ;
#361 = DIRECTION ( 'NONE',  ( -0.9701425001453318764, -0.2425356250363333022, 0.000000000000000000 ) ) ;
#362 = UNCERTAINTY_MEASURE_WITH_UNIT (LENGTH_MEASURE( 1.000000000000000082E-05 ), #1580, 'distance_accuracy_value', 'NONE');
#363 =( LENGTH_UNIT ( ) NAMED_UNIT ( * ) SI_UNIT ( .MILLI., .METRE. ) );
#364 = ORIENTED_EDGE ( 'NONE', *, *, #874, .T. ) ;
#365 = DIRECTION ( 'NONE',  ( 0.000000000000000000, 0.000000000000000000, 1.000000000000000000 ) ) ;
#366 =( LENGTH_UNIT ( ) NAMED_UNIT ( * ) SI_UNIT ( .MILLI., .METRE. ) );
#367 = EDGE_CURVE ( 'NONE', #499, #3268, #2587, .T. ) ;
#368 =( LENGTH_UNIT ( ) NAMED_UNIT ( * ) SI_UNIT ( .MILLI., .METRE. ) );
#369 =( LENGTH_UNIT ( ) NAMED_UNIT ( * ) SI_UNIT ( .MILLI., .METRE. ) );
#370 = ORIENTED_EDGE ( 'NONE', *, *, #868, .T. ) ;
#371 = ADVANCED_FACE ( 'NONE', ( #1906 ), #1319, .F. ) ;
#372 = AXIS2_PLACEMENT_3D ( 'NONE', #1644, #2839, #2857 ) ;
#373 = CARTESIAN_POINT ( 'NONE',  ( 2.549999999999999822, 6.377500000000153157, 1.295000000000015916 ) ) ;
#374 = CARTESIAN_POINT ( 'NONE',  ( -1.830000000000000071, -4.358383522610999705, 2.589999999999999858 ) ) ;
#375 = DIRECTION ( 'NONE',  ( 0.000000000000000000, 0.000000000000000000, -1.000000000000000000 ) ) ;
#376 = FILL_AREA_STYLE ('',( #3653 ) ) ;
#377 = PRESENTATION_LAYER_ASSIGNMENT (  '', '', ( #2069 ) ) ;
#378 = PRESENTATION_STYLE_ASSIGNMENT (( #3054 ) ) ;
#379 = STYLED_ITEM ( 'NONE', ( #3021 ), #829 ) ;
#380 = EDGE_CURVE ( 'NONE', #2913, #3373, #2382, .T. ) ;
#381 = FACE_OUTER_BOUND ( 'NONE', #2490, .T. ) ;
#382 = VECTOR ( 'NONE', #2224, 1000.000000000000000 ) ;
#383 = FILL_AREA_STYLE ('',( #1827 ) ) ;
#384 = ORIENTED_EDGE ( 'NONE', *, *, #3584, .F. ) ;
#385 = EDGE_CURVE ( 'NONE', #1559, #3357, #3141, .T. ) ;
#386 = SURFACE_STYLE_USAGE ( .BOTH. , #3341 ) ;
#387 = ORIENTED_EDGE ( 'NONE', *, *, #495, .T. ) ;
#388 = SURFACE_STYLE_USAGE ( .BOTH. , #3308 ) ;
#389 = CARTESIAN_POINT ( 'NONE',  ( -2.132499999999999840, -5.500593801517943859, 1.624777735193996264 ) ) ;
#390 = SURFACE_STYLE_USAGE ( .BOTH. , #3292 ) ;
#391 = DIRECTION ( 'NONE',  ( -1.000000000000000000, 0.000000000000000000, -0.000000000000000000 ) ) ;
#392 = CARTESIAN_POINT ( 'NONE',  ( -5.100000000000076916, -2.757499999999999396, 1.295000000000007478 ) ) ;
#393 = CIRCLE ( 'NONE', #2395, 0.3999999999999999667 ) ;
#394 =( NAMED_UNIT ( * ) PLANE_ANGLE_UNIT ( ) SI_UNIT ( $, .RADIAN. ) );
#395 = STYLED_ITEM ( 'NONE', ( #2102 ), #1603 ) ;
#396 = SURFACE_STYLE_FILL_AREA ( #3072 ) ;
#397 =( LENGTH_UNIT ( ) NAMED_UNIT ( * ) SI_UNIT ( .MILLI., .METRE. ) );
#398 = CARTESIAN_POINT ( 'NONE',  ( -1.040833984342000029, -4.347500000000000142, 3.115000000000000213 ) ) ;
#399 = STYLED_ITEM ( 'NONE', ( #3796 ), #2406 ) ;
#400 = CARTESIAN_POINT ( 'NONE',  ( -4.731609655394000136, 1.802499999999999991, 4.799999999999999822 ) ) ;
#401 = VECTOR ( 'NONE', #865, 1000.000000000000000 ) ;
#402 = SURFACE_SIDE_STYLE ('',( #723 ) ) ;
#403 = VECTOR ( 'NONE', #2275, 1000.000000000000000 ) ;
#404 = VECTOR ( 'NONE', #214, 1000.000000000000000 ) ;
#405 = CIRCLE ( 'NONE', #1536, 1.056647765655132076 ) ;
#406 = DIRECTION ( 'NONE',  ( 0.000000000000000000, 0.000000000000000000, -1.000000000000000000 ) ) ;
#407 =( LENGTH_UNIT ( ) NAMED_UNIT ( * ) SI_UNIT ( .MILLI., .METRE. ) );
#408 = VERTEX_POINT ( 'NONE', #178 ) ;
#409 = VERTEX_POINT ( 'NONE', #3748 ) ;
#410 = LINE ( 'NONE', #76, #3029 ) ;
#411 = COLOUR_RGB ( '',0.8980392156862745390, 0.8980392156862745390, 0.8980392156862745390 ) ;
#412 = EDGE_CURVE ( 'NONE', #3278, #2776, #2260, .T. ) ;
#413 = ORIENTED_EDGE ( 'NONE', *, *, #2355, .T. ) ;
#414 = SURFACE_STYLE_FILL_AREA ( #2446 ) ;
#415 = FACE_OUTER_BOUND ( 'NONE', #593, .T. ) ;
#416 = PRESENTATION_LAYER_ASSIGNMENT (  '', '', ( #1188 ) ) ;
#417 = CARTESIAN_POINT ( 'NONE',  ( -4.731609655393230973, -0.9903499657522626398, 4.799999999994335909 ) ) ;
#418 =( GEOMETRIC_REPRESENTATION_CONTEXT ( 3 ) GLOBAL_UNCERTAINTY_ASSIGNED_CONTEXT ( ( #3797 ) ) GLOBAL_UNIT_ASSIGNED_CONTEXT ( ( #1168, #1493, #1855 ) ) REPRESENTATION_CONTEXT ( 'NONE', 'WORKASPACE' ) );
#419 = PRESENTATION_STYLE_ASSIGNMENT (( #1686 ) ) ;
#420 = DIRECTION ( 'NONE',  ( 0.000000000000000000, 1.000000000000000000, -0.000000000000000000 ) ) ;
#421 = PLANE ( 'NONE',  #2968 ) ;
#422 = SURFACE_SIDE_STYLE ('',( #461 ) ) ;
#423 = SHAPE_REPRESENTATION ( 'pin1', ( #2476 ), #991 ) ;
#424 = PLANE ( 'NONE',  #2357 ) ;
#425 = ORIENTED_EDGE ( 'NONE', *, *, #2566, .F. ) ;
#426 = CARTESIAN_POINT ( 'NONE',  ( -2.132499999999999840, -7.837500000000000355, 0.7000000000000000666 ) ) ;
#427 = VERTEX_POINT ( 'NONE', #938 ) ;
#428 = UNCERTAINTY_MEASURE_WITH_UNIT (LENGTH_MEASURE( 1.000000000000000082E-05 ), #1423, 'distance_accuracy_value', 'NONE');
#429 = LINE ( 'NONE', #2287, #404 ) ;
#430 = SURFACE_SIDE_STYLE ('',( #1942 ) ) ;
#431 = ORIENTED_EDGE ( 'NONE', *, *, #3333, .T. ) ;
#432 = EDGE_CURVE ( 'NONE', #2118, #427, #633, .T. ) ;
#433 = DIRECTION ( 'NONE',  ( 1.000000000000000000, 0.000000000000000000, -0.000000000000000000 ) ) ;
#434 = COLOUR_RGB ( '',0.2862745098039215508, 0.2862745098039215508, 0.2862745098039215508 ) ;
#435 = SURFACE_STYLE_USAGE ( .BOTH. , #2489 ) ;
#436 = DIRECTION ( 'NONE',  ( 0.000000000000000000, 0.000000000000000000, 1.000000000000000000 ) ) ;
#437 = CARTESIAN_POINT ( 'NONE',  ( -5.099999999999998757, 6.377500000000000391, 1.294999999999999929 ) ) ;
#438 = SURFACE_STYLE_USAGE ( .BOTH. , #1167 ) ;
#439 = ADVANCED_FACE ( 'NONE', ( #1421 ), #2121, .T. ) ;
#440 = VECTOR ( 'NONE', #3318, 1000.000000000000000 ) ;
#441 = ORIENTED_EDGE ( 'NONE', *, *, #380, .F. ) ;
#442 = STYLED_ITEM ( 'NONE', ( #934 ), #689 ) ;
#443 = LINE ( 'NONE', #3114, #2383 ) ;
#444 = EDGE_CURVE ( 'NONE', #408, #1658, #2616, .T. ) ;
#445 = VECTOR ( 'NONE', #895, 1000.000000000000114 ) ;
#446 = CARTESIAN_POINT ( 'NONE',  ( 0.000000000000000000, -4.347500000000000142, 3.290000000000000036 ) ) ;
#447 = AXIS2_PLACEMENT_3D ( 'NONE', #1949, #3148, #927 ) ;
#448 = ORIENTED_EDGE ( 'NONE', *, *, #2539, .F. ) ;
#449 = EDGE_LOOP ( 'NONE', ( #2871, #828, #3380, #2627 ) ) ;
#450 = SURFACE_SIDE_STYLE ('',( #1335 ) ) ;
#451 = FILL_AREA_STYLE_COLOUR ( '', #2241 ) ;
#452 = ORIENTED_EDGE ( 'NONE', *, *, #2781, .F. ) ;
#453 = FILL_AREA_STYLE ('',( #1321 ) ) ;
#454 = CARTESIAN_POINT ( 'NONE',  ( -2.366754509860000094E-15, 0.7178360569390001000, 0.000000000000000000 ) ) ;
#455 = ADVANCED_FACE ( 'NONE', ( #1542 ), #530, .F. ) ;
#456 = PLANE ( 'NONE',  #372 ) ;
#457 = AXIS2_PLACEMENT_3D ( 'NONE', #20, #2746, #1261 ) ;
#458 = EDGE_CURVE ( 'NONE', #3697, #1263, #2034, .T. ) ;
#459 = EDGE_LOOP ( 'NONE', ( #2677, #1670, #2789, #3727 ) ) ;
#460 = DIRECTION ( 'NONE',  ( -0.000000000000000000, -1.000000000000000000, 0.000000000000000000 ) ) ;
#461 = SURFACE_STYLE_FILL_AREA ( #1652 ) ;
#462 = FILL_AREA_STYLE_COLOUR ( '', #3400 ) ;
#463 = CIRCLE ( 'NONE', #923, 0.3999999999999999667 ) ;
#464 = DIRECTION ( 'NONE',  ( 0.1039620511848646928, -0.1039620511846927886, -0.9891328443777949175 ) ) ;
#465 = ORIENTED_EDGE ( 'NONE', *, *, #458, .F. ) ;
#466 = DIRECTION ( 'NONE',  ( -0.000000000000000000, 1.000000000000000000, 0.000000000000000000 ) ) ;
#467 = ORIENTED_EDGE ( 'NONE', *, *, #331, .T. ) ;
#468 = UNCERTAINTY_MEASURE_WITH_UNIT (LENGTH_MEASURE( 1.000000000000000082E-05 ), #1956, 'distance_accuracy_value', 'NONE');
#469 = MECHANICAL_DESIGN_GEOMETRIC_PRESENTATION_REPRESENTATION (  '', ( #3337 ), #295 ) ;
#470 = VECTOR ( 'NONE', #2338, 1000.000000000000000 ) ;
#471 = SURFACE_SIDE_STYLE ('',( #2517 ) ) ;
#472 = EDGE_CURVE ( 'NONE', #2562, #1635, #2010, .T. ) ;
#473 = MECHANICAL_DESIGN_GEOMETRIC_PRESENTATION_REPRESENTATION (  '', ( #3845 ), #1046 ) ;
#474 = CARTESIAN_POINT ( 'NONE',  ( -4.731609655392650993, 4.808007999481000105, 4.799999999999858602 ) ) ;
#475 = DIRECTION ( 'NONE',  ( 1.000000000000000000, 0.000000000000000000, 0.000000000000000000 ) ) ;
#476 = ORIENTED_EDGE ( 'NONE', *, *, #1266, .T. ) ;
#477 =( NAMED_UNIT ( * ) SI_UNIT ( $, .STERADIAN. ) SOLID_ANGLE_UNIT ( ) );
#478 = PRESENTATION_LAYER_ASSIGNMENT (  '', '', ( #2155 ) ) ;
#479 = PRESENTATION_STYLE_ASSIGNMENT (( #2529 ) ) ;
#480 = SURFACE_STYLE_FILL_AREA ( #2551 ) ;
#481 = SURFACE_STYLE_USAGE ( .BOTH. , #2554 ) ;
#482 = AXIS2_PLACEMENT_3D ( 'NONE', #1160, #2899, #2573 ) ;
#483 = ORIENTED_EDGE ( 'NONE', *, *, #385, .F. ) ;
#484 = CARTESIAN_POINT ( 'NONE',  ( -4.425806578238000277, 6.377500000000000391, 0.000000000000000000 ) ) ;
#485 = EDGE_CURVE ( 'NONE', #860, #1457, #2914, .T. ) ;
#486 = CARTESIAN_POINT ( 'NONE',  ( -2.540000000000000036, -0.8856861454980000659, 3.290000000000000036 ) ) ;
#487 = CARTESIAN_POINT ( 'NONE',  ( 2.549999999999999822, 6.377500000000153157, 1.295000000000015916 ) ) ;
#488 = EDGE_LOOP ( 'NONE', ( #2290, #2649, #2049, #1814 ) ) ;
#489 = LINE ( 'NONE', #1315, #1403 ) ;
#490 = ORIENTED_EDGE ( 'NONE', *, *, #2855, .F. ) ;
#491 = DIRECTION ( 'NONE',  ( 1.000000000000000000, 0.000000000000000000, 0.000000000000000000 ) ) ;
#492 = DIRECTION ( 'NONE',  ( 0.000000000000000000, -0.000000000000000000, -1.000000000000000000 ) ) ;
#493 = EDGE_LOOP ( 'NONE', ( #3553, #2929, #219, #2993, #1975, #2869 ) ) ;
#494 = CARTESIAN_POINT ( 'NONE',  ( 4.425806578238000277, 6.377500000000000391, 0.000000000000000000 ) ) ;
#495 = EDGE_CURVE ( 'NONE', #3745, #1526, #687, .T. ) ;
#496 = DIRECTION ( 'NONE',  ( 0.000000000000000000, 0.000000000000000000, 1.000000000000000000 ) ) ;
#497 = FACE_OUTER_BOUND ( 'NONE', #1337, .T. ) ;
#498 = SURFACE_SIDE_STYLE ('',( #845 ) ) ;
#499 = VERTEX_POINT ( 'NONE', #1001 ) ;
#500 = CARTESIAN_POINT ( 'NONE',  ( -4.425806578238000277, 0.7178360569389999890, 0.000000000000000000 ) ) ;
#501 = VECTOR ( 'NONE', #3505, 1000.000000000000000 ) ;
#502 = SURFACE_STYLE_USAGE ( .BOTH. , #2005 ) ;
#503 = ORIENTED_EDGE ( 'NONE', *, *, #444, .T. ) ;
#504 = UNCERTAINTY_MEASURE_WITH_UNIT (LENGTH_MEASURE( 1.000000000000000082E-05 ), #748, 'distance_accuracy_value', 'NONE');
#505 = ADVANCED_FACE ( 'NONE', ( #3353 ), #1274, .T. ) ;
#506 = VERTEX_POINT ( 'NONE', #2454 ) ;
#507 = DIRECTION ( 'NONE',  ( 0.000000000000000000, 0.000000000000000000, 1.000000000000000000 ) ) ;
#508 = LINE ( 'NONE', #3751, #2521 ) ;
#509 = DIRECTION ( 'NONE',  ( 0.000000000000000000, 1.000000000000000000, -1.362997016838999943E-16 ) ) ;
#510 = FILL_AREA_STYLE ('',( #2619 ) ) ;
#511 = PRESENTATION_STYLE_ASSIGNMENT (( #2858 ) ) ;
#512 =( NAMED_UNIT ( * ) SI_UNIT ( $, .STERADIAN. ) SOLID_ANGLE_UNIT ( ) );
#513 = PLANE ( 'NONE',  #2021 ) ;
#514 = FACE_OUTER_BOUND ( 'NONE', #493, .T. ) ;
#515 = UNCERTAINTY_MEASURE_WITH_UNIT (LENGTH_MEASURE( 1.000000000000000082E-05 ), #2829, 'distance_accuracy_value', 'NONE');
#516 =( NAMED_UNIT ( * ) PLANE_ANGLE_UNIT ( ) SI_UNIT ( $, .RADIAN. ) );
#517 = EDGE_LOOP ( 'NONE', ( #213, #3246, #1238, #49 ) ) ;
#518 = DIRECTION ( 'NONE',  ( 0.000000000000000000, 0.06975647374481558360, 0.9975640502597760140 ) ) ;
#519 = STYLED_ITEM ( 'NONE', ( #55 ), #1329 ) ;
#520 = SURFACE_STYLE_USAGE ( .BOTH. , #2907 ) ;
#521 = CARTESIAN_POINT ( 'NONE',  ( -4.731609655393230973, -0.9903499657522626398, 4.799999999994335909 ) ) ;
#522 = DIRECTION ( 'NONE',  ( -1.000000000000000000, 0.000000000000000000, 0.000000000000000000 ) ) ;
#523 = ORIENTED_EDGE ( 'NONE', *, *, #769, .F. ) ;
#524 = PRESENTATION_STYLE_ASSIGNMENT (( #1415 ) ) ;
#525 = ORIENTED_EDGE ( 'NONE', *, *, #2578, .F. ) ;
#526 = CARTESIAN_POINT ( 'NONE',  ( -0.7500000000000000000, -1.408298662706999993, 4.599999999999999645 ) ) ;
#527 = AXIS2_PLACEMENT_3D ( 'NONE', #3667, #48, #118 ) ;
#528 = EDGE_CURVE ( 'NONE', #3278, #2913, #443, .T. ) ;
#529 =( GEOMETRIC_REPRESENTATION_CONTEXT ( 3 ) GLOBAL_UNCERTAINTY_ASSIGNED_CONTEXT ( ( #1864 ) ) GLOBAL_UNIT_ASSIGNED_CONTEXT ( ( #644, #2939, #3275 ) ) REPRESENTATION_CONTEXT ( 'NONE', 'WORKASPACE' ) );
#530 = PLANE ( 'NONE',  #3259 ) ;
#531 = ORIENTED_EDGE ( 'NONE', *, *, #3374, .F. ) ;
#532 = VECTOR ( 'NONE', #710, 1000.000000000000227 ) ;
#533 = CARTESIAN_POINT ( 'NONE',  ( 1.830000000000000071, -4.694677980796000405, 3.290000000000000036 ) ) ;
#534 = EDGE_CURVE ( 'NONE', #3042, #284, #2156, .T. ) ;
#535 = SURFACE_STYLE_FILL_AREA ( #1684 ) ;
#536 = PRESENTATION_LAYER_ASSIGNMENT (  '', '', ( #1418 ) ) ;
#537 = DIRECTION ( 'NONE',  ( -0.000000000000000000, 1.000000000000000000, 0.000000000000000000 ) ) ;
#538 = CARTESIAN_POINT ( 'NONE',  ( 0.7099999999999999645, -3.398914153144999784, 2.678054659170999940 ) ) ;
#539 = SURFACE_STYLE_FILL_AREA ( #1096 ) ;
#540 = CARTESIAN_POINT ( 'NONE',  ( 4.731609655393905101, 0.9903499657522626398, 4.799999999994406075 ) ) ;
#541 = AXIS2_PLACEMENT_3D ( 'NONE', #2212, #3406, #749 ) ;
#542 = ITEM_DEFINED_TRANSFORMATION ( 'NONE', 'NONE', #482,  #2476 ) ;
#543 = DIRECTION ( 'NONE',  ( -0.000000000000000000, 2.478176394252999853E-17, 1.000000000000000000 ) ) ;
#544 = PRODUCT_DEFINITION_SHAPE ( 'NONE', 'NONE',  #3860 ) ;
#545 = STYLED_ITEM ( 'NONE', ( #2239 ), #3419 ) ;
#546 = ORIENTED_EDGE ( 'NONE', *, *, #642, .T. ) ;
#547 = FILL_AREA_STYLE_COLOUR ( '', #3263 ) ;
#548 = STYLED_ITEM ( 'NONE', ( #3321 ), #3604 ) ;
#549 =( NAMED_UNIT ( * ) SI_UNIT ( $, .STERADIAN. ) SOLID_ANGLE_UNIT ( ) );
#550 = MECHANICAL_DESIGN_GEOMETRIC_PRESENTATION_REPRESENTATION (  '', ( #1665 ), #1846 ) ;
#551 =( NAMED_UNIT ( * ) PLANE_ANGLE_UNIT ( ) SI_UNIT ( $, .RADIAN. ) );
#552 = EDGE_LOOP ( 'NONE', ( #337, #3760, #1170, #3118 ) ) ;
#553 = UNCERTAINTY_MEASURE_WITH_UNIT (LENGTH_MEASURE( 1.000000000000000082E-05 ), #2451, 'distance_accuracy_value', 'NONE');
#554 = SURFACE_STYLE_USAGE ( .BOTH. , #3305 ) ;
#555 = ORIENTED_EDGE ( 'NONE', *, *, #1742, .T. ) ;
#556 = CARTESIAN_POINT ( 'NONE',  ( 5.099999999999999645, 0.000000000000000000, 1.294999999999999929 ) ) ;
#557 = CARTESIAN_POINT ( 'NONE',  ( -1.830000000000000071, -0.8856861454980000659, 2.589999999999999858 ) ) ;
#558 =( NAMED_UNIT ( * ) SI_UNIT ( $, .STERADIAN. ) SOLID_ANGLE_UNIT ( ) );
#559 = CARTESIAN_POINT ( 'NONE',  ( -3.250000000000000888, -0.8856861454980000659, 2.589999999999999858 ) ) ;
#560 = PLANE ( 'NONE',  #3376 ) ;
#561 = SURFACE_STYLE_FILL_AREA ( #2700 ) ;
#562 = DIRECTION ( 'NONE',  ( 0.000000000000000000, 0.000000000000000000, -1.000000000000000000 ) ) ;
#563 =( NAMED_UNIT ( * ) SI_UNIT ( $, .STERADIAN. ) SOLID_ANGLE_UNIT ( ) );
#564 = UNCERTAINTY_MEASURE_WITH_UNIT (LENGTH_MEASURE( 1.000000000000000082E-05 ), #2229, 'distance_accuracy_value', 'NONE');
#565 = ORIENTED_EDGE ( 'NONE', *, *, #1152, .F. ) ;
#566 = EDGE_CURVE ( 'NONE', #346, #1279, #2769, .T. ) ;
#567 = SURFACE_SIDE_STYLE ('',( #613 ) ) ;
#568 =( NAMED_UNIT ( * ) SI_UNIT ( $, .STERADIAN. ) SOLID_ANGLE_UNIT ( ) );
#569 = FILL_AREA_STYLE ('',( #3245 ) ) ;
#570 = AXIS2_PLACEMENT_3D ( 'NONE', #1092, #204, #3480 ) ;
#571 = CARTESIAN_POINT ( 'NONE',  ( 2.540000000000000036, -4.912499999999999645, 0.000000000000000000 ) ) ;
#572 = EDGE_LOOP ( 'NONE', ( #29, #503, #953, #1260 ) ) ;
#573 = FILL_AREA_STYLE ('',( #3248 ) ) ;
#574 = VECTOR ( 'NONE', #2079, 1000.000000000000000 ) ;
#575 = CARTESIAN_POINT ( 'NONE',  ( 2.540000000000000036, -4.358383522610999705, 2.589999999999999858 ) ) ;
#576 = AXIS2_PLACEMENT_3D ( 'NONE', #3075, #667, #1040 ) ;
#577 = ORIENTED_EDGE ( 'NONE', *, *, #1349, .F. ) ;
#578 = CARTESIAN_POINT ( 'NONE',  ( -4.425806578238000277, 6.377500000000076774, 1.295000000000011919 ) ) ;
#579 = SURFACE_SIDE_STYLE ('',( #1179 ) ) ;
#580 = DIRECTION ( 'NONE',  ( 0.000000000000000000, 0.06975647374411773904, 0.9975640502598247528 ) ) ;
#581 = PRESENTATION_LAYER_ASSIGNMENT (  '', '', ( #831 ) ) ;
#582 = CARTESIAN_POINT ( 'NONE',  ( -3.250000000000000444, -0.8856861454980000659, 2.678054659170999940 ) ) ;
#583 = COLOUR_RGB ( '',0.2862745098039215508, 0.2862745098039215508, 0.2862745098039215508 ) ;
#584 = CARTESIAN_POINT ( 'NONE',  ( 5.099999999999999645, 7.712500000000000355, 0.000000000000000000 ) ) ;
#585 = PRESENTATION_STYLE_ASSIGNMENT (( #2641 ) ) ;
#586 = SHAPE_DEFINITION_REPRESENTATION ( #3005, #1241 ) ;
#587 = CARTESIAN_POINT ( 'NONE',  ( 2.947500000000000231, -5.539240974647717586, 1.072097410502048875 ) ) ;
#588 = VERTEX_POINT ( 'NONE', #2806 ) ;
#589 =( NAMED_UNIT ( * ) PLANE_ANGLE_UNIT ( ) SI_UNIT ( $, .RADIAN. ) );
#590 = ADVANCED_FACE ( 'NONE', ( #2477 ), #1308, .T. ) ;
#591 = FILL_AREA_STYLE_COLOUR ( '', #880 ) ;
#592 = PRESENTATION_LAYER_ASSIGNMENT (  '', '', ( #849 ) ) ;
#593 = EDGE_LOOP ( 'NONE', ( #2006, #1965, #112, #3064 ) ) ;
#594 = CARTESIAN_POINT ( 'NONE',  ( -5.099999999999999645, -2.757499999999999840, 0.000000000000000000 ) ) ;
#595 = CARTESIAN_POINT ( 'NONE',  ( -5.099999999999999645, 6.377500000000000391, 0.000000000000000000 ) ) ;
#596 =( LENGTH_UNIT ( ) NAMED_UNIT ( * ) SI_UNIT ( .MILLI., .METRE. ) );
#597 = ORIENTED_EDGE ( 'NONE', *, *, #2491, .T. ) ;
#598 =( NAMED_UNIT ( * ) PLANE_ANGLE_UNIT ( ) SI_UNIT ( $, .RADIAN. ) );
#599 = CARTESIAN_POINT ( 'NONE',  ( -4.871046512853147270, 0.9183806038007352734, 3.473346919773964814 ) ) ;
#600 = COLOUR_RGB ( '',0.2862745098039215508, 0.2862745098039215508, 0.2862745098039215508 ) ;
#601 = COLOUR_RGB ( '',0.8980392156862745390, 0.8980392156862745390, 0.8980392156862745390 ) ;
#602 = PRESENTATION_LAYER_ASSIGNMENT (  '', '', ( #1586 ) ) ;
#603 = STYLED_ITEM ( 'NONE', ( #1611 ), #1915 ) ;
#604 = CARTESIAN_POINT ( 'NONE',  ( 2.540000000000000036, -4.860460828702253266, 0.7441948210050176593 ) ) ;
#605 = DIRECTION ( 'NONE',  ( 0.000000000000000000, 0.06975647374411773904, 0.9975640502598247528 ) ) ;
#606 = FACE_OUTER_BOUND ( 'NONE', #3688, .T. ) ;
#607 = APPLICATION_PROTOCOL_DEFINITION ( 'draft international standard', 'automotive_design', 1998, #1733 ) ;
#608 = UNCERTAINTY_MEASURE_WITH_UNIT (LENGTH_MEASURE( 1.000000000000000082E-05 ), #3446, 'distance_accuracy_value', 'NONE');
#609 = COLOUR_RGB ( '',0.8980392156862745390, 0.8980392156862745390, 0.8980392156862745390 ) ;
#610 =( GEOMETRIC_REPRESENTATION_CONTEXT ( 3 ) GLOBAL_UNCERTAINTY_ASSIGNED_CONTEXT ( ( #2542 ) ) GLOBAL_UNIT_ASSIGNED_CONTEXT ( ( #2, #3197, #549 ) ) REPRESENTATION_CONTEXT ( 'NONE', 'WORKASPACE' ) );
#611 = ORIENTED_EDGE ( 'NONE', *, *, #1399, .F. ) ;
#612 = COLOUR_RGB ( '',0.8980392156862745390, 0.8980392156862745390, 0.8980392156862745390 ) ;
#613 = SURFACE_STYLE_FILL_AREA ( #3602 ) ;
#614 =( GEOMETRIC_REPRESENTATION_CONTEXT ( 3 ) GLOBAL_UNCERTAINTY_ASSIGNED_CONTEXT ( ( #2103 ) ) GLOBAL_UNIT_ASSIGNED_CONTEXT ( ( #1554, #1607, #1534 ) ) REPRESENTATION_CONTEXT ( 'NONE', 'WORKASPACE' ) );
#615 = PRODUCT ( 'pin3', 'pin3', '', ( #2686 ) ) ;
#616 = CARTESIAN_POINT ( 'NONE',  ( 4.425806578238000277, 0.7178360569389999890, 0.000000000000000000 ) ) ;
#617 = VECTOR ( 'NONE', #464, 999.9999999999998863 ) ;
#618 = EDGE_CURVE ( 'NONE', #3331, #1416, #3132, .T. ) ;
#619 = COLOUR_RGB ( '',0.7921568627450980005, 0.8196078431372548767, 0.9333333333333333481 ) ;
#620 = CARTESIAN_POINT ( 'NONE',  ( 2.132499999999999840, -4.860460828702263925, 0.7441948210048664469 ) ) ;
#621 = ORIENTED_EDGE ( 'NONE', *, *, #2552, .F. ) ;
#622 = EDGE_CURVE ( 'NONE', #2410, #3299, #2232, .T. ) ;
#623 = DIRECTION ( 'NONE',  ( 1.000000000000000000, 0.000000000000000000, 0.000000000000000000 ) ) ;
#624 = SURFACE_STYLE_FILL_AREA ( #3291 ) ;
#625 = SURFACE_STYLE_FILL_AREA ( #2094 ) ;
#626 = EDGE_CURVE ( 'NONE', #506, #1954, #847, .T. ) ;
#627 = SURFACE_STYLE_FILL_AREA ( #3521 ) ;
#628 = SHAPE_DEFINITION_REPRESENTATION ( #1815, #144 ) ;
#629 =( BOUNDED_CURVE ( )  B_SPLINE_CURVE ( 3, ( #731, #2257, #1657, #2583 ),
 .UNSPECIFIED., .F., .T. ) 
 B_SPLINE_CURVE_WITH_KNOTS ( ( 4, 4 ),
 ( 3.728966267486842234, 3.962510772067306508 ),
 .UNSPECIFIED. ) 
 CURVE ( )  GEOMETRIC_REPRESENTATION_ITEM ( )  RATIONAL_B_SPLINE_CURVE ( ( 1.000000000000000000, 0.9954599095158505051, 0.9954599095158505051, 1.000000000000000000 ) ) 
 REPRESENTATION_ITEM ( '' )  );
#630 = ORIENTED_EDGE ( 'NONE', *, *, #962, .F. ) ;
#631 = CARTESIAN_POINT ( 'NONE',  ( -2.220446049249999903E-15, 0.7178360569389998780, 1.294999999999999929 ) ) ;
#632 = SURFACE_STYLE_USAGE ( .BOTH. , #937 ) ;
#633 = LINE ( 'NONE', #1242, #440 ) ;
#634 = DIRECTION ( 'NONE',  ( 0.000000000000000000, -0.06975647374411773904, -0.9975640502598247528 ) ) ;
#635 = VECTOR ( 'NONE', #2294, 1000.000000000000000 ) ;
#636 =( NAMED_UNIT ( * ) SI_UNIT ( $, .STERADIAN. ) SOLID_ANGLE_UNIT ( ) );
#637 = PLANE ( 'NONE',  #3330 ) ;
#638 = VECTOR ( 'NONE', #18, 1000.000000000000000 ) ;
#639 = VERTEX_POINT ( 'NONE', #2824 ) ;
#640 = PRESENTATION_STYLE_ASSIGNMENT (( #388 ) ) ;
#641 = DIRECTION ( 'NONE',  ( 0.000000000000000000, 0.9975640502598247528, -0.06975647374411773904 ) ) ;
#642 = EDGE_CURVE ( 'NONE', #2298, #753, #3175, .T. ) ;
#643 = DIRECTION ( 'NONE',  ( 0.000000000000000000, -0.1045284632680246323, -0.9945218953682342100 ) ) ;
#644 =( LENGTH_UNIT ( ) NAMED_UNIT ( * ) SI_UNIT ( .MILLI., .METRE. ) );
#645 = DIRECTION ( 'NONE',  ( -0.000000000000000000, -0.000000000000000000, 1.000000000000000000 ) ) ;
#646 = ORIENTED_EDGE ( 'NONE', *, *, #1898, .T. ) ;
#647 = MECHANICAL_DESIGN_GEOMETRIC_PRESENTATION_REPRESENTATION (  '', ( #2251 ), #1215 ) ;
#648 = EDGE_CURVE ( 'NONE', #3622, #190, #1058, .T. ) ;
#649 = CARTESIAN_POINT ( 'NONE',  ( -3.250000000000000444, -5.500593801517999815, 1.624777735194000039 ) ) ;
#650 = ORIENTED_EDGE ( 'NONE', *, *, #3818, .T. ) ;
#651 = DIRECTION ( 'NONE',  ( 1.000000000000000000, 1.439511215072999979E-16, -0.000000000000000000 ) ) ;
#652 = PRODUCT_DEFINITION ( 'UNKNOWN', '', #3352, #841 ) ;
#653 = SURFACE_STYLE_USAGE ( .BOTH. , #2078 ) ;
#654 = CARTESIAN_POINT ( 'NONE',  ( -3.250000000000000444, -3.398914153144999784, 2.589999999999999858 ) ) ;
#655 = MECHANICAL_DESIGN_GEOMETRIC_PRESENTATION_REPRESENTATION (  '', ( #1226 ), #2264 ) ;
#656 = PRESENTATION_STYLE_ASSIGNMENT (( #1585 ) ) ;
#657 = EDGE_CURVE ( 'NONE', #1878, #3231, #3735, .T. ) ;
#658 = COLOUR_RGB ( '',0.8980392156862745390, 0.8980392156862745390, 0.8980392156862745390 ) ;
#659 = ORIENTED_EDGE ( 'NONE', *, *, #3329, .T. ) ;
#660 = VERTEX_POINT ( 'NONE', #3761 ) ;
#661 =( NAMED_UNIT ( * ) PLANE_ANGLE_UNIT ( ) SI_UNIT ( $, .RADIAN. ) );
#662 = AXIS2_PLACEMENT_3D ( 'NONE', #3011, #1531, #42 ) ;
#663 = STYLED_ITEM ( 'NONE', ( #2372 ), #2130 ) ;
#664 = CARTESIAN_POINT ( 'NONE',  ( -2.540000000000000036, -5.326020092722000498, 1.612570352289000031 ) ) ;
#665 =( GEOMETRIC_REPRESENTATION_CONTEXT ( 3 ) GLOBAL_UNCERTAINTY_ASSIGNED_CONTEXT ( ( #2687 ) ) GLOBAL_UNIT_ASSIGNED_CONTEXT ( ( #3177, #1130, #3820 ) ) REPRESENTATION_CONTEXT ( 'NONE', 'WORKASPACE' ) );
#666 = STYLED_ITEM ( 'NONE', ( #2531 ), #2399 ) ;
#667 = DIRECTION ( 'NONE',  ( 0.000000000000000000, 1.000000000000000000, -0.000000000000000000 ) ) ;
#668 = ADVANCED_FACE ( 'NONE', ( #768 ), #1348, .T. ) ;
#669 = STYLED_ITEM ( 'NONE', ( #977 ), #3290 ) ;
#670 = VECTOR ( 'NONE', #3160, 1000.000000000000000 ) ;
#671 = FACE_OUTER_BOUND ( 'NONE', #357, .T. ) ;
#672 = ORIENTED_EDGE ( 'NONE', *, *, #1506, .F. ) ;
#673 = CARTESIAN_POINT ( 'NONE',  ( 1.830000000000000071, -5.436189288660414398, 2.545805178995372842 ) ) ;
#674 = ORIENTED_EDGE ( 'NONE', *, *, #9, .T. ) ;
#675 = LINE ( 'NONE', #321, #1831 ) ;
#676 = UNCERTAINTY_MEASURE_WITH_UNIT (LENGTH_MEASURE( 1.000000000000000082E-05 ), #1952, 'distance_accuracy_value', 'NONE');
#677 = VECTOR ( 'NONE', #3199, 1000.000000000000000 ) ;
#678 = SURFACE_STYLE_FILL_AREA ( #2484 ) ;
#679 = PRESENTATION_STYLE_ASSIGNMENT (( #390 ) ) ;
#680 = COLOUR_RGB ( '',0.7921568627450980005, 0.8196078431372548767, 0.9333333333333333481 ) ;
#681 = DIRECTION ( 'NONE',  ( 0.08715574274894725970, 0.000000000000000000, 0.9961946980916327465 ) ) ;
#682 = PLANE ( 'NONE',  #2086 ) ;
#683 = PRODUCT_DEFINITION_FORMATION_WITH_SPECIFIED_SOURCE ( 'ANY', '', #615, .NOT_KNOWN. ) ;
#684 = EDGE_CURVE ( 'NONE', #499, #1870, #2253, .T. ) ;
#685 = ORIENTED_EDGE ( 'NONE', *, *, #196, .F. ) ;
#686 = EDGE_CURVE ( 'NONE', #3231, #3088, #1694, .T. ) ;
#687 = LINE ( 'NONE', #2187, #1389 ) ;
#688 = SURFACE_STYLE_USAGE ( .BOTH. , #984 ) ;
#689 = ADVANCED_FACE ( 'NONE', ( #1406 ), #2299, .T. ) ;
#690 = VERTEX_POINT ( 'NONE', #334 ) ;
#691 = CARTESIAN_POINT ( 'NONE',  ( -5.099999999998716227, -0.7499999999977844389, 1.295000000013686758 ) ) ;
#692 = DIRECTION ( 'NONE',  ( 0.000000000000000000, 0.000000000000000000, -1.000000000000000000 ) ) ;
#693 = CARTESIAN_POINT ( 'NONE',  ( -4.425806578238000277, 0.7178360569389999890, 0.000000000000000000 ) ) ;
#694 = DIRECTION ( 'NONE',  ( 0.9945218953682343210, -0.000000000000000000, 0.1045284632680246462 ) ) ;
#695 = PLANE ( 'NONE',  #3138 ) ;
#696 = CIRCLE ( 'NONE', #2120, 0.7999999999999999334 ) ;
#697 = LINE ( 'NONE', #2506, #1487 ) ;
#698 = LINE ( 'NONE', #3050, #2308 ) ;
#699 = PRESENTATION_STYLE_ASSIGNMENT (( #105 ) ) ;
#700 = CARTESIAN_POINT ( 'NONE',  ( 2.132499999999999840, -5.658512068910000359, 0.8000000000000000444 ) ) ;
#701 = VECTOR ( 'NONE', #1612, 1000.000000000000000 ) ;
#702 = FILL_AREA_STYLE_COLOUR ( '', #1041 ) ;
#703 = CIRCLE ( 'NONE', #66, 0.8000000000000000444 ) ;
#704 = DIRECTION ( 'NONE',  ( -0.000000000000000000, -1.000000000000000000, 0.000000000000000000 ) ) ;
#705 =( LENGTH_UNIT ( ) NAMED_UNIT ( * ) SI_UNIT ( .MILLI., .METRE. ) );
#706 = EDGE_CURVE ( 'NONE', #3043, #2514, #1758, .T. ) ;
#707 = DIRECTION ( 'NONE',  ( 0.000000000000000000, -0.06975647374411773904, -0.9975640502598247528 ) ) ;
#708 = VERTEX_POINT ( 'NONE', #2705 ) ;
#709 = ORIENTED_EDGE ( 'NONE', *, *, #534, .T. ) ;
#710 = DIRECTION ( 'NONE',  ( -0.1039620511848690643, -0.1039620511843150352, 0.9891328443778339974 ) ) ;
#711 = UNCERTAINTY_MEASURE_WITH_UNIT (LENGTH_MEASURE( 1.000000000000000082E-05 ), #3294, 'distance_accuracy_value', 'NONE');
#712 = DIRECTION ( 'NONE',  ( -1.000000000000000000, -0.000000000000000000, -0.000000000000000000 ) ) ;
#713 =( NAMED_UNIT ( * ) SI_UNIT ( $, .STERADIAN. ) SOLID_ANGLE_UNIT ( ) );
#714 = LINE ( 'NONE', #3067, #2183 ) ;
#715 = LINE ( 'NONE', #1836, #1713 ) ;
#716 = EDGE_CURVE ( 'NONE', #1479, #1635, #2947, .T. ) ;
#717 = VECTOR ( 'NONE', #2172, 1000.000000000000000 ) ;
#718 = UNCERTAINTY_MEASURE_WITH_UNIT (LENGTH_MEASURE( 1.000000000000000082E-05 ), #366, 'distance_accuracy_value', 'NONE');
#719 = EDGE_LOOP ( 'NONE', ( #2794, #3105, #2367, #2473, #1134 ) ) ;
#720 =( NAMED_UNIT ( * ) SI_UNIT ( $, .STERADIAN. ) SOLID_ANGLE_UNIT ( ) );
#721 = PRESENTATION_LAYER_ASSIGNMENT (  '', '', ( #399 ) ) ;
#722 = VECTOR ( 'NONE', #3674, 1000.000000000000114 ) ;
#723 = SURFACE_STYLE_FILL_AREA ( #2744 ) ;
#724 = VECTOR ( 'NONE', #1489, 1000.000000000000000 ) ;
#725 = SURFACE_STYLE_FILL_AREA ( #3384 ) ;
#726 = LINE ( 'NONE', #2190, #933 ) ;
#727 = COLOUR_RGB ( '',0.8980392156862745390, 0.8980392156862745390, 0.8980392156862745390 ) ;
#728 = SURFACE_STYLE_USAGE ( .BOTH. , #3338 ) ;
#729 = EDGE_CURVE ( 'NONE', #3094, #1681, #1190, .T. ) ;
#730 = ORIENTED_EDGE ( 'NONE', *, *, #3412, .F. ) ;
#731 = CARTESIAN_POINT ( 'NONE',  ( 5.099999999998638955, -0.7499999999977846610, 1.295000000013678765 ) ) ;
#732 = ORIENTED_EDGE ( 'NONE', *, *, #280, .T. ) ;
#733 = FILL_AREA_STYLE ('',( #3396 ) ) ;
#734 = EDGE_CURVE ( 'NONE', #1299, #1290, #16, .T. ) ;
#735 = LINE ( 'NONE', #3087, #2067 ) ;
#736 = ORIENTED_EDGE ( 'NONE', *, *, #792, .T. ) ;
#737 =( REPRESENTATION_RELATIONSHIP ('NONE','NONE', #144, #423 ) REPRESENTATION_RELATIONSHIP_WITH_TRANSFORMATION ( #2019 )SHAPE_REPRESENTATION_RELATIONSHIP( ) );
#738 = PLANE ( 'NONE',  #1646 ) ;
#739 = COLOUR_RGB ( '',0.8980392156862745390, 0.8980392156862745390, 0.8980392156862745390 ) ;
#740 = DIRECTION ( 'NONE',  ( -1.000000000000000000, -0.000000000000000000, 0.000000000000000000 ) ) ;
#741 =( LENGTH_UNIT ( ) NAMED_UNIT ( * ) SI_UNIT ( .MILLI., .METRE. ) );
#742 = EDGE_CURVE ( 'NONE', #1396, #3262, #2646, .T. ) ;
#743 =( NAMED_UNIT ( * ) PLANE_ANGLE_UNIT ( ) SI_UNIT ( $, .RADIAN. ) );
#744 = FILL_AREA_STYLE_COLOUR ( '', #619 ) ;
#745 = FILL_AREA_STYLE_COLOUR ( '', #1813 ) ;
#746 = PRESENTATION_STYLE_ASSIGNMENT (( #3714 ) ) ;
#747 = ORIENTED_EDGE ( 'NONE', *, *, #1702, .T. ) ;
#748 =( LENGTH_UNIT ( ) NAMED_UNIT ( * ) SI_UNIT ( .MILLI., .METRE. ) );
#749 = DIRECTION ( 'NONE',  ( 0.000000000000000000, 0.000000000000000000, 1.000000000000000000 ) ) ;
#750 = LINE ( 'NONE', #1918, #2984 ) ;
#751 = VERTEX_POINT ( 'NONE', #3846 ) ;
#752 = CYLINDRICAL_SURFACE ( 'NONE', #2722, 0.7999999999999999334 ) ;
#753 = VERTEX_POINT ( 'NONE', #3279 ) ;
#754 = UNCERTAINTY_MEASURE_WITH_UNIT (LENGTH_MEASURE( 1.000000000000000082E-05 ), #1730, 'distance_accuracy_value', 'NONE');
#755 = DIRECTION ( 'NONE',  ( 0.000000000000000000, 1.000000000000000000, 0.000000000000000000 ) ) ;
#756 = FILL_AREA_STYLE_COLOUR ( '', #1386 ) ;
#757 = ORIENTED_EDGE ( 'NONE', *, *, #2157, .F. ) ;
#758 = PLANE ( 'NONE',  #1166 ) ;
#759 = CARTESIAN_POINT ( 'NONE',  ( 2.540000000000000036, -4.358383522610999705, 2.189999999999999947 ) ) ;
#760 = EDGE_CURVE ( 'NONE', #1491, #190, #3242, .T. ) ;
#761 = PRESENTATION_STYLE_ASSIGNMENT (( #996 ) ) ;
#762 = PRESENTATION_LAYER_ASSIGNMENT (  '', '', ( #3422 ) ) ;
#763 = MANIFOLD_SOLID_BREP ( 'Imported1', #821 ) ;
#764 = CARTESIAN_POINT ( 'NONE',  ( 3.250000000000000444, -4.912499999999999645, 0.000000000000000000 ) ) ;
#765 = VECTOR ( 'NONE', #2147, 1000.000000000000000 ) ;
#766 = ORIENTED_EDGE ( 'NONE', *, *, #2512, .T. ) ;
#767 = AXIS2_PLACEMENT_3D ( 'NONE', #3442, #1080, #785 ) ;
#768 = FACE_OUTER_BOUND ( 'NONE', #2564, .T. ) ;
#769 = EDGE_CURVE ( 'NONE', #1320, #1861, #2420, .T. ) ;
#770 = AXIS2_PLACEMENT_3D ( 'NONE', #1203, #3300, #2672 ) ;
#771 = LINE ( 'NONE', #1979, #3156 ) ;
#772 = COLOUR_RGB ( '',0.8980392156862745390, 0.8980392156862745390, 0.8980392156862745390 ) ;
#773 = VERTEX_POINT ( 'NONE', #3362 ) ;
#774 = ORIENTED_EDGE ( 'NONE', *, *, #9, .F. ) ;
#775 =( LENGTH_UNIT ( ) NAMED_UNIT ( * ) SI_UNIT ( .MILLI., .METRE. ) );
#776 =( LENGTH_UNIT ( ) NAMED_UNIT ( * ) SI_UNIT ( .MILLI., .METRE. ) );
#777 = DIRECTION ( 'NONE',  ( 0.000000000000000000, 0.000000000000000000, -1.000000000000000000 ) ) ;
#778 = VERTEX_POINT ( 'NONE', #2803 ) ;
#779 = LINE ( 'NONE', #1089, #2074 ) ;
#780 =( NAMED_UNIT ( * ) SI_UNIT ( $, .STERADIAN. ) SOLID_ANGLE_UNIT ( ) );
#781 = EDGE_CURVE ( 'NONE', #3514, #3622, #703, .T. ) ;
#782 = CIRCLE ( 'NONE', #1776, 0.7500000000000000000 ) ;
#783 = SURFACE_STYLE_FILL_AREA ( #1710 ) ;
#784 = ORIENTED_EDGE ( 'NONE', *, *, #3365, .F. ) ;
#785 = DIRECTION ( 'NONE',  ( -0.9701425001453907182, 0.2425356250360976851, 0.000000000000000000 ) ) ;
#786 = COLOUR_RGB ( '',0.8980392156862745390, 0.8980392156862745390, 0.8980392156862745390 ) ;
#787 = PLANE ( 'NONE',  #541 ) ;
#788 = LINE ( 'NONE', #486, #2409 ) ;
#789 = DIRECTION ( 'NONE',  ( -1.000000000000000000, 0.000000000000000000, -0.000000000000000000 ) ) ;
#790 = COLOUR_RGB ( '',0.2862745098039215508, 0.2862745098039215508, 0.2862745098039215508 ) ;
#791 = DIRECTION ( 'NONE',  ( 0.000000000000000000, -0.06975647374481558360, -0.9975640502597760140 ) ) ;
#792 = EDGE_CURVE ( 'NONE', #1497, #1954, #1872, .T. ) ;
#793 = LINE ( 'NONE', #1900, #2259 ) ;
#794 = EDGE_LOOP ( 'NONE', ( #1549, #1025, #3495, #3228, #2569, #1471, #2654, #3645 ) ) ;
#795 = VECTOR ( 'NONE', #3249, 1000.000000000000000 ) ;
#796 = AXIS2_PLACEMENT_3D ( 'NONE', #3558, #1772, #2961 ) ;
#797 = PRESENTATION_STYLE_ASSIGNMENT (( #3450 ) ) ;
#798 = STYLED_ITEM ( 'NONE', ( #1455 ), #3243 ) ;
#799 = DIRECTION ( 'NONE',  ( -0.07015517768365073237, 0.7413137835820631238, -0.6674819288306024223 ) ) ;
#800 = COLOUR_RGB ( '',0.8980392156862745390, 0.8980392156862745390, 0.8980392156862745390 ) ;
#801 = ORIENTED_EDGE ( 'NONE', *, *, #2150, .F. ) ;
#802 = DIRECTION ( 'NONE',  ( -1.000000000000000000, 0.000000000000000000, 0.000000000000000000 ) ) ;
#803 = FILL_AREA_STYLE_COLOUR ( '', #153 ) ;
#804 = LINE ( 'NONE', #764, #635 ) ;
#805 = DIRECTION ( 'NONE',  ( 1.000000000000000000, 0.000000000000000000, 0.000000000000000000 ) ) ;
#806 = CARTESIAN_POINT ( 'NONE',  ( -5.100000000000076028, 6.377500000000038582, 1.295000000000015694 ) ) ;
#807 = DIRECTION ( 'NONE',  ( -0.000000000000000000, 0.000000000000000000, -1.000000000000000000 ) ) ;
#808 =( GEOMETRIC_REPRESENTATION_CONTEXT ( 3 ) GLOBAL_UNCERTAINTY_ASSIGNED_CONTEXT ( ( #1990 ) ) GLOBAL_UNIT_ASSIGNED_CONTEXT ( ( #2205, #3095, #3191 ) ) REPRESENTATION_CONTEXT ( 'NONE', 'WORKASPACE' ) );
#809 = ORIENTED_EDGE ( 'NONE', *, *, #1454, .T. ) ;
#810 =( LENGTH_UNIT ( ) NAMED_UNIT ( * ) SI_UNIT ( .MILLI., .METRE. ) );
#811 = ADVANCED_FACE ( 'NONE', ( #2739 ), #1822, .F. ) ;
#812 =( NAMED_UNIT ( * ) SI_UNIT ( $, .STERADIAN. ) SOLID_ANGLE_UNIT ( ) );
#813 = CARTESIAN_POINT ( 'NONE',  ( 1.830000000000000071, -5.500593801517943859, 1.624777735193996264 ) ) ;
#814 = ORIENTED_EDGE ( 'NONE', *, *, #1439, .F. ) ;
#815 = CARTESIAN_POINT ( 'NONE',  ( 0.000000000000000000, -0.8856861454979999548, 2.589999999999999858 ) ) ;
#816 = EDGE_CURVE ( 'NONE', #1497, #3745, #3052, .T. ) ;
#817 = ORIENTED_EDGE ( 'NONE', *, *, #1989, .T. ) ;
#818 = DIRECTION ( 'NONE',  ( 0.000000000000000000, 0.000000000000000000, 1.000000000000000000 ) ) ;
#819 = FACE_OUTER_BOUND ( 'NONE', #1938, .T. ) ;
#820 = DIRECTION ( 'NONE',  ( -0.000000000000000000, -0.000000000000000000, -1.000000000000000000 ) ) ;
#821 = CLOSED_SHELL ( 'NONE', ( #1633, #2822, #1249, #2707, #1546, #3058, #973, #1435, #1603, #203, #2698, #3243, #1557, #3192, #3419, #2377, #127, #2106 ) ) ;
#822 = ORIENTED_EDGE ( 'NONE', *, *, #3711, .F. ) ;
#823 = SURFACE_SIDE_STYLE ('',( #3485 ) ) ;
#824 = FILL_AREA_STYLE ('',( #3486 ) ) ;
#825 = FILL_AREA_STYLE_COLOUR ( '', #2349 ) ;
#826 = COLOUR_RGB ( '',0.8980392156862745390, 0.8980392156862745390, 0.8980392156862745390 ) ;
#827 = LINE ( 'NONE', #487, #677 ) ;
#828 = ORIENTED_EDGE ( 'NONE', *, *, #412, .F. ) ;
#829 = ADVANCED_FACE ( 'NONE', ( #348 ), #3314, .T. ) ;
#830 = DIRECTION ( 'NONE',  ( 0.000000000000000000, 0.9975640502598247528, -0.06975647374411773904 ) ) ;
#831 = STYLED_ITEM ( 'NONE', ( #2594 ), #848 ) ;
#832 = ORIENTED_EDGE ( 'NONE', *, *, #1362, .T. ) ;
#833 = CARTESIAN_POINT ( 'NONE',  ( 4.857158965714618581, 6.134658965714780088, 3.605478104631716363 ) ) ;
#834 = UNCERTAINTY_MEASURE_WITH_UNIT (LENGTH_MEASURE( 1.000000000000000082E-05 ), #3227, 'distance_accuracy_value', 'NONE');
#835 = AXIS2_PLACEMENT_3D ( 'NONE', #340, #1868, #2431 ) ;
#836 = DIRECTION ( 'NONE',  ( 1.000000000000000000, 0.000000000000000000, 0.000000000000000000 ) ) ;
#837 = EDGE_LOOP ( 'NONE', ( #1537, #3028, #2498, #3844 ) ) ;
#838 = CARTESIAN_POINT ( 'NONE',  ( -4.350000000004428102, 0.000000000000000000, 1.295000000027357601 ) ) ;
#839 = CARTESIAN_POINT ( 'NONE',  ( 0.000000000000000000, -5.257671553558999733, 2.589999999999999858 ) ) ;
#840 =( NAMED_UNIT ( * ) PLANE_ANGLE_UNIT ( ) SI_UNIT ( $, .RADIAN. ) );
#841 = PRODUCT_DEFINITION_CONTEXT ( 'detailed design', #123, 'design' ) ;
#842 = PRESENTATION_STYLE_ASSIGNMENT (( #2635 ) ) ;
#843 = EDGE_CURVE ( 'NONE', #3453, #2774, #960, .T. ) ;
#844 = CARTESIAN_POINT ( 'NONE',  ( -2.132499999999999840, -4.912499999999999645, 0.000000000000000000 ) ) ;
#845 = SURFACE_STYLE_FILL_AREA ( #3464 ) ;
#846 = ORIENTED_EDGE ( 'NONE', *, *, #1520, .F. ) ;
#847 = LINE ( 'NONE', #185, #324 ) ;
#848 = MANIFOLD_SOLID_BREP ( 'Imported1', #1755 ) ;
#849 = STYLED_ITEM ( 'NONE', ( #905 ), #1302 ) ;
#850 = DIRECTION ( 'NONE',  ( 0.000000000000000000, 0.000000000000000000, -1.000000000000000000 ) ) ;
#851 = SHAPE_REPRESENTATION_RELATIONSHIP ( 'NONE' , 'NONE' ,  #423, #2743 ) ;
#852 = STYLED_ITEM ( 'NONE', ( #3550 ), #1557 ) ;
#853 = EDGE_LOOP ( 'NONE', ( #1254, #71, #1107, #3174 ) ) ;
#854 = SURFACE_SIDE_STYLE ('',( #3823 ) ) ;
#855 = ORIENTED_EDGE ( 'NONE', *, *, #684, .T. ) ;
#856 = COLOUR_RGB ( '',0.8980392156862745390, 0.8980392156862745390, 0.8980392156862745390 ) ;
#857 = VECTOR ( 'NONE', #1367, 999.9999999999998863 ) ;
#858 = DIRECTION ( 'NONE',  ( -1.000000000000000000, 0.000000000000000000, -0.000000000000000000 ) ) ;
#859 = FILL_AREA_STYLE_COLOUR ( '', #1866 ) ;
#860 = VERTEX_POINT ( 'NONE', #3403 ) ;
#861 = PRESENTATION_LAYER_ASSIGNMENT (  '', '', ( #1950 ) ) ;
#862 = DIRECTION ( 'NONE',  ( -0.000000000000000000, -1.000000000000000000, 0.000000000000000000 ) ) ;
#863 = MECHANICAL_DESIGN_GEOMETRIC_PRESENTATION_REPRESENTATION (  '', ( #3455 ), #2725 ) ;
#864 =( NAMED_UNIT ( * ) SI_UNIT ( $, .STERADIAN. ) SOLID_ANGLE_UNIT ( ) );
#865 = DIRECTION ( 'NONE',  ( 0.000000000000000000, 0.000000000000000000, -1.000000000000000000 ) ) ;
#866 = CARTESIAN_POINT ( 'NONE',  ( -8.475286364920001786E-17, -1.408298662706999993, 4.570000000000000284 ) ) ;
#867 = STYLED_ITEM ( 'NONE', ( #1151 ), #2920 ) ;
#868 = EDGE_CURVE ( 'NONE', #2584, #2198, #1385, .T. ) ;
#869 = DIRECTION ( 'NONE',  ( -0.000000000000000000, 1.000000000000000000, 0.000000000000000000 ) ) ;
#870 = CARTESIAN_POINT ( 'NONE',  ( 2.947500000000000231, -4.802298966336000063, 1.575948203572999917 ) ) ;
#871 = CARTESIAN_POINT ( 'NONE',  ( -2.132499999999999840, -7.837500000000000355, 2.851512476503000215 ) ) ;
#872 = SURFACE_SIDE_STYLE ('',( #627 ) ) ;
#873 = VECTOR ( 'NONE', #2191, 1000.000000000000000 ) ;
#874 = EDGE_CURVE ( 'NONE', #1676, #2370, #139, .T. ) ;
#875 = ORIENTED_EDGE ( 'NONE', *, *, #2249, .T. ) ;
#876 = CARTESIAN_POINT ( 'NONE',  ( -5.099999999999999645, 7.212500000000000355, 0.000000000000000000 ) ) ;
#877 =( REPRESENTATION_RELATIONSHIP ('NONE','NONE', #144, #314 ) REPRESENTATION_RELATIONSHIP_WITH_TRANSFORMATION ( #270 )SHAPE_REPRESENTATION_RELATIONSHIP( ) );
#878 =( GEOMETRIC_REPRESENTATION_CONTEXT ( 3 ) GLOBAL_UNCERTAINTY_ASSIGNED_CONTEXT ( ( #2643 ) ) GLOBAL_UNIT_ASSIGNED_CONTEXT ( ( #2104, #3606, #636 ) ) REPRESENTATION_CONTEXT ( 'NONE', 'WORKASPACE' ) );
#879 = PRESENTATION_STYLE_ASSIGNMENT (( #520 ) ) ;
#880 = COLOUR_RGB ( '',0.7921568627450980005, 0.8196078431372548767, 0.9333333333333333481 ) ;
#881 = FILL_AREA_STYLE ('',( #591 ) ) ;
#882 = FILL_AREA_STYLE_COLOUR ( '', #142 ) ;
#883 = EDGE_LOOP ( 'NONE', ( #3799, #685, #597, #297, #3660 ) ) ;
#884 = PLANE ( 'NONE',  #662 ) ;
#885 = LINE ( 'NONE', #595, #795 ) ;
#886 = CYLINDRICAL_SURFACE ( 'NONE', #2683, 0.8000000000000000444 ) ;
#887 = ORIENTED_EDGE ( 'NONE', *, *, #259, .T. ) ;
#888 = DIRECTION ( 'NONE',  ( 0.000000000000000000, 1.000000000000000000, 0.000000000000000000 ) ) ;
#889 = UNCERTAINTY_MEASURE_WITH_UNIT (LENGTH_MEASURE( 1.000000000000000082E-05 ), #1638, 'distance_accuracy_value', 'NONE');
#890 = PRESENTATION_STYLE_ASSIGNMENT (( #267 ) ) ;
#891 = FILL_AREA_STYLE ('',( #3838 ) ) ;
#892 = EDGE_CURVE ( 'NONE', #2410, #1149, #2574, .T. ) ;
#893 = APPLICATION_PROTOCOL_DEFINITION ( 'draft international standard', 'automotive_design', 1998, #2077 ) ;
#894 = VERTEX_POINT ( 'NONE', #437 ) ;
#895 = DIRECTION ( 'NONE',  ( 0.000000000000000000, 0.9975640502598139836, -0.06975647374427275393 ) ) ;
#896 = PLANE ( 'NONE',  #1236 ) ;
#897 = CIRCLE ( 'NONE', #570, 0.8000000000000000444 ) ;
#898 = ADVANCED_FACE ( 'NONE', ( #2206 ), #2553, .T. ) ;
#899 = ORIENTED_EDGE ( 'NONE', *, *, #1136, .F. ) ;
#900 = CARTESIAN_POINT ( 'NONE',  ( -1.830000000000000071, -5.436189288660414398, 2.545805178995372842 ) ) ;
#901 = VECTOR ( 'NONE', #1551, 1000.000000000000000 ) ;
#902 =( NAMED_UNIT ( * ) SI_UNIT ( $, .STERADIAN. ) SOLID_ANGLE_UNIT ( ) );
#903 = VECTOR ( 'NONE', #2305, 1000.000000000000000 ) ;
#904 = EDGE_LOOP ( 'NONE', ( #1068, #1829, #1768, #822, #209, #3821, #110, #278 ) ) ;
#905 = PRESENTATION_STYLE_ASSIGNMENT (( #1196 ) ) ;
#906 = FILL_AREA_STYLE_COLOUR ( '', #2525 ) ;
#907 = FACE_OUTER_BOUND ( 'NONE', #1921, .T. ) ;
#908 = PRESENTATION_LAYER_ASSIGNMENT (  '', '', ( #379 ) ) ;
#909 = LINE ( 'NONE', #1503, #574 ) ;
#910 = SURFACE_SIDE_STYLE ('',( #3519 ) ) ;
#911 = VECTOR ( 'NONE', #1884, 1000.000000000000000 ) ;
#912 = APPLICATION_PROTOCOL_DEFINITION ( 'draft international standard', 'automotive_design', 1998, #1409 ) ;
#913 = EDGE_LOOP ( 'NONE', ( #1395, #3414, #1357, #2695 ) ) ;
#914 = EDGE_CURVE ( 'NONE', #1916, #3514, #1735, .T. ) ;
#915 =( NAMED_UNIT ( * ) PLANE_ANGLE_UNIT ( ) SI_UNIT ( $, .RADIAN. ) );
#916 = VECTOR ( 'NONE', #1332, 1000.000000000000000 ) ;
#917 = UNCERTAINTY_MEASURE_WITH_UNIT (LENGTH_MEASURE( 1.000000000000000082E-05 ), #2861, 'distance_accuracy_value', 'NONE');
#918 = DIRECTION ( 'NONE',  ( 0.000000000000000000, 0.000000000000000000, 1.000000000000000000 ) ) ;
#919 = EDGE_CURVE ( 'NONE', #2527, #708, #3811, .T. ) ;
#920 = ORIENTED_EDGE ( 'NONE', *, *, #61, .F. ) ;
#921 = PLANE ( 'NONE',  #3018 ) ;
#922 = SURFACE_STYLE_FILL_AREA ( #2243 ) ;
#923 = AXIS2_PLACEMENT_3D ( 'NONE', #246, #24, #3813 ) ;
#924 = PRESENTATION_STYLE_ASSIGNMENT (( #653 ) ) ;
#925 = COLOUR_RGB ( '',0.2862745098039215508, 0.2862745098039215508, 0.2862745098039215508 ) ;
#926 = FILL_AREA_STYLE_COLOUR ( '', #2999 ) ;
#927 = DIRECTION ( 'NONE',  ( 0.000000000000000000, -0.000000000000000000, 1.000000000000000000 ) ) ;
#928 = SURFACE_STYLE_USAGE ( .BOTH. , #872 ) ;
#929 = APPLICATION_PROTOCOL_DEFINITION ( 'draft international standard', 'automotive_design', 1998, #1012 ) ;
#930 = MECHANICAL_DESIGN_GEOMETRIC_PRESENTATION_REPRESENTATION (  '', ( #2970 ), #1786 ) ;
#931 = MECHANICAL_DESIGN_GEOMETRIC_PRESENTATION_REPRESENTATION (  '', ( #666 ), #2679 ) ;
#932 = ORIENTED_EDGE ( 'NONE', *, *, #874, .F. ) ;
#933 = VECTOR ( 'NONE', #109, 1000.000000000000000 ) ;
#934 = PRESENTATION_STYLE_ASSIGNMENT (( #2904 ) ) ;
#935 = ADVANCED_FACE ( 'NONE', ( #2662 ), #3257, .T. ) ;
#936 =( GEOMETRIC_REPRESENTATION_CONTEXT ( 3 ) GLOBAL_UNCERTAINTY_ASSIGNED_CONTEXT ( ( #1431 ) ) GLOBAL_UNIT_ASSIGNED_CONTEXT ( ( #363, #394, #102 ) ) REPRESENTATION_CONTEXT ( 'NONE', 'WORKASPACE' ) );
#937 = SURFACE_SIDE_STYLE ('',( #1741 ) ) ;
#938 = CARTESIAN_POINT ( 'NONE',  ( 1.830000000000000071, -0.8856861454980000659, 2.589999999999999858 ) ) ;
#939 =( NAMED_UNIT ( * ) SI_UNIT ( $, .STERADIAN. ) SOLID_ANGLE_UNIT ( ) );
#940 = EDGE_CURVE ( 'NONE', #3614, #199, #2335, .T. ) ;
#941 = CARTESIAN_POINT ( 'NONE',  ( -5.099999999999999645, -2.757499999999999840, 0.000000000000000000 ) ) ;
#942 = ORIENTED_EDGE ( 'NONE', *, *, #3626, .F. ) ;
#943 = CARTESIAN_POINT ( 'NONE',  ( 2.132499999999999840, -5.500593801517999815, 1.624777735194000039 ) ) ;
#944 = LINE ( 'NONE', #693, #1759 ) ;
#945 = DIRECTION ( 'NONE',  ( 1.000000000000000000, 0.000000000000000000, 0.000000000000000000 ) ) ;
#946 = CARTESIAN_POINT ( 'NONE',  ( 3.250000000000000888, -4.802298966336032038, 1.575948203573002138 ) ) ;
#947 = FILL_AREA_STYLE_COLOUR ( '', #800 ) ;
#948 = EDGE_CURVE ( 'NONE', #256, #2766, #2059, .T. ) ;
#949 = PRESENTATION_STYLE_ASSIGNMENT (( #978 ) ) ;
#950 = DIRECTION ( 'NONE',  ( 0.000000000000000000, 0.000000000000000000, -1.000000000000000000 ) ) ;
#951 = CARTESIAN_POINT ( 'NONE',  ( -0.7500000000000000000, -1.408298662706999993, 4.799999999999999822 ) ) ;
#952 = EDGE_CURVE ( 'NONE', #3323, #3484, #2044, .T. ) ;
#953 = ORIENTED_EDGE ( 'NONE', *, *, #1176, .T. ) ;
#954 = COLOUR_RGB ( '',0.8980392156862745390, 0.8980392156862745390, 0.8980392156862745390 ) ;
#955 = EDGE_LOOP ( 'NONE', ( #1630, #2496, #1968, #131, #3691, #1998, #801, #3546 ) ) ;
#956 = SURFACE_STYLE_USAGE ( .BOTH. , #338 ) ;
#957 = PRESENTATION_LAYER_ASSIGNMENT (  '', '', ( #442 ) ) ;
#958 = FILL_AREA_STYLE ('',( #2163 ) ) ;
#959 = LINE ( 'NONE', #2113, #1394 ) ;
#960 = CIRCLE ( 'NONE', #266, 0.3999999999999999667 ) ;
#961 = UNCERTAINTY_MEASURE_WITH_UNIT (LENGTH_MEASURE( 1.000000000000000082E-05 ), #2213, 'distance_accuracy_value', 'NONE');
#962 = EDGE_CURVE ( 'NONE', #2584, #2298, #1517, .T. ) ;
#963 =( NAMED_UNIT ( * ) PLANE_ANGLE_UNIT ( ) SI_UNIT ( $, .RADIAN. ) );
#964 = AXIS2_PLACEMENT_3D ( 'NONE', #1338, #818, #1116 ) ;
#965 = SURFACE_STYLE_FILL_AREA ( #376 ) ;
#966 = DIRECTION ( 'NONE',  ( 0.000000000000000000, -0.06975647374411773904, -0.9975640502598247528 ) ) ;
#967 = CARTESIAN_POINT ( 'NONE',  ( 2.549999999999999822, 6.377500000000153157, 1.295000000000015916 ) ) ;
#968 = FILL_AREA_STYLE ('',( #2437 ) ) ;
#969 = ORIENTED_EDGE ( 'NONE', *, *, #145, .T. ) ;
#970 = DIRECTION ( 'NONE',  ( 0.000000000000000000, 0.000000000000000000, -1.000000000000000000 ) ) ;
#971 = ORIENTED_EDGE ( 'NONE', *, *, #28, .F. ) ;
#972 = SURFACE_SIDE_STYLE ('',( #3010 ) ) ;
#973 = ADVANCED_FACE ( 'NONE', ( #2715 ), #560, .T. ) ;
#974 = STYLED_ITEM ( 'NONE', ( #2056 ), #1820 ) ;
#975 = EDGE_CURVE ( 'NONE', #2910, #2934, #3311, .T. ) ;
#976 = MECHANICAL_DESIGN_GEOMETRIC_PRESENTATION_REPRESENTATION (  '', ( #3335 ), #3707 ) ;
#977 = PRESENTATION_STYLE_ASSIGNMENT (( #2750 ) ) ;
#978 = SURFACE_STYLE_USAGE ( .BOTH. , #104 ) ;
#979 = DIRECTION ( 'NONE',  ( -0.000000000000000000, 0.000000000000000000, -1.000000000000000000 ) ) ;
#980 = COLOUR_RGB ( '',0.8980392156862745390, 0.8980392156862745390, 0.8980392156862745390 ) ;
#981 = EDGE_CURVE ( 'NONE', #639, #1497, #959, .T. ) ;
#982 = PRESENTATION_LAYER_ASSIGNMENT (  '', '', ( #1355 ) ) ;
#983 = AXIS2_PLACEMENT_3D ( 'NONE', #3438, #227, #1097 ) ;
#984 = SURFACE_SIDE_STYLE ('',( #3284 ) ) ;
#985 = VECTOR ( 'NONE', #2826, 1000.000000000000000 ) ;
#986 =( NAMED_UNIT ( * ) PLANE_ANGLE_UNIT ( ) SI_UNIT ( $, .RADIAN. ) );
#987 = ORIENTED_EDGE ( 'NONE', *, *, #618, .F. ) ;
#988 = CARTESIAN_POINT ( 'NONE',  ( -5.100000000000029843, 7.212500000000121148, 1.295000000000000151 ) ) ;
#989 = ORIENTED_EDGE ( 'NONE', *, *, #2244, .T. ) ;
#990 = UNCERTAINTY_MEASURE_WITH_UNIT (LENGTH_MEASURE( 1.000000000000000082E-05 ), #705, 'distance_accuracy_value', 'NONE');
#991 =( GEOMETRIC_REPRESENTATION_CONTEXT ( 3 ) GLOBAL_UNCERTAINTY_ASSIGNED_CONTEXT ( ( #2081 ) ) GLOBAL_UNIT_ASSIGNED_CONTEXT ( ( #3528, #1192, #3549 ) ) REPRESENTATION_CONTEXT ( 'NONE', 'WORKASPACE' ) );
#992 = DIRECTION ( 'NONE',  ( 0.000000000000000000, 0.000000000000000000, -1.000000000000000000 ) ) ;
#993 = DIRECTION ( 'NONE',  ( 0.000000000000000000, -1.000000000000000000, 2.478176394252999853E-17 ) ) ;
#994 =( NAMED_UNIT ( * ) SI_UNIT ( $, .STERADIAN. ) SOLID_ANGLE_UNIT ( ) );
#995 = CARTESIAN_POINT ( 'NONE',  ( 4.425806578238000277, 6.377500000000000391, 1.294999999999999929 ) ) ;
#996 = SURFACE_STYLE_USAGE ( .BOTH. , #3650 ) ;
#997 = CYLINDRICAL_SURFACE ( 'NONE', #3402, 0.3999999999999999667 ) ;
#998 = EDGE_LOOP ( 'NONE', ( #2276, #129, #3102, #1555, #3609, #887, #3613, #3162 ) ) ;
#999 = ADVANCED_FACE ( 'NONE', ( #1011 ), #2749, .T. ) ;
#1000 = UNCERTAINTY_MEASURE_WITH_UNIT (LENGTH_MEASURE( 1.000000000000000082E-05 ), #1689, 'distance_accuracy_value', 'NONE');
#1001 = CARTESIAN_POINT ( 'NONE',  ( -4.425806578238000277, 6.377500000000000391, 1.294999999999999929 ) ) ;
#1002 =( NAMED_UNIT ( * ) SI_UNIT ( $, .STERADIAN. ) SOLID_ANGLE_UNIT ( ) );
#1003 =( LENGTH_UNIT ( ) NAMED_UNIT ( * ) SI_UNIT ( .MILLI., .METRE. ) );
#1004 = SURFACE_STYLE_FILL_AREA ( #383 ) ;
#1005 = ORIENTED_EDGE ( 'NONE', *, *, #816, .T. ) ;
#1006 = SURFACE_SIDE_STYLE ('',( #92 ) ) ;
#1007 = ORIENTED_EDGE ( 'NONE', *, *, #36, .F. ) ;
#1008 = FILL_AREA_STYLE ('',( #3610 ) ) ;
#1009 = COLOUR_RGB ( '',0.8980392156862745390, 0.8980392156862745390, 0.8980392156862745390 ) ;
#1010 = CARTESIAN_POINT ( 'NONE',  ( 1.830000000000000071, -4.638138048453000373, 2.490000000000000657 ) ) ;
#1011 = FACE_OUTER_BOUND ( 'NONE', #2329, .T. ) ;
#1012 = APPLICATION_CONTEXT ( 'automotive_design' ) ;
#1013 = CARTESIAN_POINT ( 'NONE',  ( -4.994403345569733865, -0.8378985527547947454, 2.299685055394010469 ) ) ;
#1014 = EDGE_LOOP ( 'NONE', ( #2546, #302, #2173, #3002 ) ) ;
#1015 = PRESENTATION_LAYER_ASSIGNMENT (  '', '', ( #2709 ) ) ;
#1016 = DIRECTION ( 'NONE',  ( 0.000000000000000000, -1.000000000000000000, 0.000000000000000000 ) ) ;
#1017 = EDGE_CURVE ( 'NONE', #660, #3716, #3597, .T. ) ;
#1018 = PRESENTATION_STYLE_ASSIGNMENT (( #3040 ) ) ;
#1019 = PLANE ( 'NONE',  #3025 ) ;
#1020 = DIRECTION ( 'NONE',  ( 0.000000000000000000, 0.000000000000000000, 1.000000000000000000 ) ) ;
#1021 = CARTESIAN_POINT ( 'NONE',  ( -5.099999999999999645, 7.712500000000000355, 0.000000000000000000 ) ) ;
#1022 = PLANE ( 'NONE',  #2214 ) ;
#1023 = VERTEX_POINT ( 'NONE', #3013 ) ;
#1024 =( NAMED_UNIT ( * ) PLANE_ANGLE_UNIT ( ) SI_UNIT ( $, .RADIAN. ) );
#1025 = ORIENTED_EDGE ( 'NONE', *, *, #3107, .F. ) ;
#1026 = UNCERTAINTY_MEASURE_WITH_UNIT (LENGTH_MEASURE( 1.000000000000000082E-05 ), #3193, 'distance_accuracy_value', 'NONE');
#1027 =( NAMED_UNIT ( * ) SI_UNIT ( $, .STERADIAN. ) SOLID_ANGLE_UNIT ( ) );
#1028 = DIRECTION ( 'NONE',  ( 1.000000000000000000, 0.000000000000000000, 0.000000000000000000 ) ) ;
#1029 = ORIENTED_EDGE ( 'NONE', *, *, #367, .F. ) ;
#1030 =( GEOMETRIC_REPRESENTATION_CONTEXT ( 3 ) GLOBAL_UNCERTAINTY_ASSIGNED_CONTEXT ( ( #2815 ) ) GLOBAL_UNIT_ASSIGNED_CONTEXT ( ( #2834, #221, #3287 ) ) REPRESENTATION_CONTEXT ( 'NONE', 'WORKASPACE' ) );
#1031 = PRODUCT_DEFINITION_CONTEXT ( 'detailed design', #1409, 'design' ) ;
#1032 = DIRECTION ( 'NONE',  ( 0.000000000000000000, 0.06975647374411773904, 0.9975640502598247528 ) ) ;
#1033 = AXIS2_PLACEMENT_3D ( 'NONE', #2723, #1206, #2423 ) ;
#1034 = DIRECTION ( 'NONE',  ( 1.000000000000000000, 0.000000000000000000, 0.000000000000000000 ) ) ;
#1035 = CARTESIAN_POINT ( 'NONE',  ( 0.000000000000000000, -0.8856861454980000659, 3.290000000000000036 ) ) ;
#1036 = COLOUR_RGB ( '',0.8980392156862745390, 0.8980392156862745390, 0.8980392156862745390 ) ;
#1037 = CARTESIAN_POINT ( 'NONE',  ( -2.947500000000000231, -5.539240974647717586, 1.072097410502048875 ) ) ;
#1038 = ORIENTED_EDGE ( 'NONE', *, *, #3390, .T. ) ;
#1039 = MECHANICAL_DESIGN_GEOMETRIC_PRESENTATION_REPRESENTATION (  '', ( #1586 ), #2724 ) ;
#1040 = DIRECTION ( 'NONE',  ( 0.000000000000000000, 0.000000000000000000, 1.000000000000000000 ) ) ;
#1041 = COLOUR_RGB ( '',0.8980392156862745390, 0.8980392156862745390, 0.8980392156862745390 ) ;
#1042 = AXIS2_PLACEMENT_3D ( 'NONE', #3826, #1744, #2975 ) ;
#1043 =( NAMED_UNIT ( * ) PLANE_ANGLE_UNIT ( ) SI_UNIT ( $, .RADIAN. ) );
#1044 = CARTESIAN_POINT ( 'NONE',  ( -2.540000000000000036, -5.395533686083999747, 3.127207382904999999 ) ) ;
#1045 = ORIENTED_EDGE ( 'NONE', *, *, #618, .T. ) ;
#1046 =( GEOMETRIC_REPRESENTATION_CONTEXT ( 3 ) GLOBAL_UNCERTAINTY_ASSIGNED_CONTEXT ( ( #3049 ) ) GLOBAL_UNIT_ASSIGNED_CONTEXT ( ( #1003, #1043, #2560 ) ) REPRESENTATION_CONTEXT ( 'NONE', 'WORKASPACE' ) );
#1047 = EDGE_CURVE ( 'NONE', #1847, #2182, #3682, .T. ) ;
#1048 = CARTESIAN_POINT ( 'NONE',  ( 0.7099999999999999645, -0.8856861454980000659, 3.290000000000000036 ) ) ;
#1049 = ORIENTED_EDGE ( 'NONE', *, *, #175, .F. ) ;
#1050 = PRESENTATION_LAYER_ASSIGNMENT (  '', '', ( #1895 ) ) ;
#1051 = CARTESIAN_POINT ( 'NONE',  ( -5.099999999999999645, 6.377500000000000391, 0.000000000000000000 ) ) ;
#1052 = VECTOR ( 'NONE', #791, 1000.000000000000114 ) ;
#1053 = CYLINDRICAL_SURFACE ( 'NONE', #1296, 0.7500000000000000000 ) ;
#1054 =( NAMED_UNIT ( * ) PLANE_ANGLE_UNIT ( ) SI_UNIT ( $, .RADIAN. ) );
#1055 = DIRECTION ( 'NONE',  ( -0.000000000000000000, -0.000000000000000000, -1.000000000000000000 ) ) ;
#1056 = SURFACE_STYLE_FILL_AREA ( #3073 ) ;
#1057 = ORIENTED_EDGE ( 'NONE', *, *, #1898, .F. ) ;
#1058 = LINE ( 'NONE', #3155, #2497 ) ;
#1059 = DIRECTION ( 'NONE',  ( 1.000000000000000000, -0.000000000000000000, -0.000000000000000000 ) ) ;
#1060 = CARTESIAN_POINT ( 'NONE',  ( 4.731609655392650993, -2.595399363577000074, 4.799999999999858602 ) ) ;
#1061 = ORIENTED_EDGE ( 'NONE', *, *, #1378, .T. ) ;
#1062 = CARTESIAN_POINT ( 'NONE',  ( 4.893710291815961178, -2.757500000000007390, 3.257715466812983518 ) ) ;
#1063 = ORIENTED_EDGE ( 'NONE', *, *, #1705, .F. ) ;
#1064 = PRESENTATION_STYLE_ASSIGNMENT (( #154 ) ) ;
#1065 =( NAMED_UNIT ( * ) PLANE_ANGLE_UNIT ( ) SI_UNIT ( $, .RADIAN. ) );
#1066 = EDGE_CURVE ( 'NONE', #1279, #2650, #3378, .T. ) ;
#1067 = DIRECTION ( 'NONE',  ( 0.000000000000000000, -0.000000000000000000, -1.000000000000000000 ) ) ;
#1068 = ORIENTED_EDGE ( 'NONE', *, *, #2925, .T. ) ;
#1069 = LINE ( 'NONE', #3689, #2505 ) ;
#1070 = FILL_AREA_STYLE_COLOUR ( '', #2778 ) ;
#1071 = PRESENTATION_LAYER_ASSIGNMENT (  '', '', ( #2751 ) ) ;
#1072 = FACE_OUTER_BOUND ( 'NONE', #1634, .T. ) ;
#1073 = SURFACE_SIDE_STYLE ('',( #1645 ) ) ;
#1074 = SURFACE_SIDE_STYLE ('',( #3732 ) ) ;
#1075 = MECHANICAL_DESIGN_GEOMETRIC_PRESENTATION_REPRESENTATION (  '', ( #1262 ), #1621 ) ;
#1076 = CARTESIAN_POINT ( 'NONE',  ( -1.830000000000000071, -5.500593801517943859, 1.624777735193996264 ) ) ;
#1077 = EDGE_CURVE ( 'NONE', #150, #2584, #3034, .T. ) ;
#1078 = VERTEX_POINT ( 'NONE', #59 ) ;
#1079 = MECHANICAL_DESIGN_GEOMETRIC_PRESENTATION_REPRESENTATION (  '', ( #1690 ), #2706 ) ;
#1080 = DIRECTION ( 'NONE',  ( 0.2425356250360976851, 0.9701425001453907182, -0.000000000000000000 ) ) ;
#1081 = MECHANICAL_DESIGN_GEOMETRIC_PRESENTATION_REPRESENTATION (  '', ( #831 ), #3500 ) ;
#1082 = SURFACE_SIDE_STYLE ('',( #3100 ) ) ;
#1083 = VECTOR ( 'NONE', #391, 1000.000000000000000 ) ;
#1084 = EDGE_LOOP ( 'NONE', ( #2052, #15, #2035, #2726 ) ) ;
#1085 = CARTESIAN_POINT ( 'NONE',  ( 2.132499999999999840, -7.837500000000000355, 0.7000000000000000666 ) ) ;
#1086 = ORIENTED_EDGE ( 'NONE', *, *, #2552, .T. ) ;
#1087 = FILL_AREA_STYLE ('',( #1678 ) ) ;
#1088 = ORIENTED_EDGE ( 'NONE', *, *, #3016, .T. ) ;
#1089 = CARTESIAN_POINT ( 'NONE',  ( -0.7099999999999999645, -4.347500000000000142, 2.678054659170999940 ) ) ;
#1090 = SURFACE_SIDE_STYLE ('',( #200 ) ) ;
#1091 = FACE_OUTER_BOUND ( 'NONE', #1422, .T. ) ;
#1092 = CARTESIAN_POINT ( 'NONE',  ( -2.132499999999999840, -5.658512068910000359, 0.8000000000000000444 ) ) ;
#1093 = CARTESIAN_POINT ( 'NONE',  ( 0.000000000000000000, 0.000000000000000000, 0.000000000000000000 ) ) ;
#1094 =( NAMED_UNIT ( * ) SI_UNIT ( $, .STERADIAN. ) SOLID_ANGLE_UNIT ( ) );
#1095 = VECTOR ( 'NONE', #191, 1000.000000000000114 ) ;
#1096 = FILL_AREA_STYLE ('',( #87 ) ) ;
#1097 = DIRECTION ( 'NONE',  ( 0.1045284632680246323, 0.000000000000000000, 0.9945218953682342100 ) ) ;
#1098 = CARTESIAN_POINT ( 'NONE',  ( -4.425806578238000277, 4.215168028469999939, 1.294999999999999929 ) ) ;
#1099 =( GEOMETRIC_REPRESENTATION_CONTEXT ( 3 ) GLOBAL_UNCERTAINTY_ASSIGNED_CONTEXT ( ( #194 ) ) GLOBAL_UNIT_ASSIGNED_CONTEXT ( ( #1169, #2676, #3473 ) ) REPRESENTATION_CONTEXT ( 'NONE', 'WORKASPACE' ) );
#1100 = EDGE_LOOP ( 'NONE', ( #2441, #3271, #3504, #1202, #2166, #2218, #241, #1086, #431, #1901 ) ) ;
#1101 = EDGE_CURVE ( 'NONE', #3241, #1331, #714, .T. ) ;
#1102 = MECHANICAL_DESIGN_GEOMETRIC_PRESENTATION_REPRESENTATION (  '', ( #3836 ), #3336 ) ;
#1103 = SURFACE_STYLE_FILL_AREA ( #2694 ) ;
#1104 = FACE_OUTER_BOUND ( 'NONE', #1368, .T. ) ;
#1105 = ORIENTED_EDGE ( 'NONE', *, *, #2720, .T. ) ;
#1106 =( LENGTH_UNIT ( ) NAMED_UNIT ( * ) SI_UNIT ( .MILLI., .METRE. ) );
#1107 = ORIENTED_EDGE ( 'NONE', *, *, #3282, .F. ) ;
#1108 = UNCERTAINTY_MEASURE_WITH_UNIT (LENGTH_MEASURE( 1.000000000000000082E-05 ), #3440, 'distance_accuracy_value', 'NONE');
#1109 = MECHANICAL_DESIGN_GEOMETRIC_PRESENTATION_REPRESENTATION (  '', ( #867 ), #1351 ) ;
#1110 = VECTOR ( 'NONE', #1301, 1000.000000000000000 ) ;
#1111 = CARTESIAN_POINT ( 'NONE',  ( 5.099999999999999645, -2.757499999999999396, 0.000000000000000000 ) ) ;
#1112 = CARTESIAN_POINT ( 'NONE',  ( 3.099999999999969447, 7.712499999999879563, 0.000000000000000000 ) ) ;
#1113 = VECTOR ( 'NONE', #1201, 1000.000000000000000 ) ;
#1114 = SURFACE_STYLE_FILL_AREA ( #3769 ) ;
#1115 = ORIENTED_EDGE ( 'NONE', *, *, #1520, .T. ) ;
#1116 = DIRECTION ( 'NONE',  ( 1.000000000000000000, 0.000000000000000000, -0.000000000000000000 ) ) ;
#1117 = CARTESIAN_POINT ( 'NONE',  ( -1.665334536938000065E-15, 3.547668028469999957, 1.294999999999999929 ) ) ;
#1118 = UNCERTAINTY_MEASURE_WITH_UNIT (LENGTH_MEASURE( 1.000000000000000082E-05 ), #120, 'distance_accuracy_value', 'NONE');
#1119 = DIRECTION ( 'NONE',  ( -0.000000000000000000, 0.000000000000000000, -1.000000000000000000 ) ) ;
#1120 =( LENGTH_UNIT ( ) NAMED_UNIT ( * ) SI_UNIT ( .MILLI., .METRE. ) );
#1121 = MECHANICAL_DESIGN_GEOMETRIC_PRESENTATION_REPRESENTATION (  '', ( #1734 ), #1844 ) ;
#1122 = FILL_AREA_STYLE ('',( #2170 ) ) ;
#1123 = FILL_AREA_STYLE_COLOUR ( '', #600 ) ;
#1124 = PRODUCT_DEFINITION_FORMATION_WITH_SPECIFIED_SOURCE ( 'ANY', '', #1762, .NOT_KNOWN. ) ;
#1125 = ADVANCED_BREP_SHAPE_REPRESENTATION ( '', ( #763, #2476 ), #3784 ) ;
#1126 = EDGE_CURVE ( 'NONE', #1304, #2704, #1584, .T. ) ;
#1127 = ORIENTED_EDGE ( 'NONE', *, *, #816, .F. ) ;
#1128 = CARTESIAN_POINT ( 'NONE',  ( -5.100000000000153300, 4.089999999999999858, 1.295000000000015916 ) ) ;
#1129 = CARTESIAN_POINT ( 'NONE',  ( -2.132499999999999840, -4.860460828702263925, 0.7441948210048664469 ) ) ;
#1130 =( NAMED_UNIT ( * ) PLANE_ANGLE_UNIT ( ) SI_UNIT ( $, .RADIAN. ) );
#1131 =( NAMED_UNIT ( * ) SI_UNIT ( $, .STERADIAN. ) SOLID_ANGLE_UNIT ( ) );
#1132 = VERTEX_POINT ( 'NONE', #3627 ) ;
#1133 = PLANE ( 'NONE',  #2339 ) ;
#1134 = ORIENTED_EDGE ( 'NONE', *, *, #145, .F. ) ;
#1135 = DIRECTION ( 'NONE',  ( -1.000000000000000000, 0.000000000000000000, 0.000000000000000000 ) ) ;
#1136 = EDGE_CURVE ( 'NONE', #506, #1658, #2148, .T. ) ;
#1137 = FILL_AREA_STYLE_COLOUR ( '', #1511 ) ;
#1138 = ORIENTED_EDGE ( 'NONE', *, *, #1306, .T. ) ;
#1139 =( LENGTH_UNIT ( ) NAMED_UNIT ( * ) SI_UNIT ( .MILLI., .METRE. ) );
#1140 = DIRECTION ( 'NONE',  ( 0.000000000000000000, 0.000000000000000000, 1.000000000000000000 ) ) ;
#1141 = DIRECTION ( 'NONE',  ( 0.000000000000000000, -0.000000000000000000, -1.000000000000000000 ) ) ;
#1142 = CARTESIAN_POINT ( 'NONE',  ( 5.099999999999999645, -2.772500000000000409, 0.000000000000000000 ) ) ;
#1143 = PRESENTATION_LAYER_ASSIGNMENT (  '', '', ( #1317 ) ) ;
#1144 = ORIENTED_EDGE ( 'NONE', *, *, #1047, .T. ) ;
#1145 = DIRECTION ( 'NONE',  ( 1.000000000000000000, 0.000000000000000000, -0.000000000000000000 ) ) ;
#1146 =( GEOMETRIC_REPRESENTATION_CONTEXT ( 3 ) GLOBAL_UNCERTAINTY_ASSIGNED_CONTEXT ( ( #1464 ) ) GLOBAL_UNIT_ASSIGNED_CONTEXT ( ( #1265, #1583, #1850 ) ) REPRESENTATION_CONTEXT ( 'NONE', 'WORKASPACE' ) );
#1147 = EDGE_CURVE ( 'NONE', #1263, #3231, #3346, .T. ) ;
#1148 = VECTOR ( 'NONE', #1671, 1000.000000000000000 ) ;
#1149 = VERTEX_POINT ( 'NONE', #1361 ) ;
#1150 = ORIENTED_EDGE ( 'NONE', *, *, #1976, .F. ) ;
#1151 = PRESENTATION_STYLE_ASSIGNMENT (( #2386 ) ) ;
#1152 = EDGE_CURVE ( 'NONE', #2514, #860, #2291, .T. ) ;
#1153 =( GEOMETRIC_REPRESENTATION_CONTEXT ( 3 ) GLOBAL_UNCERTAINTY_ASSIGNED_CONTEXT ( ( #3624 ) ) GLOBAL_UNIT_ASSIGNED_CONTEXT ( ( #3648, #1851, #994 ) ) REPRESENTATION_CONTEXT ( 'NONE', 'WORKASPACE' ) );
#1154 =( NAMED_UNIT ( * ) SI_UNIT ( $, .STERADIAN. ) SOLID_ANGLE_UNIT ( ) );
#1155 =( NAMED_UNIT ( * ) SI_UNIT ( $, .STERADIAN. ) SOLID_ANGLE_UNIT ( ) );
#1156 = EDGE_LOOP ( 'NONE', ( #3137, #1783, #2966, #2075, #1195, #2538, #239, #3662 ) ) ;
#1157 = DIRECTION ( 'NONE',  ( -1.000000000000000000, 0.000000000000000000, 0.000000000000000000 ) ) ;
#1158 = EDGE_CURVE ( 'NONE', #2844, #3622, #1969, .T. ) ;
#1159 = LINE ( 'NONE', #2332, #1561 ) ;
#1160 = CARTESIAN_POINT ( 'NONE',  ( 0.000000000000000000, 0.000000000000000000, 0.000000000000000000 ) ) ;
#1161 = SURFACE_STYLE_USAGE ( .BOTH. , #910 ) ;
#1162 = DIRECTION ( 'NONE',  ( -1.439511215072999979E-16, 1.000000000000000000, 0.000000000000000000 ) ) ;
#1163 = LINE ( 'NONE', #271, #222 ) ;
#1164 = ORIENTED_EDGE ( 'NONE', *, *, #1349, .T. ) ;
#1165 = DIRECTION ( 'NONE',  ( 0.000000000000000000, -1.000000000000000000, -0.000000000000000000 ) ) ;
#1166 = AXIS2_PLACEMENT_3D ( 'NONE', #3554, #888, #3252 ) ;
#1167 = SURFACE_SIDE_STYLE ('',( #3819 ) ) ;
#1168 =( LENGTH_UNIT ( ) NAMED_UNIT ( * ) SI_UNIT ( .MILLI., .METRE. ) );
#1169 =( LENGTH_UNIT ( ) NAMED_UNIT ( * ) SI_UNIT ( .MILLI., .METRE. ) );
#1170 = ORIENTED_EDGE ( 'NONE', *, *, #28, .T. ) ;
#1171 = DIRECTION ( 'NONE',  ( 1.000000000000000000, -0.000000000000000000, -0.000000000000000000 ) ) ;
#1172 = CARTESIAN_POINT ( 'NONE',  ( -1.830000000000000071, -5.500593801517999815, 1.624777735194000039 ) ) ;
#1173 = MECHANICAL_DESIGN_GEOMETRIC_PRESENTATION_REPRESENTATION (  '', ( #2967 ), #3143 ) ;
#1174 = PRESENTATION_LAYER_ASSIGNMENT (  '', '', ( #974 ) ) ;
#1175 = CARTESIAN_POINT ( 'NONE',  ( 2.540000000000000036, -7.837500000000000355, 0.5250000000000000222 ) ) ;
#1176 = EDGE_CURVE ( 'NONE', #1658, #1526, #779, .T. ) ;
#1177 = ORIENTED_EDGE ( 'NONE', *, *, #2622, .F. ) ;
#1178 = STYLED_ITEM ( 'NONE', ( #3754 ), #2106 ) ;
#1179 = SURFACE_STYLE_FILL_AREA ( #2390 ) ;
#1180 = SURFACE_STYLE_FILL_AREA ( #3791 ) ;
#1181 = MECHANICAL_DESIGN_GEOMETRIC_PRESENTATION_REPRESENTATION (  '', ( #1838 ), #2533 ) ;
#1182 = EDGE_CURVE ( 'NONE', #3484, #1132, #1069, .T. ) ;
#1183 = SURFACE_STYLE_USAGE ( .BOTH. , #3561 ) ;
#1184 = PLANE ( 'NONE',  #85 ) ;
#1185 = COLOUR_RGB ( '',0.8980392156862745390, 0.8980392156862745390, 0.8980392156862745390 ) ;
#1186 = CARTESIAN_POINT ( 'NONE',  ( -2.540000000000000036, -4.912499999999999645, 0.6999999999999999556 ) ) ;
#1187 = PRODUCT_DEFINITION_SHAPE ( 'NONE', 'NONE',  #3856 ) ;
#1188 = STYLED_ITEM ( 'NONE', ( #1246 ), #3539 ) ;
#1189 = ORIENTED_EDGE ( 'NONE', *, *, #2847, .F. ) ;
#1190 = LINE ( 'NONE', #2381, #445 ) ;
#1191 = AXIS2_PLACEMENT_3D ( 'NONE', #2333, #182, #2919 ) ;
#1192 =( NAMED_UNIT ( * ) PLANE_ANGLE_UNIT ( ) SI_UNIT ( $, .RADIAN. ) );
#1193 = ORIENTED_EDGE ( 'NONE', *, *, #1765, .T. ) ;
#1194 = DIRECTION ( 'NONE',  ( -1.000000000000000000, 0.000000000000000000, -0.000000000000000000 ) ) ;
#1195 = ORIENTED_EDGE ( 'NONE', *, *, #657, .T. ) ;
#1196 = SURFACE_STYLE_USAGE ( .BOTH. , #2012 ) ;
#1197 = SURFACE_SIDE_STYLE ('',( #3399 ) ) ;
#1198 = EDGE_CURVE ( 'NONE', #115, #427, #3454, .T. ) ;
#1199 = CARTESIAN_POINT ( 'NONE',  ( 2.540000000000000036, -5.658512068910000359, 0.8000000000000000444 ) ) ;
#1200 =( NAMED_UNIT ( * ) PLANE_ANGLE_UNIT ( ) SI_UNIT ( $, .RADIAN. ) );
#1201 = DIRECTION ( 'NONE',  ( 1.000000000000000000, 0.000000000000000000, 0.000000000000000000 ) ) ;
#1202 = ORIENTED_EDGE ( 'NONE', *, *, #2539, .T. ) ;
#1203 = CARTESIAN_POINT ( 'NONE',  ( 1.274999999999999911, 5.582394734081000287, 4.102739052316000112 ) ) ;
#1204 = DIRECTION ( 'NONE',  ( -1.000000000000000000, 0.000000000000000000, 0.000000000000000000 ) ) ;
#1205 = AXIS2_PLACEMENT_3D ( 'NONE', #2762, #2111, #643 ) ;
#1206 = DIRECTION ( 'NONE',  ( 0.000000000000000000, 1.000000000000000000, -0.000000000000000000 ) ) ;
#1207 = CARTESIAN_POINT ( 'NONE',  ( 5.099999999998638955, 0.7499999999977846610, 1.295000000013678765 ) ) ;
#1208 = DIRECTION ( 'NONE',  ( -1.000000000000000000, -0.000000000000000000, -0.000000000000000000 ) ) ;
#1209 = STYLED_ITEM ( 'NONE', ( #3513 ), #439 ) ;
#1210 = ORIENTED_EDGE ( 'NONE', *, *, #729, .T. ) ;
#1211 = PRODUCT_DEFINITION_SHAPE ( 'NONE', 'NONE',  #2185 ) ;
#1212 =( NAMED_UNIT ( * ) SI_UNIT ( $, .STERADIAN. ) SOLID_ANGLE_UNIT ( ) );
#1213 = FACE_OUTER_BOUND ( 'NONE', #837, .T. ) ;
#1214 =( NAMED_UNIT ( * ) SI_UNIT ( $, .STERADIAN. ) SOLID_ANGLE_UNIT ( ) );
#1215 =( GEOMETRIC_REPRESENTATION_CONTEXT ( 3 ) GLOBAL_UNCERTAINTY_ASSIGNED_CONTEXT ( ( #1677 ) ) GLOBAL_UNIT_ASSIGNED_CONTEXT ( ( #2358, #1200, #1214 ) ) REPRESENTATION_CONTEXT ( 'NONE', 'WORKASPACE' ) );
#1216 = PRESENTATION_STYLE_ASSIGNMENT (( #3098 ) ) ;
#1217 =( NAMED_UNIT ( * ) PLANE_ANGLE_UNIT ( ) SI_UNIT ( $, .RADIAN. ) );
#1218 = DIRECTION ( 'NONE',  ( 0.000000000000000000, 0.000000000000000000, 1.000000000000000000 ) ) ;
#1219 = EDGE_LOOP ( 'NONE', ( #1038, #2352, #1127, #736 ) ) ;
#1220 = ADVANCED_FACE ( 'NONE', ( #3710 ), #2818, .F. ) ;
#1221 = DIRECTION ( 'NONE',  ( 0.000000000000000000, 0.9975640502598247528, -0.06975647374411773904 ) ) ;
#1222 = EDGE_CURVE ( 'NONE', #284, #346, #3188, .T. ) ;
#1223 = FILL_AREA_STYLE ('',( #1137 ) ) ;
#1224 =( LENGTH_UNIT ( ) NAMED_UNIT ( * ) SI_UNIT ( .MILLI., .METRE. ) );
#1225 = PRESENTATION_LAYER_ASSIGNMENT (  '', '', ( #22 ) ) ;
#1226 = STYLED_ITEM ( 'NONE', ( #1812 ), #1582 ) ;
#1227 = SURFACE_STYLE_USAGE ( .BOTH. , #579 ) ;
#1228 = DIRECTION ( 'NONE',  ( 0.000000000000000000, 1.000000000000000000, 0.000000000000000000 ) ) ;
#1229 = COLOUR_RGB ( '',0.8980392156862745390, 0.8980392156862745390, 0.8980392156862745390 ) ;
#1230 = LINE ( 'NONE', #943, #3397 ) ;
#1231 = CIRCLE ( 'NONE', #3281, 1.056647765655132076 ) ;
#1232 = PLANE ( 'NONE',  #1205 ) ;
#1233 = CARTESIAN_POINT ( 'NONE',  ( -5.099999999999999645, -2.757499999999999840, 0.000000000000000000 ) ) ;
#1234 = UNCERTAINTY_MEASURE_WITH_UNIT (LENGTH_MEASURE( 1.000000000000000082E-05 ), #2494, 'distance_accuracy_value', 'NONE');
#1235 = PRESENTATION_LAYER_ASSIGNMENT (  '', '', ( #3523 ) ) ;
#1236 = AXIS2_PLACEMENT_3D ( 'NONE', #3506, #1204, #2068 ) ;
#1237 = SURFACE_SIDE_STYLE ('',( #2670 ) ) ;
#1238 = ORIENTED_EDGE ( 'NONE', *, *, #1843, .F. ) ;
#1239 =( NAMED_UNIT ( * ) PLANE_ANGLE_UNIT ( ) SI_UNIT ( $, .RADIAN. ) );
#1240 = EDGE_CURVE ( 'NONE', #2091, #1299, #1682, .T. ) ;
#1241 = SHAPE_REPRESENTATION ( 'base', ( #2476 ), #46 ) ;
#1242 = CARTESIAN_POINT ( 'NONE',  ( 2.540000000000000036, -0.8856861454979999548, 2.589999999999999858 ) ) ;
#1243 =( GEOMETRIC_REPRESENTATION_CONTEXT ( 3 ) GLOBAL_UNCERTAINTY_ASSIGNED_CONTEXT ( ( #2598 ) ) GLOBAL_UNIT_ASSIGNED_CONTEXT ( ( #369, #986, #1313 ) ) REPRESENTATION_CONTEXT ( 'NONE', 'WORKASPACE' ) );
#1244 = DIRECTION ( 'NONE',  ( 0.000000000000000000, 0.9975640502598247528, -0.06975647374411773904 ) ) ;
#1245 = MECHANICAL_DESIGN_GEOMETRIC_PRESENTATION_REPRESENTATION (  '', ( #1545 ), #2543 ) ;
#1246 = PRESENTATION_STYLE_ASSIGNMENT (( #2933 ) ) ;
#1247 = VERTEX_POINT ( 'NONE', #117 ) ;
#1248 =( NAMED_UNIT ( * ) PLANE_ANGLE_UNIT ( ) SI_UNIT ( $, .RADIAN. ) );
#1249 = ADVANCED_FACE ( 'NONE', ( #1640 ), #758, .T. ) ;
#1250 = SURFACE_STYLE_FILL_AREA ( #958 ) ;
#1251 = DIRECTION ( 'NONE',  ( 1.000000000000000000, 0.000000000000000000, -0.000000000000000000 ) ) ;
#1252 = LINE ( 'NONE', #3047, #2965 ) ;
#1253 = DIRECTION ( 'NONE',  ( 0.000000000000000000, -0.000000000000000000, 1.000000000000000000 ) ) ;
#1254 = ORIENTED_EDGE ( 'NONE', *, *, #1126, .F. ) ;
#1255 = ORIENTED_EDGE ( 'NONE', *, *, #3725, .F. ) ;
#1256 = FILL_AREA_STYLE_COLOUR ( '', #2318 ) ;
#1257 = DIRECTION ( 'NONE',  ( -1.000000000000000000, 0.000000000000000000, -0.000000000000000000 ) ) ;
#1258 = EDGE_CURVE ( 'NONE', #1635, #708, #1444, .T. ) ;
#1259 = CLOSED_SHELL ( 'NONE', ( #2301, #2424, #57, #3290, #251, #371, #2399, #689, #3269, #13, #2112, #1613, #439, #590, #2982, #3604, #2406, #999, #1302, #2518, #505, #1220, #1582, #1576, #455, #1329 ) ) ;
#1260 = ORIENTED_EDGE ( 'NONE', *, *, #495, .F. ) ;
#1261 = DIRECTION ( 'NONE',  ( 0.000000000000000000, -0.000000000000000000, -1.000000000000000000 ) ) ;
#1262 = STYLED_ITEM ( 'NONE', ( #3709 ), #347 ) ;
#1263 = VERTEX_POINT ( 'NONE', #2655 ) ;
#1264 = VECTOR ( 'NONE', #3207, 1000.000000000000000 ) ;
#1265 =( LENGTH_UNIT ( ) NAMED_UNIT ( * ) SI_UNIT ( .MILLI., .METRE. ) );
#1266 = EDGE_CURVE ( 'NONE', #2934, #860, #1787, .T. ) ;
#1267 = CARTESIAN_POINT ( 'NONE',  ( -4.043352234354813390, 0.000000000000000000, 4.799999999875126377 ) ) ;
#1268 = DIRECTION ( 'NONE',  ( 1.000000000000000000, 0.000000000000000000, 0.000000000000000000 ) ) ;
#1269 = CARTESIAN_POINT ( 'NONE',  ( -5.099999999999999645, 3.547668028469999957, 1.294999999999999929 ) ) ;
#1270 = VECTOR ( 'NONE', #2119, 1000.000000000000000 ) ;
#1271 = CARTESIAN_POINT ( 'NONE',  ( 5.099999999999999645, 0.000000000000000000, 4.799999999875126377 ) ) ;
#1272 =( NAMED_UNIT ( * ) PLANE_ANGLE_UNIT ( ) SI_UNIT ( $, .RADIAN. ) );
#1273 =( NAMED_UNIT ( * ) SI_UNIT ( $, .STERADIAN. ) SOLID_ANGLE_UNIT ( ) );
#1274 = PLANE ( 'NONE',  #576 ) ;
#1275 = SURFACE_SIDE_STYLE ('',( #2711 ) ) ;
#1276 = CARTESIAN_POINT ( 'NONE',  ( 2.549999999999999822, 6.203815251223000260, 2.947500000000000231 ) ) ;
#1277 = EDGE_LOOP ( 'NONE', ( #875, #659, #467, #2729, #1940, #3030, #546, #2612 ) ) ;
#1278 = CARTESIAN_POINT ( 'NONE',  ( 2.540000000000000036, -4.757409142714905670, 2.217902589497993127 ) ) ;
#1279 = VERTEX_POINT ( 'NONE', #578 ) ;
#1280 = SURFACE_STYLE_FILL_AREA ( #1848 ) ;
#1281 = PRESENTATION_LAYER_ASSIGNMENT (  '', '', ( #852 ) ) ;
#1282 = EDGE_CURVE ( 'NONE', #115, #3685, #1498, .T. ) ;
#1283 = PRESENTATION_STYLE_ASSIGNMENT (( #325 ) ) ;
#1284 = COLOUR_RGB ( '',0.2862745098039215508, 0.2862745098039215508, 0.2862745098039215508 ) ;
#1285 = DIRECTION ( 'NONE',  ( 0.000000000000000000, 0.9975640502598247528, -0.06975647374411773904 ) ) ;
#1286 = CARTESIAN_POINT ( 'NONE',  ( -4.425806578238000277, 6.377500000000000391, 0.000000000000000000 ) ) ;
#1287 = COLOUR_RGB ( '',0.8980392156862745390, 0.8980392156862745390, 0.8980392156862745390 ) ;
#1288 = ORIENTED_EDGE ( 'NONE', *, *, #919, .T. ) ;
#1289 =( NAMED_UNIT ( * ) PLANE_ANGLE_UNIT ( ) SI_UNIT ( $, .RADIAN. ) );
#1290 = VERTEX_POINT ( 'NONE', #1725 ) ;
#1291 =( NAMED_UNIT ( * ) SI_UNIT ( $, .STERADIAN. ) SOLID_ANGLE_UNIT ( ) );
#1292 = AXIS2_PLACEMENT_3D ( 'NONE', #2464, #2607, #2162 ) ;
#1293 = FACE_OUTER_BOUND ( 'NONE', #449, .T. ) ;
#1294 = MECHANICAL_DESIGN_GEOMETRIC_PRESENTATION_REPRESENTATION (  '', ( #798 ), #1656 ) ;
#1295 = CIRCLE ( 'NONE', #527, 0.3999999999999999667 ) ;
#1296 = AXIS2_PLACEMENT_3D ( 'NONE', #1323, #3070, #1911 ) ;
#1297 = COLOUR_RGB ( '',0.7921568627450980005, 0.8196078431372548767, 0.9333333333333333481 ) ;
#1298 = DIRECTION ( 'NONE',  ( 0.000000000000000000, 1.000000000000000000, 0.000000000000000000 ) ) ;
#1299 = VERTEX_POINT ( 'NONE', #1769 ) ;
#1300 = ORIENTED_EDGE ( 'NONE', *, *, #1126, .T. ) ;
#1301 = DIRECTION ( 'NONE',  ( -0.000000000000000000, 1.000000000000000000, -2.478176394252999853E-17 ) ) ;
#1302 = ADVANCED_FACE ( 'NONE', ( #2957 ), #921, .F. ) ;
#1303 = CARTESIAN_POINT ( 'NONE',  ( -5.099999999998716227, -0.7499999999977844389, 1.295000000013686758 ) ) ;
#1304 = VERTEX_POINT ( 'NONE', #838 ) ;
#1305 =( LENGTH_UNIT ( ) NAMED_UNIT ( * ) SI_UNIT ( .MILLI., .METRE. ) );
#1306 = EDGE_CURVE ( 'NONE', #1746, #1023, #3209, .T. ) ;
#1307 = SURFACE_STYLE_USAGE ( .BOTH. , #3112 ) ;
#1308 = PLANE ( 'NONE',  #10 ) ;
#1309 =( NAMED_UNIT ( * ) SI_UNIT ( $, .STERADIAN. ) SOLID_ANGLE_UNIT ( ) );
#1310 = EDGE_CURVE ( 'NONE', #3563, #1724, #2632, .T. ) ;
#1311 = FILL_AREA_STYLE_COLOUR ( '', #1791 ) ;
#1312 = FILL_AREA_STYLE ('',( #1897 ) ) ;
#1313 =( NAMED_UNIT ( * ) SI_UNIT ( $, .STERADIAN. ) SOLID_ANGLE_UNIT ( ) );
#1314 = ORIENTED_EDGE ( 'NONE', *, *, #1905, .T. ) ;
#1315 = CARTESIAN_POINT ( 'NONE',  ( 2.540000000000000036, -4.638138048453000373, 3.290000000000000036 ) ) ;
#1316 = ORIENTED_EDGE ( 'NONE', *, *, #3649, .F. ) ;
#1317 = STYLED_ITEM ( 'NONE', ( #2311 ), #127 ) ;
#1318 =( LENGTH_UNIT ( ) NAMED_UNIT ( * ) SI_UNIT ( .MILLI., .METRE. ) );
#1319 = CONICAL_SURFACE ( 'NONE', #1685, 1.056647765645186032, 0.08726646260101049435 ) ;
#1320 = VERTEX_POINT ( 'NONE', #2330 ) ;
#1321 = FILL_AREA_STYLE_COLOUR ( '', #772 ) ;
#1322 = MECHANICAL_DESIGN_GEOMETRIC_PRESENTATION_REPRESENTATION (  '', ( #3003 ), #1624 ) ;
#1323 = CARTESIAN_POINT ( 'NONE',  ( 0.000000000000000000, -1.408298662706999993, 4.599999999999999645 ) ) ;
#1324 = SHAPE_REPRESENTATION_RELATIONSHIP ( 'NONE' , 'NONE' ,  #314, #1125 ) ;
#1325 = CARTESIAN_POINT ( 'NONE',  ( -4.425806578238000277, 6.377500000000000391, 0.000000000000000000 ) ) ;
#1326 = STYLED_ITEM ( 'NONE', ( #2921 ), #935 ) ;
#1327 = EDGE_CURVE ( 'NONE', #2198, #1876, #2036, .T. ) ;
#1328 = PRESENTATION_STYLE_ASSIGNMENT (( #3717 ) ) ;
#1329 = ADVANCED_FACE ( 'NONE', ( #2140 ), #356, .F. ) ;
#1330 = LINE ( 'NONE', #649, #100 ) ;
#1331 = VERTEX_POINT ( 'NONE', #673 ) ;
#1332 = DIRECTION ( 'NONE',  ( 0.07015517768353440875, 0.7413137835816133725, -0.6674819288311142351 ) ) ;
#1333 = ORIENTED_EDGE ( 'NONE', *, *, #919, .F. ) ;
#1334 = UNCERTAINTY_MEASURE_WITH_UNIT (LENGTH_MEASURE( 1.000000000000000082E-05 ), #319, 'distance_accuracy_value', 'NONE');
#1335 = SURFACE_STYLE_FILL_AREA ( #733 ) ;
#1336 = DIRECTION ( 'NONE',  ( 1.000000000000000000, 0.000000000000000000, -0.000000000000000000 ) ) ;
#1337 = EDGE_LOOP ( 'NONE', ( #476, #2238, #1, #969, #1164, #3426 ) ) ;
#1338 = CARTESIAN_POINT ( 'NONE',  ( -2.220446049249999903E-15, 4.215168028469999939, 1.294999999999999929 ) ) ;
#1339 = VECTOR ( 'NONE', #2055, 1000.000000000000000 ) ;
#1340 = FACE_OUTER_BOUND ( 'NONE', #2681, .T. ) ;
#1341 = MECHANICAL_DESIGN_GEOMETRIC_PRESENTATION_REPRESENTATION (  '', ( #1880 ), #3447 ) ;
#1342 =( LENGTH_UNIT ( ) NAMED_UNIT ( * ) SI_UNIT ( .MILLI., .METRE. ) );
#1343 = UNCERTAINTY_MEASURE_WITH_UNIT (LENGTH_MEASURE( 1.000000000000000082E-05 ), #60, 'distance_accuracy_value', 'NONE');
#1344 = MECHANICAL_DESIGN_GEOMETRIC_PRESENTATION_REPRESENTATION (  '', ( #974 ), #3452 ) ;
#1345 =( NAMED_UNIT ( * ) SI_UNIT ( $, .STERADIAN. ) SOLID_ANGLE_UNIT ( ) );
#1346 = ORIENTED_EDGE ( 'NONE', *, *, #1077, .F. ) ;
#1347 = AXIS2_PLACEMENT_3D ( 'NONE', #815, #755, #3182 ) ;
#1348 = PLANE ( 'NONE',  #767 ) ;
#1349 = EDGE_CURVE ( 'NONE', #2628, #2910, #3592, .T. ) ;
#1350 = DIRECTION ( 'NONE',  ( -1.000000000000000000, -0.000000000000000000, -0.000000000000000000 ) ) ;
#1351 =( GEOMETRIC_REPRESENTATION_CONTEXT ( 3 ) GLOBAL_UNCERTAINTY_ASSIGNED_CONTEXT ( ( #294 ) ) GLOBAL_UNIT_ASSIGNED_CONTEXT ( ( #2326, #4, #52 ) ) REPRESENTATION_CONTEXT ( 'NONE', 'WORKASPACE' ) );
#1352 = CARTESIAN_POINT ( 'NONE',  ( -1.830000000000000071, -3.398914153144999784, 2.678054659170999940 ) ) ;
#1353 = CARTESIAN_POINT ( 'NONE',  ( -3.250000000000000888, -4.802298966336032038, 1.575948203573002138 ) ) ;
#1354 = ORIENTED_EDGE ( 'NONE', *, *, #2652, .F. ) ;
#1355 = STYLED_ITEM ( 'NONE', ( #2342 ), #3239 ) ;
#1356 = SURFACE_SIDE_STYLE ('',( #3702 ) ) ;
#1357 = ORIENTED_EDGE ( 'NONE', *, *, #3350, .T. ) ;
#1358 = CARTESIAN_POINT ( 'NONE',  ( 0.7500000000000000000, -1.408298662706999993, 4.570000000000000284 ) ) ;
#1359 = AXIS2_PLACEMENT_3D ( 'NONE', #1175, #2388, #1800 ) ;
#1360 = FILL_AREA_STYLE_COLOUR ( '', #2354 ) ;
#1361 = CARTESIAN_POINT ( 'NONE',  ( -5.099999999999999645, 6.377500000000000391, 0.000000000000000000 ) ) ;
#1362 = EDGE_CURVE ( 'NONE', #3392, #3580, #393, .T. ) ;
#1363 = FACE_OUTER_BOUND ( 'NONE', #3701, .T. ) ;
#1364 = CARTESIAN_POINT ( 'NONE',  ( 2.947500000000000231, -3.062821454583999792, 4.336808689942017736E-16 ) ) ;
#1365 =( NAMED_UNIT ( * ) SI_UNIT ( $, .STERADIAN. ) SOLID_ANGLE_UNIT ( ) );
#1366 = DIRECTION ( 'NONE',  ( 0.000000000000000000, 0.000000000000000000, 1.000000000000000000 ) ) ;
#1367 = DIRECTION ( 'NONE',  ( -0.9701425001453318764, 0.2425356250363333022, 0.000000000000000000 ) ) ;
#1368 = EDGE_LOOP ( 'NONE', ( #814, #674, #425, #490 ) ) ;
#1369 = FILL_AREA_STYLE ('',( #3468 ) ) ;
#1370 =( NAMED_UNIT ( * ) SI_UNIT ( $, .STERADIAN. ) SOLID_ANGLE_UNIT ( ) );
#1371 = SURFACE_SIDE_STYLE ('',( #3407 ) ) ;
#1372 = LINE ( 'NONE', #446, #3347 ) ;
#1373 = ORIENTED_EDGE ( 'NONE', *, *, #1327, .F. ) ;
#1374 = SURFACE_STYLE_USAGE ( .BOTH. , #1356 ) ;
#1375 = ORIENTED_EDGE ( 'NONE', *, *, #280, .F. ) ;
#1376 = FILL_AREA_STYLE ('',( #195 ) ) ;
#1377 = CARTESIAN_POINT ( 'NONE',  ( 0.000000000000000000, -0.8856861454979999548, 2.589999999999999858 ) ) ;
#1378 = EDGE_CURVE ( 'NONE', #2091, #2650, #2107, .T. ) ;
#1379 = VERTEX_POINT ( 'NONE', #691 ) ;
#1380 = DIRECTION ( 'NONE',  ( -0.000000000000000000, -1.000000000000000000, 0.000000000000000000 ) ) ;
#1381 = DIRECTION ( 'NONE',  ( 1.000000000000000000, 0.000000000000000000, -0.000000000000000000 ) ) ;
#1382 = STYLED_ITEM ( 'NONE', ( #890 ), #121 ) ;
#1383 =( NAMED_UNIT ( * ) SI_UNIT ( $, .STERADIAN. ) SOLID_ANGLE_UNIT ( ) );
#1384 = DIRECTION ( 'NONE',  ( 1.000000000000000000, 0.000000000000000000, 0.000000000000000000 ) ) ;
#1385 = LINE ( 'NONE', #3482, #1570 ) ;
#1386 = COLOUR_RGB ( '',0.2862745098039215508, 0.2862745098039215508, 0.2862745098039215508 ) ;
#1387 = PRODUCT_DEFINITION_SHAPE ( 'NONE', 'NONE',  #3859 ) ;
#1388 = ORIENTED_EDGE ( 'NONE', *, *, #1176, .F. ) ;
#1389 = VECTOR ( 'NONE', #704, 1000.000000000000000 ) ;
#1390 = CARTESIAN_POINT ( 'NONE',  ( -2.540000000000000036, -4.860460828702253266, 0.7441948210050176593 ) ) ;
#1391 = VECTOR ( 'NONE', #979, 1000.000000000000000 ) ;
#1392 = DIRECTION ( 'NONE',  ( -1.000000000000000000, -0.000000000000000000, -0.000000000000000000 ) ) ;
#1393 = CARTESIAN_POINT ( 'NONE',  ( 4.731609655393325120, -2.595399363577000074, 4.799999999999929656 ) ) ;
#1394 = VECTOR ( 'NONE', #47, 1000.000000000000000 ) ;
#1395 = ORIENTED_EDGE ( 'NONE', *, *, #1454, .F. ) ;
#1396 = VERTEX_POINT ( 'NONE', #988 ) ;
#1397 = ORIENTED_EDGE ( 'NONE', *, *, #1327, .T. ) ;
#1398 = CARTESIAN_POINT ( 'NONE',  ( 1.830000000000000071, -0.8856861454980000659, 2.678054659170999940 ) ) ;
#1399 = EDGE_CURVE ( 'NONE', #2774, #3392, #2442, .T. ) ;
#1400 = SURFACE_SIDE_STYLE ('',( #535 ) ) ;
#1401 = SURFACE_SIDE_STYLE ('',( #3170 ) ) ;
#1402 =( NAMED_UNIT ( * ) PLANE_ANGLE_UNIT ( ) SI_UNIT ( $, .RADIAN. ) );
#1403 = VECTOR ( 'NONE', #2194, 1000.000000000000000 ) ;
#1404 = MECHANICAL_DESIGN_GEOMETRIC_PRESENTATION_REPRESENTATION (  '', ( #3571 ), #1099 ) ;
#1405 = ORIENTED_EDGE ( 'NONE', *, *, #3205, .T. ) ;
#1406 = FACE_OUTER_BOUND ( 'NONE', #1562, .T. ) ;
#1407 = MECHANICAL_DESIGN_GEOMETRIC_PRESENTATION_REPRESENTATION (  '', ( #343 ), #614 ) ;
#1408 = AXIS2_PLACEMENT_3D ( 'NONE', #107, #1016, #3418 ) ;
#1409 = APPLICATION_CONTEXT ( 'automotive_design' ) ;
#1410 = CARTESIAN_POINT ( 'NONE',  ( -2.540000000000000036, -4.802298966336048913, 1.575948203573003470 ) ) ;
#1411 = PLANE ( 'NONE',  #1540 ) ;
#1412 = COLOUR_RGB ( '',0.8980392156862745390, 0.8980392156862745390, 0.8980392156862745390 ) ;
#1413 = MECHANICAL_DESIGN_GEOMETRIC_PRESENTATION_REPRESENTATION (  '', ( #1178 ), #2675 ) ;
#1414 = CARTESIAN_POINT ( 'NONE',  ( 5.100000000000153300, -0.4849999999999999867, 1.295000000000015916 ) ) ;
#1415 = SURFACE_STYLE_USAGE ( .BOTH. , #854 ) ;
#1416 = VERTEX_POINT ( 'NONE', #3063 ) ;
#1417 = COLOUR_RGB ( '',0.8980392156862745390, 0.8980392156862745390, 0.8980392156862745390 ) ;
#1418 = STYLED_ITEM ( 'NONE', ( #3646 ), #2301 ) ;
#1419 = FACE_OUTER_BOUND ( 'NONE', #3123, .T. ) ;
#1420 =( GEOMETRIC_REPRESENTATION_CONTEXT ( 3 ) GLOBAL_UNCERTAINTY_ASSIGNED_CONTEXT ( ( #1806 ) ) GLOBAL_UNIT_ASSIGNED_CONTEXT ( ( #1857, #2741, #1273 ) ) REPRESENTATION_CONTEXT ( 'NONE', 'WORKASPACE' ) );
#1421 = FACE_OUTER_BOUND ( 'NONE', #719, .T. ) ;
#1422 = EDGE_LOOP ( 'NONE', ( #3441, #3221 ) ) ;
#1423 =( LENGTH_UNIT ( ) NAMED_UNIT ( * ) SI_UNIT ( .MILLI., .METRE. ) );
#1424 =( GEOMETRIC_REPRESENTATION_CONTEXT ( 3 ) GLOBAL_UNCERTAINTY_ASSIGNED_CONTEXT ( ( #1571 ) ) GLOBAL_UNIT_ASSIGNED_CONTEXT ( ( #2361, #1609, #3379 ) ) REPRESENTATION_CONTEXT ( 'NONE', 'WORKASPACE' ) );
#1425 = DIRECTION ( 'NONE',  ( 0.000000000000000000, 0.000000000000000000, 1.000000000000000000 ) ) ;
#1426 = SURFACE_SIDE_STYLE ('',( #2392 ) ) ;
#1427 = MECHANICAL_DESIGN_GEOMETRIC_PRESENTATION_REPRESENTATION (  '', ( #1188 ), #3036 ) ;
#1428 = ADVANCED_FACE ( 'NONE', ( #2997 ), #637, .T. ) ;
#1429 = CARTESIAN_POINT ( 'NONE',  ( 1.830000000000000071, -4.358383522610999705, 2.189999999999999947 ) ) ;
#1430 = APPLICATION_PROTOCOL_DEFINITION ( 'draft international standard', 'automotive_design', 1998, #2692 ) ;
#1431 = UNCERTAINTY_MEASURE_WITH_UNIT (LENGTH_MEASURE( 1.000000000000000082E-05 ), #363, 'distance_accuracy_value', 'NONE');
#1432 = LINE ( 'NONE', #1997, #470 ) ;
#1433 = PRESENTATION_LAYER_ASSIGNMENT (  '', '', ( #304 ) ) ;
#1434 = ORIENTED_EDGE ( 'NONE', *, *, #1905, .F. ) ;
#1435 = ADVANCED_FACE ( 'NONE', ( #2237 ), #1600, .T. ) ;
#1436 = SURFACE_SIDE_STYLE ('',( #2319 ) ) ;
#1437 = CARTESIAN_POINT ( 'NONE',  ( -3.250000000000000444, -3.398914153144999784, 2.678054659170999940 ) ) ;
#1438 = LINE ( 'NONE', #2004, #2737 ) ;
#1439 = EDGE_CURVE ( 'NONE', #3789, #3467, #782, .T. ) ;
#1440 =( NAMED_UNIT ( * ) PLANE_ANGLE_UNIT ( ) SI_UNIT ( $, .RADIAN. ) );
#1441 = ORIENTED_EDGE ( 'NONE', *, *, #3548, .F. ) ;
#1442 = DIRECTION ( 'NONE',  ( -0.1045284632679059911, 0.000000000000000000, 0.9945218953682467555 ) ) ;
#1443 = ORIENTED_EDGE ( 'NONE', *, *, #1222, .F. ) ;
#1444 = LINE ( 'NONE', #308, #1875 ) ;
#1445 = DIRECTION ( 'NONE',  ( 0.000000000000000000, 0.000000000000000000, -1.000000000000000000 ) ) ;
#1446 =( NAMED_UNIT ( * ) PLANE_ANGLE_UNIT ( ) SI_UNIT ( $, .RADIAN. ) );
#1447 = CARTESIAN_POINT ( 'NONE',  ( 2.947500000000000231, -5.938266594751000049, 1.100000000000000089 ) ) ;
#1448 = CARTESIAN_POINT ( 'NONE',  ( 5.099999999998638955, 0.7499999999977846610, 1.295000000013678765 ) ) ;
#1449 = CARTESIAN_POINT ( 'NONE',  ( 4.731609655394000136, 4.808007999481158201, 4.800000000000175682 ) ) ;
#1450 = COLOUR_RGB ( '',0.2862745098039215508, 0.2862745098039215508, 0.2862745098039215508 ) ;
#1451 = ORIENTED_EDGE ( 'NONE', *, *, #2509, .F. ) ;
#1452 = DIRECTION ( 'NONE',  ( -0.000000000000000000, -0.000000000000000000, -1.000000000000000000 ) ) ;
#1453 = VECTOR ( 'NONE', #1533, 1000.000000000000000 ) ;
#1454 = EDGE_CURVE ( 'NONE', #1743, #1538, #2540, .T. ) ;
#1455 = PRESENTATION_STYLE_ASSIGNMENT (( #1761 ) ) ;
#1456 =( GEOMETRIC_REPRESENTATION_CONTEXT ( 3 ) GLOBAL_UNCERTAINTY_ASSIGNED_CONTEXT ( ( #3557 ) ) GLOBAL_UNIT_ASSIGNED_CONTEXT ( ( #1824, #3185, #1155 ) ) REPRESENTATION_CONTEXT ( 'NONE', 'WORKASPACE' ) );
#1457 = VERTEX_POINT ( 'NONE', #1062 ) ;
#1458 =( NAMED_UNIT ( * ) SI_UNIT ( $, .STERADIAN. ) SOLID_ANGLE_UNIT ( ) );
#1459 = VECTOR ( 'NONE', #945, 1000.000000000000000 ) ;
#1460 = ORIENTED_EDGE ( 'NONE', *, *, #472, .T. ) ;
#1461 = DIRECTION ( 'NONE',  ( -0.000000000000000000, 1.000000000000000000, 0.000000000000000000 ) ) ;
#1462 = FILL_AREA_STYLE_COLOUR ( '', #601 ) ;
#1463 = CARTESIAN_POINT ( 'NONE',  ( 4.425806578238000277, 0.7178360569389999890, 0.000000000000000000 ) ) ;
#1464 = UNCERTAINTY_MEASURE_WITH_UNIT (LENGTH_MEASURE( 1.000000000000000082E-05 ), #1265, 'distance_accuracy_value', 'NONE');
#1465 = PRODUCT_DEFINITION_CONTEXT ( 'detailed design', #2692, 'design' ) ;
#1466 =( LENGTH_UNIT ( ) NAMED_UNIT ( * ) SI_UNIT ( .MILLI., .METRE. ) );
#1467 =( NAMED_UNIT ( * ) SI_UNIT ( $, .STERADIAN. ) SOLID_ANGLE_UNIT ( ) );
#1468 = CARTESIAN_POINT ( 'NONE',  ( 5.099999999999999645, 6.377500000000000391, 0.000000000000000000 ) ) ;
#1469 = CONTEXT_DEPENDENT_SHAPE_REPRESENTATION ( #2714, #1387 ) ;
#1470 = UNCERTAINTY_MEASURE_WITH_UNIT (LENGTH_MEASURE( 1.000000000000000082E-05 ), #3092, 'distance_accuracy_value', 'NONE');
#1471 = ORIENTED_EDGE ( 'NONE', *, *, #1378, .F. ) ;
#1472 =( GEOMETRIC_REPRESENTATION_CONTEXT ( 3 ) GLOBAL_UNCERTAINTY_ASSIGNED_CONTEXT ( ( #1026 ) ) GLOBAL_UNIT_ASSIGNED_CONTEXT ( ( #3193, #1688, #1002 ) ) REPRESENTATION_CONTEXT ( 'NONE', 'WORKASPACE' ) );
#1473 = SURFACE_SIDE_STYLE ('',( #3849 ) ) ;
#1474 = SURFACE_SIDE_STYLE ('',( #2003 ) ) ;
#1475 =( LENGTH_UNIT ( ) NAMED_UNIT ( * ) SI_UNIT ( .MILLI., .METRE. ) );
#1476 = STYLED_ITEM ( 'NONE', ( #2046 ), #2424 ) ;
#1477 = EDGE_CURVE ( 'NONE', #3685, #1320, #489, .T. ) ;
#1478 =( NAMED_UNIT ( * ) PLANE_ANGLE_UNIT ( ) SI_UNIT ( $, .RADIAN. ) );
#1479 = VERTEX_POINT ( 'NONE', #3136 ) ;
#1480 = ORIENTED_EDGE ( 'NONE', *, *, #657, .F. ) ;
#1481 = CIRCLE ( 'NONE', #1042, 0.7500000000000000000 ) ;
#1482 = MECHANICAL_DESIGN_GEOMETRIC_PRESENTATION_REPRESENTATION (  '', ( #3775 ), #225 ) ;
#1483 =( LENGTH_UNIT ( ) NAMED_UNIT ( * ) SI_UNIT ( .MILLI., .METRE. ) );
#1484 = DIRECTION ( 'NONE',  ( 0.000000000000000000, 1.000000000000000000, 0.000000000000000000 ) ) ;
#1485 = DIRECTION ( 'NONE',  ( 0.000000000000000000, 0.000000000000000000, -1.000000000000000000 ) ) ;
#1486 = CARTESIAN_POINT ( 'NONE',  ( -2.947500000000000231, -4.912499999999999645, 0.000000000000000000 ) ) ;
#1487 = VECTOR ( 'NONE', #1032, 1000.000000000000000 ) ;
#1488 = PRODUCT_CONTEXT ( 'NONE', #3545, 'mechanical' ) ;
#1489 = DIRECTION ( 'NONE',  ( -0.000000000000000000, 0.000000000000000000, -1.000000000000000000 ) ) ;
#1490 = VECTOR ( 'NONE', #2850, 1000.000000000000114 ) ;
#1491 = VERTEX_POINT ( 'NONE', #1085 ) ;
#1492 = FACE_OUTER_BOUND ( 'NONE', #998, .T. ) ;
#1493 =( NAMED_UNIT ( * ) PLANE_ANGLE_UNIT ( ) SI_UNIT ( $, .RADIAN. ) );
#1494 = EDGE_LOOP ( 'NONE', ( #1639, #555, #63, #1193, #252, #3787, #630, #370 ) ) ;
#1495 = CARTESIAN_POINT ( 'NONE',  ( -0.7500000000000000000, -1.408298662706999993, 4.570000000000000284 ) ) ;
#1496 = FILL_AREA_STYLE_COLOUR ( '', #2092 ) ;
#1497 = VERTEX_POINT ( 'NONE', #1048 ) ;
#1498 = LINE ( 'NONE', #533, #2960 ) ;
#1499 = PRESENTATION_STYLE_ASSIGNMENT (( #3254 ) ) ;
#1500 = UNCERTAINTY_MEASURE_WITH_UNIT (LENGTH_MEASURE( 1.000000000000000082E-05 ), #1466, 'distance_accuracy_value', 'NONE');
#1501 = FACE_OUTER_BOUND ( 'NONE', #1655, .T. ) ;
#1502 = EDGE_CURVE ( 'NONE', #2514, #1847, #629, .T. ) ;
#1503 = CARTESIAN_POINT ( 'NONE',  ( -4.893710291816000257, -2.757499999999999840, 3.257715466812999949 ) ) ;
#1504 = CARTESIAN_POINT ( 'NONE',  ( -2.132499999999999840, -5.938266594751000049, 0.7000000000000000666 ) ) ;
#1505 = LINE ( 'NONE', #2337, #2668 ) ;
#1506 = EDGE_CURVE ( 'NONE', #1676, #184, #793, .T. ) ;
#1507 = VERTEX_POINT ( 'NONE', #3448 ) ;
#1508 = CARTESIAN_POINT ( 'NONE',  ( 5.099999999999999645, -2.772500000000000409, 1.294999999999999929 ) ) ;
#1509 = CONICAL_SURFACE ( 'NONE', #3736, 1.056647765645186032, 0.08726646260101049435 ) ;
#1510 =( GEOMETRIC_REPRESENTATION_CONTEXT ( 3 ) GLOBAL_UNCERTAINTY_ASSIGNED_CONTEXT ( ( #1500 ) ) GLOBAL_UNIT_ASSIGNED_CONTEXT ( ( #1466, #2042, #2356 ) ) REPRESENTATION_CONTEXT ( 'NONE', 'WORKASPACE' ) );
#1511 = COLOUR_RGB ( '',0.2862745098039215508, 0.2862745098039215508, 0.2862745098039215508 ) ;
#1512 = PRESENTATION_STYLE_ASSIGNMENT (( #554 ) ) ;
#1513 = FACE_OUTER_BOUND ( 'NONE', #237, .T. ) ;
#1514 = PRODUCT_RELATED_PRODUCT_CATEGORY ( 'part', '', ( #615 ) ) ;
#1515 = LINE ( 'NONE', #3625, #3150 ) ;
#1516 = VECTOR ( 'NONE', #311, 1000.000000000000000 ) ;
#1517 = LINE ( 'NONE', #844, #1516 ) ;
#1518 = PLANE ( 'NONE',  #1647 ) ;
#1519 = CARTESIAN_POINT ( 'NONE',  ( -4.731609655393905101, 0.9903499657522626398, 4.799999999994406075 ) ) ;
#1520 = EDGE_CURVE ( 'NONE', #3113, #3241, #1964, .T. ) ;
#1521 = ORIENTED_EDGE ( 'NONE', *, *, #716, .T. ) ;
#1522 =( LENGTH_UNIT ( ) NAMED_UNIT ( * ) SI_UNIT ( .MILLI., .METRE. ) );
#1523 = SURFACE_STYLE_USAGE ( .BOTH. , #1275 ) ;
#1524 = PRESENTATION_LAYER_ASSIGNMENT (  '', '', ( #3206 ) ) ;
#1525 = CARTESIAN_POINT ( 'NONE',  ( 2.947500000000000231, -7.837500000000000355, 4.336808689942017736E-16 ) ) ;
#1526 = VERTEX_POINT ( 'NONE', #2217 ) ;
#1527 = CARTESIAN_POINT ( 'NONE',  ( -4.425806578238000277, 1.802499999999999991, 0.000000000000000000 ) ) ;
#1528 = ORIENTED_EDGE ( 'NONE', *, *, #331, .F. ) ;
#1529 = CIRCLE ( 'NONE', #299, 0.7500000000000000000 ) ;
#1530 = COLOUR_RGB ( '',0.8980392156862745390, 0.8980392156862745390, 0.8980392156862745390 ) ;
#1531 = DIRECTION ( 'NONE',  ( 1.000000000000000000, -0.000000000000000000, 0.000000000000000000 ) ) ;
#1532 = AXIS2_PLACEMENT_3D ( 'NONE', #759, #2590, #1926 ) ;
#1533 = DIRECTION ( 'NONE',  ( -1.000000000000000000, 0.000000000000000000, 0.000000000000000000 ) ) ;
#1534 =( NAMED_UNIT ( * ) SI_UNIT ( $, .STERADIAN. ) SOLID_ANGLE_UNIT ( ) );
#1535 = AXIS2_PLACEMENT_3D ( 'NONE', #3386, #3762, #170 ) ;
#1536 = AXIS2_PLACEMENT_3D ( 'NONE', #3763, #1881, #2797 ) ;
#1537 = ORIENTED_EDGE ( 'NONE', *, *, #3086, .F. ) ;
#1538 = VERTEX_POINT ( 'NONE', #426 ) ;
#1539 =( LENGTH_UNIT ( ) NAMED_UNIT ( * ) SI_UNIT ( .MILLI., .METRE. ) );
#1540 = AXIS2_PLACEMENT_3D ( 'NONE', #2608, #3783, #3198 ) ;
#1541 = EDGE_CURVE ( 'NONE', #2054, #2890, #2812, .T. ) ;
#1542 = FACE_OUTER_BOUND ( 'NONE', #2877, .T. ) ;
#1543 = VECTOR ( 'NONE', #2626, 1000.000000000000000 ) ;
#1544 =( NAMED_UNIT ( * ) PLANE_ANGLE_UNIT ( ) SI_UNIT ( $, .RADIAN. ) );
#1545 = STYLED_ITEM ( 'NONE', ( #138 ), #1125 ) ;
#1546 = ADVANCED_FACE ( 'NONE', ( #2515 ), #752, .T. ) ;
#1547 = LINE ( 'NONE', #3101, #1797 ) ;
#1548 = ORIENTED_EDGE ( 'NONE', *, *, #3412, .T. ) ;
#1549 = ORIENTED_EDGE ( 'NONE', *, *, #534, .F. ) ;
#1550 = FILL_AREA_STYLE_COLOUR ( '', #1412 ) ;
#1551 = DIRECTION ( 'NONE',  ( -0.000000000000000000, -1.000000000000000000, 0.000000000000000000 ) ) ;
#1552 = CARTESIAN_POINT ( 'NONE',  ( -2.540000000000000036, -4.802298966336048913, 1.575948203573003470 ) ) ;
#1553 = LINE ( 'NONE', #1886, #1781 ) ;
#1554 =( LENGTH_UNIT ( ) NAMED_UNIT ( * ) SI_UNIT ( .MILLI., .METRE. ) );
#1555 = ORIENTED_EDGE ( 'NONE', *, *, #3080, .F. ) ;
#1556 = DIRECTION ( 'NONE',  ( -1.000000000000000000, -0.000000000000000000, -0.000000000000000000 ) ) ;
#1557 = ADVANCED_FACE ( 'NONE', ( #2366 ), #2611, .T. ) ;
#1558 = DIRECTION ( 'NONE',  ( 3.598778037682999888E-16, -1.000000000000000000, 0.000000000000000000 ) ) ;
#1559 = VERTEX_POINT ( 'NONE', #2912 ) ;
#1560 = FILL_AREA_STYLE ('',( #2125 ) ) ;
#1561 = VECTOR ( 'NONE', #869, 1000.000000000000000 ) ;
#1562 = EDGE_LOOP ( 'NONE', ( #531, #1150, #2261, #3119 ) ) ;
#1563 = CARTESIAN_POINT ( 'NONE',  ( 5.099999999999999645, 6.377500000000000391, 0.000000000000000000 ) ) ;
#1564 = UNCERTAINTY_MEASURE_WITH_UNIT (LENGTH_MEASURE( 1.000000000000000082E-05 ), #1224, 'distance_accuracy_value', 'NONE');
#1565 = DIRECTION ( 'NONE',  ( 0.000000000000000000, -1.000000000000000000, 0.000000000000000000 ) ) ;
#1566 = MECHANICAL_DESIGN_GEOMETRIC_PRESENTATION_REPRESENTATION (  '', ( #64 ), #2246 ) ;
#1567 = DIRECTION ( 'NONE',  ( -1.000000000000000000, 0.000000000000000000, 0.000000000000000000 ) ) ;
#1568 = PRESENTATION_STYLE_ASSIGNMENT (( #2467 ) ) ;
#1569 = FILL_AREA_STYLE ('',( #2963 ) ) ;
#1570 = VECTOR ( 'NONE', #3794, 1000.000000000000114 ) ;
#1571 = UNCERTAINTY_MEASURE_WITH_UNIT (LENGTH_MEASURE( 1.000000000000000082E-05 ), #2361, 'distance_accuracy_value', 'NONE');
#1572 =( NAMED_UNIT ( * ) SI_UNIT ( $, .STERADIAN. ) SOLID_ANGLE_UNIT ( ) );
#1573 = PRESENTATION_STYLE_ASSIGNMENT (( #50 ) ) ;
#1574 = DIRECTION ( 'NONE',  ( -1.000000000000000000, -0.000000000000000000, -0.000000000000000000 ) ) ;
#1575 =( NAMED_UNIT ( * ) PLANE_ANGLE_UNIT ( ) SI_UNIT ( $, .RADIAN. ) );
#1576 = ADVANCED_FACE ( 'NONE', ( #1782 ), #1133, .F. ) ;
#1577 = VECTOR ( 'NONE', #242, 1000.000000000000000 ) ;
#1578 = ORIENTED_EDGE ( 'NONE', *, *, #742, .T. ) ;
#1579 = EDGE_LOOP ( 'NONE', ( #2443, #1063, #1528, #441 ) ) ;
#1580 =( LENGTH_UNIT ( ) NAMED_UNIT ( * ) SI_UNIT ( .MILLI., .METRE. ) );
#1581 = DIRECTION ( 'NONE',  ( -1.000000000000000000, -0.000000000000000000, -0.000000000000000000 ) ) ;
#1582 = ADVANCED_FACE ( 'NONE', ( #381 ), #2770, .T. ) ;
#1583 =( NAMED_UNIT ( * ) PLANE_ANGLE_UNIT ( ) SI_UNIT ( $, .RADIAN. ) );
#1584 = LINE ( 'NONE', #1267, #3265 ) ;
#1585 = SURFACE_STYLE_USAGE ( .BOTH. , #2432 ) ;
#1586 = STYLED_ITEM ( 'NONE', ( #2292 ), #2698 ) ;
#1587 = VECTOR ( 'NONE', #740, 1000.000000000000000 ) ;
#1588 = EDGE_LOOP ( 'NONE', ( #920, #3536, #1255, #1962 ) ) ;
#1589 = DIRECTION ( 'NONE',  ( 0.000000000000000000, -0.000000000000000000, 1.000000000000000000 ) ) ;
#1590 = COLOUR_RGB ( '',0.2862745098039215508, 0.2862745098039215508, 0.2862745098039215508 ) ;
#1591 = PRESENTATION_LAYER_ASSIGNMENT (  '', '', ( #666 ) ) ;
#1592 = CARTESIAN_POINT ( 'NONE',  ( 3.250000000000000888, -0.8856861454980000659, 3.290000000000000036 ) ) ;
#1593 = AXIS2_PLACEMENT_3D ( 'NONE', #1936, #1059, #1020 ) ;
#1594 = VECTOR ( 'NONE', #3535, 1000.000000000000227 ) ;
#1595 = CARTESIAN_POINT ( 'NONE',  ( 5.099999999999999645, 6.377499999999999503, 0.000000000000000000 ) ) ;
#1596 = DIRECTION ( 'NONE',  ( 1.000000000000000000, -0.000000000000000000, 0.000000000000000000 ) ) ;
#1597 = MECHANICAL_DESIGN_GEOMETRIC_PRESENTATION_REPRESENTATION (  '', ( #3469 ), #418 ) ;
#1598 = FACE_OUTER_BOUND ( 'NONE', #332, .T. ) ;
#1599 = ORIENTED_EDGE ( 'NONE', *, *, #1017, .T. ) ;
#1600 = PLANE ( 'NONE',  #277 ) ;
#1601 = ORIENTED_EDGE ( 'NONE', *, *, #1310, .T. ) ;
#1602 = STYLED_ITEM ( 'NONE', ( #699 ), #3012 ) ;
#1603 = ADVANCED_FACE ( 'NONE', ( #68 ), #2385, .T. ) ;
#1604 = CARTESIAN_POINT ( 'NONE',  ( 2.132499999999999840, -5.539240974647717586, 1.072097410502048875 ) ) ;
#1605 = ORIENTED_EDGE ( 'NONE', *, *, #53, .T. ) ;
#1606 = DIRECTION ( 'NONE',  ( 0.000000000000000000, 0.000000000000000000, 1.000000000000000000 ) ) ;
#1607 =( NAMED_UNIT ( * ) PLANE_ANGLE_UNIT ( ) SI_UNIT ( $, .RADIAN. ) );
#1608 = EDGE_CURVE ( 'NONE', #3467, #3789, #3385, .T. ) ;
#1609 =( NAMED_UNIT ( * ) PLANE_ANGLE_UNIT ( ) SI_UNIT ( $, .RADIAN. ) );
#1610 = PLANE ( 'NONE',  #2867 ) ;
#1611 = PRESENTATION_STYLE_ASSIGNMENT (( #1307 ) ) ;
#1612 = DIRECTION ( 'NONE',  ( -1.000000000000000000, -0.000000000000000000, 0.000000000000000000 ) ) ;
#1613 = ADVANCED_FACE ( 'NONE', ( #497 ), #513, .T. ) ;
#1614 =( NAMED_UNIT ( * ) PLANE_ANGLE_UNIT ( ) SI_UNIT ( $, .RADIAN. ) );
#1615 = ORIENTED_EDGE ( 'NONE', *, *, #3016, .F. ) ;
#1616 = CARTESIAN_POINT ( 'NONE',  ( -2.947500000000000231, -3.062821454583999792, 2.851512476503000215 ) ) ;
#1617 = EDGE_LOOP ( 'NONE', ( #318, #1177, #1785, #2796 ) ) ;
#1618 = SURFACE_SIDE_STYLE ('',( #3428 ) ) ;
#1619 = PRESENTATION_LAYER_ASSIGNMENT (  '', '', ( #186 ) ) ;
#1620 = SURFACE_STYLE_USAGE ( .BOTH. , #430 ) ;
#1621 =( GEOMETRIC_REPRESENTATION_CONTEXT ( 3 ) GLOBAL_UNCERTAINTY_ASSIGNED_CONTEXT ( ( #889 ) ) GLOBAL_UNIT_ASSIGNED_CONTEXT ( ( #1638, #3166, #2501 ) ) REPRESENTATION_CONTEXT ( 'NONE', 'WORKASPACE' ) );
#1622 = ORIENTED_EDGE ( 'NONE', *, *, #1477, .F. ) ;
#1623 =( LENGTH_UNIT ( ) NAMED_UNIT ( * ) SI_UNIT ( .MILLI., .METRE. ) );
#1624 =( GEOMETRIC_REPRESENTATION_CONTEXT ( 3 ) GLOBAL_UNCERTAINTY_ASSIGNED_CONTEXT ( ( #468 ) ) GLOBAL_UNIT_ASSIGNED_CONTEXT ( ( #1956, #2535, #2625 ) ) REPRESENTATION_CONTEXT ( 'NONE', 'WORKASPACE' ) );
#1625 = FACE_OUTER_BOUND ( 'NONE', #1579, .T. ) ;
#1626 = EDGE_CURVE ( 'NONE', #2226, #2516, #2882, .T. ) ;
#1627 = FILL_AREA_STYLE ('',( #2530 ) ) ;
#1628 =( GEOMETRIC_REPRESENTATION_CONTEXT ( 3 ) GLOBAL_UNCERTAINTY_ASSIGNED_CONTEXT ( ( #75 ) ) GLOBAL_UNIT_ASSIGNED_CONTEXT ( ( #2230, #3130, #1094 ) ) REPRESENTATION_CONTEXT ( 'NONE', 'WORKASPACE' ) );
#1629 = VECTOR ( 'NONE', #3106, 1000.000000000000000 ) ;
#1630 = ORIENTED_EDGE ( 'NONE', *, *, #648, .T. ) ;
#1631 = CARTESIAN_POINT ( 'NONE',  ( -2.540000000000000036, -5.257671553558999733, 2.589999999999999858 ) ) ;
#1632 = DIRECTION ( 'NONE',  ( -0.9701425001453907182, -0.2425356250360976851, 0.000000000000000000 ) ) ;
#1633 = ADVANCED_FACE ( 'NONE', ( #3795 ), #2792, .T. ) ;
#1634 = EDGE_LOOP ( 'NONE', ( #1599, #2303, #1144, #148, #3778, #1314, #2231, #1740, #2108 ) ) ;
#1635 = VERTEX_POINT ( 'NONE', #108 ) ;
#1636 = COLOUR_RGB ( '',0.8980392156862745390, 0.8980392156862745390, 0.8980392156862745390 ) ;
#1637 = LINE ( 'NONE', #474, #1795 ) ;
#1638 =( LENGTH_UNIT ( ) NAMED_UNIT ( * ) SI_UNIT ( .MILLI., .METRE. ) );
#1639 = ORIENTED_EDGE ( 'NONE', *, *, #2754, .T. ) ;
#1640 = FACE_OUTER_BOUND ( 'NONE', #3307, .T. ) ;
#1641 = DIRECTION ( 'NONE',  ( -1.000000000000000000, -0.000000000000000000, 0.000000000000000000 ) ) ;
#1642 = PRESENTATION_LAYER_ASSIGNMENT (  '', '', ( #2199 ) ) ;
#1643 = AXIS2_PLACEMENT_3D ( 'NONE', #3304, #634, #1244 ) ;
#1644 = CARTESIAN_POINT ( 'NONE',  ( -4.099999999999999645, 7.462500000000000355, 0.000000000000000000 ) ) ;
#1645 = SURFACE_STYLE_FILL_AREA ( #3695 ) ;
#1646 = AXIS2_PLACEMENT_3D ( 'NONE', #1117, #2263, #1381 ) ;
#1647 = AXIS2_PLACEMENT_3D ( 'NONE', #3542, #2060, #1606 ) ;
#1648 = LINE ( 'NONE', #2168, #722 ) ;
#1649 = ORIENTED_EDGE ( 'NONE', *, *, #2223, .F. ) ;
#1650 =( GEOMETRIC_REPRESENTATION_CONTEXT ( 3 ) GLOBAL_UNCERTAINTY_ASSIGNED_CONTEXT ( ( #515 ) ) GLOBAL_UNIT_ASSIGNED_CONTEXT ( ( #2829, #2892, #2816 ) ) REPRESENTATION_CONTEXT ( 'NONE', 'WORKASPACE' ) );
#1651 = MECHANICAL_DESIGN_GEOMETRIC_PRESENTATION_REPRESENTATION (  '', ( #2600 ), #2204 ) ;
#1652 = FILL_AREA_STYLE ('',( #1311 ) ) ;
#1653 = COLOUR_RGB ( '',0.2862745098039215508, 0.2862745098039215508, 0.2862745098039215508 ) ;
#1654 = DIRECTION ( 'NONE',  ( 0.000000000000000000, 0.000000000000000000, 1.000000000000000000 ) ) ;
#1655 = EDGE_LOOP ( 'NONE', ( #465, #1693, #2981, #2027 ) ) ;
#1656 =( GEOMETRIC_REPRESENTATION_CONTEXT ( 3 ) GLOBAL_UNCERTAINTY_ASSIGNED_CONTEXT ( ( #249 ) ) GLOBAL_UNIT_ASSIGNED_CONTEXT ( ( #2908, #2674, #2888 ) ) REPRESENTATION_CONTEXT ( 'NONE', 'WORKASPACE' ) );
#1657 = CARTESIAN_POINT ( 'NONE',  ( 4.871046512853147270, -0.9183806038007352734, 3.473346919773964814 ) ) ;
#1658 = VERTEX_POINT ( 'NONE', #2493 ) ;
#1659 = CARTESIAN_POINT ( 'NONE',  ( 2.540000000000000036, -5.436189288660876251, 2.545805178995061535 ) ) ;
#1660 = VECTOR ( 'NONE', #3250, 1000.000000000000000 ) ;
#1661 = CARTESIAN_POINT ( 'NONE',  ( 3.100000000000000533, 7.712500000000000355, 0.000000000000000000 ) ) ;
#1662 = ORIENTED_EDGE ( 'NONE', *, *, #952, .F. ) ;
#1663 = SURFACE_STYLE_USAGE ( .BOTH. , #2503 ) ;
#1664 = DIRECTION ( 'NONE',  ( 0.000000000000000000, -1.362997016838999943E-16, -1.000000000000000000 ) ) ;
#1665 = STYLED_ITEM ( 'NONE', ( #511 ), #3146 ) ;
#1666 =( NAMED_UNIT ( * ) SI_UNIT ( $, .STERADIAN. ) SOLID_ANGLE_UNIT ( ) );
#1667 = FACE_BOUND ( 'NONE', #135, .T. ) ;
#1668 = PRODUCT_DEFINITION_FORMATION_WITH_SPECIFIED_SOURCE ( 'ANY', '', #1960, .NOT_KNOWN. ) ;
#1669 = CARTESIAN_POINT ( 'NONE',  ( 4.731609655393230973, -0.9903499657522626398, 4.799999999994335909 ) ) ;
#1670 = ORIENTED_EDGE ( 'NONE', *, *, #1282, .T. ) ;
#1671 = DIRECTION ( 'NONE',  ( -0.000000000000000000, -0.000000000000000000, -1.000000000000000000 ) ) ;
#1672 = DIRECTION ( 'NONE',  ( 0.000000000000000000, -0.000000000000000000, -1.000000000000000000 ) ) ;
#1673 = ORIENTED_EDGE ( 'NONE', *, *, #2271, .F. ) ;
#1674 = ADVANCED_FACE ( 'NONE', ( #3677 ), #1019, .T. ) ;
#1675 = DIRECTION ( 'NONE',  ( 0.000000000000000000, 0.000000000000000000, -1.000000000000000000 ) ) ;
#1676 = VERTEX_POINT ( 'NONE', #2989 ) ;
#1677 = UNCERTAINTY_MEASURE_WITH_UNIT (LENGTH_MEASURE( 1.000000000000000082E-05 ), #2358, 'distance_accuracy_value', 'NONE');
#1678 = FILL_AREA_STYLE_COLOUR ( '', #3585 ) ;
#1679 = DIRECTION ( 'NONE',  ( 0.000000000000000000, 0.000000000000000000, -1.000000000000000000 ) ) ;
#1680 = DIRECTION ( 'NONE',  ( 0.000000000000000000, -1.000000000000000000, 0.000000000000000000 ) ) ;
#1681 = VERTEX_POINT ( 'NONE', #946 ) ;
#1682 = LINE ( 'NONE', #2799, #382 ) ;
#1683 = FACE_OUTER_BOUND ( 'NONE', #1907, .T. ) ;
#1684 = FILL_AREA_STYLE ('',( #3212 ) ) ;
#1685 = AXIS2_PLACEMENT_3D ( 'NONE', #134, #2520, #475 ) ;
#1686 = SURFACE_STYLE_USAGE ( .BOTH. , #3110 ) ;
#1687 = SURFACE_SIDE_STYLE ('',( #1913 ) ) ;
#1688 =( NAMED_UNIT ( * ) PLANE_ANGLE_UNIT ( ) SI_UNIT ( $, .RADIAN. ) );
#1689 =( LENGTH_UNIT ( ) NAMED_UNIT ( * ) SI_UNIT ( .MILLI., .METRE. ) );
#1690 = STYLED_ITEM ( 'NONE', ( #3477 ), #455 ) ;
#1691 = UNCERTAINTY_MEASURE_WITH_UNIT (LENGTH_MEASURE( 1.000000000000000082E-05 ), #596, 'distance_accuracy_value', 'NONE');
#1692 = DIRECTION ( 'NONE',  ( 0.000000000000000000, 1.000000000000000000, -0.000000000000000000 ) ) ;
#1693 = ORIENTED_EDGE ( 'NONE', *, *, #2249, .F. ) ;
#1694 = LINE ( 'NONE', #2864, #3315 ) ;
#1695 = MECHANICAL_DESIGN_GEOMETRIC_PRESENTATION_REPRESENTATION (  '', ( #379 ), #3122 ) ;
#1696 = LINE ( 'NONE', #2887, #2093 ) ;
#1697 = SURFACE_SIDE_STYLE ('',( #3158 ) ) ;
#1698 = CARTESIAN_POINT ( 'NONE',  ( -1.665334536938000065E-15, 0.7178360569389998780, 1.294999999999999929 ) ) ;
#1699 = VECTOR ( 'NONE', #2639, 1000.000000000000000 ) ;
#1700 = ORIENTED_EDGE ( 'NONE', *, *, #1240, .T. ) ;
#1701 = ORIENTED_EDGE ( 'NONE', *, *, #3350, .F. ) ;
#1702 = EDGE_CURVE ( 'NONE', #1847, #3716, #3520, .T. ) ;
#1703 = ORIENTED_EDGE ( 'NONE', *, *, #2323, .T. ) ;
#1704 = SURFACE_STYLE_USAGE ( .BOTH. , #1090 ) ;
#1705 = EDGE_CURVE ( 'NONE', #773, #3278, #2456, .T. ) ;
#1706 = SURFACE_SIDE_STYLE ('',( #2661 ) ) ;
#1707 = CARTESIAN_POINT ( 'NONE',  ( -5.099999999999999645, 6.377500000000000391, 0.000000000000000000 ) ) ;
#1708 = MECHANICAL_DESIGN_GEOMETRIC_PRESENTATION_REPRESENTATION (  '', ( #849 ), #210 ) ;
#1709 = DIRECTION ( 'NONE',  ( 0.000000000000000000, -0.000000000000000000, -1.000000000000000000 ) ) ;
#1710 = FILL_AREA_STYLE ('',( #1932 ) ) ;
#1711 = PRESENTATION_LAYER_ASSIGNMENT (  '', '', ( #1826 ) ) ;
#1712 = ORIENTED_EDGE ( 'NONE', *, *, #3649, .T. ) ;
#1713 = VECTOR ( 'NONE', #78, 1000.000000000000000 ) ;
#1714 = MECHANICAL_DESIGN_GEOMETRIC_PRESENTATION_REPRESENTATION (  '', ( #3388 ), #344 ) ;
#1715 = CARTESIAN_POINT ( 'NONE',  ( -4.425806578238000277, 0.7178360569389998780, 1.294999999999999929 ) ) ;
#1716 = CARTESIAN_POINT ( 'NONE',  ( 2.132499999999999840, -5.938266594751000049, 0.7000000000000000666 ) ) ;
#1717 = ORIENTED_EDGE ( 'NONE', *, *, #706, .F. ) ;
#1718 = SURFACE_STYLE_USAGE ( .BOTH. , #2324 ) ;
#1719 = ORIENTED_EDGE ( 'NONE', *, *, #485, .F. ) ;
#1720 = UNCERTAINTY_MEASURE_WITH_UNIT (LENGTH_MEASURE( 1.000000000000000082E-05 ), #72, 'distance_accuracy_value', 'NONE');
#1721 = VECTOR ( 'NONE', #1985, 1000.000000000000000 ) ;
#1722 = LINE ( 'NONE', #1377, #1729 ) ;
#1723 =( NAMED_UNIT ( * ) SI_UNIT ( $, .STERADIAN. ) SOLID_ANGLE_UNIT ( ) );
#1724 = VERTEX_POINT ( 'NONE', #2045 ) ;
#1725 = CARTESIAN_POINT ( 'NONE',  ( 4.425806578238000277, 0.7178360569389998780, 1.294999999999999929 ) ) ;
#1726 = PRODUCT_DEFINITION_SHAPE ( 'NONE', 'NONE',  #3858 ) ;
#1727 =( LENGTH_UNIT ( ) NAMED_UNIT ( * ) SI_UNIT ( .MILLI., .METRE. ) );
#1728 =( NAMED_UNIT ( * ) SI_UNIT ( $, .STERADIAN. ) SOLID_ANGLE_UNIT ( ) );
#1729 = VECTOR ( 'NONE', #198, 1000.000000000000000 ) ;
#1730 =( LENGTH_UNIT ( ) NAMED_UNIT ( * ) SI_UNIT ( .MILLI., .METRE. ) );
#1731 = CARTESIAN_POINT ( 'NONE',  ( 3.250000000000000444, -4.638138048453000373, 2.490000000000000657 ) ) ;
#1732 = DIRECTION ( 'NONE',  ( 1.000000000000000000, 0.000000000000000000, 0.000000000000000000 ) ) ;
#1733 = APPLICATION_CONTEXT ( 'automotive_design' ) ;
#1734 = STYLED_ITEM ( 'NONE', ( #3659 ), #3564 ) ;
#1735 = LINE ( 'NONE', #604, #1699 ) ;
#1736 = SURFACE_SIDE_STYLE ('',( #539 ) ) ;
#1737 = CARTESIAN_POINT ( 'NONE',  ( 4.871046512853148158, 0.9183806038007350514, 3.473346919773961705 ) ) ;
#1738 = EDGE_CURVE ( 'NONE', #753, #3088, #312, .T. ) ;
#1739 = UNCERTAINTY_MEASURE_WITH_UNIT (LENGTH_MEASURE( 1.000000000000000082E-05 ), #775, 'distance_accuracy_value', 'NONE');
#1740 = ORIENTED_EDGE ( 'NONE', *, *, #2254, .T. ) ;
#1741 = SURFACE_STYLE_FILL_AREA ( #2344 ) ;
#1742 = EDGE_CURVE ( 'NONE', #2286, #1746, #463, .T. ) ;
#1743 = VERTEX_POINT ( 'NONE', #2685 ) ;
#1744 = DIRECTION ( 'NONE',  ( -0.000000000000000000, -0.000000000000000000, 1.000000000000000000 ) ) ;
#1745 = LINE ( 'NONE', #2053, #1660 ) ;
#1746 = VERTEX_POINT ( 'NONE', #1504 ) ;
#1747 = DIRECTION ( 'NONE',  ( 1.000000000000000000, 0.000000000000000000, 0.000000000000000000 ) ) ;
#1748 = LINE ( 'NONE', #2657, #532 ) ;
#1749 = FACE_OUTER_BOUND ( 'NONE', #3083, .T. ) ;
#1750 = SURFACE_STYLE_FILL_AREA ( #891 ) ;
#1751 = CARTESIAN_POINT ( 'NONE',  ( -1.830000000000000071, -4.358383522610999705, 2.189999999999999947 ) ) ;
#1752 = DIRECTION ( 'NONE',  ( 0.000000000000000000, -0.000000000000000000, 1.000000000000000000 ) ) ;
#1753 = APPLICATION_PROTOCOL_DEFINITION ( 'draft international standard', 'automotive_design', 1998, #3658 ) ;
#1754 = LINE ( 'NONE', #3127, #1587 ) ;
#1755 = CLOSED_SHELL ( 'NONE', ( #2742, #1789, #2949, #935, #811, #1816 ) ) ;
#1756 = EDGE_CURVE ( 'NONE', #1924, #1416, #2023, .T. ) ;
#1757 = ORIENTED_EDGE ( 'NONE', *, *, #948, .F. ) ;
#1758 = LINE ( 'NONE', #1508, #3679 ) ;
#1759 = VECTOR ( 'NONE', #2748, 1000.000000000000000 ) ;
#1760 = PLANE ( 'NONE',  #158 ) ;
#1761 = SURFACE_STYLE_USAGE ( .BOTH. , #1474 ) ;
#1762 = PRODUCT ( 'pin2', 'pin2', '', ( #1488 ) ) ;
#1763 = PRESENTATION_STYLE_ASSIGNMENT (( #632 ) ) ;
#1764 = ORIENTED_EDGE ( 'NONE', *, *, #3080, .T. ) ;
#1765 = EDGE_CURVE ( 'NONE', #1538, #1247, #3839, .T. ) ;
#1766 = PRESENTATION_LAYER_ASSIGNMENT (  '', '', ( #2251 ) ) ;
#1767 = LINE ( 'NONE', #575, #3534 ) ;
#1768 = ORIENTED_EDGE ( 'NONE', *, *, #2597, .T. ) ;
#1769 = CARTESIAN_POINT ( 'NONE',  ( -4.425806578238000277, 0.7178360569389998780, 1.294999999999999929 ) ) ;
#1770 = DIRECTION ( 'NONE',  ( 0.000000000000000000, 0.000000000000000000, -1.000000000000000000 ) ) ;
#1771 = UNCERTAINTY_MEASURE_WITH_UNIT (LENGTH_MEASURE( 1.000000000000000082E-05 ), #1120, 'distance_accuracy_value', 'NONE');
#1772 = DIRECTION ( 'NONE',  ( 1.000000000000000000, 0.000000000000000000, 0.000000000000000000 ) ) ;
#1773 = SHAPE_REPRESENTATION ( 'tab', ( #2476 ), #300 ) ;
#1774 = FACE_OUTER_BOUND ( 'NONE', #794, .T. ) ;
#1775 = CONTEXT_DEPENDENT_SHAPE_REPRESENTATION ( #877, #1726 ) ;
#1776 = AXIS2_PLACEMENT_3D ( 'NONE', #149, #2795, #2870 ) ;
#1777 = ORIENTED_EDGE ( 'NONE', *, *, #306, .T. ) ;
#1778 =( NAMED_UNIT ( * ) SI_UNIT ( $, .STERADIAN. ) SOLID_ANGLE_UNIT ( ) );
#1779 = COLOUR_RGB ( '',0.2862745098039215508, 0.2862745098039215508, 0.2862745098039215508 ) ;
#1780 = COLOUR_RGB ( '',0.2862745098039215508, 0.2862745098039215508, 0.2862745098039215508 ) ;
#1781 = VECTOR ( 'NONE', #1268, 1000.000000000000000 ) ;
#1782 = FACE_OUTER_BOUND ( 'NONE', #3525, .T. ) ;
#1783 = ORIENTED_EDGE ( 'NONE', *, *, #1877, .F. ) ;
#1784 = CARTESIAN_POINT ( 'NONE',  ( 5.099999999999999645, 6.377499999999998614, 0.000000000000000000 ) ) ;
#1785 = ORIENTED_EDGE ( 'NONE', *, *, #1306, .F. ) ;
#1786 =( GEOMETRIC_REPRESENTATION_CONTEXT ( 3 ) GLOBAL_UNCERTAINTY_ASSIGNED_CONTEXT ( ( #3630 ) ) GLOBAL_UNIT_ASSIGNED_CONTEXT ( ( #810, #3678, #1370 ) ) REPRESENTATION_CONTEXT ( 'NONE', 'WORKASPACE' ) );
#1787 = LINE ( 'NONE', #3232, #1339 ) ;
#1788 = DIRECTION ( 'NONE',  ( 1.000000000000000000, 0.000000000000000000, 0.000000000000000000 ) ) ;
#1789 = ADVANCED_FACE ( 'NONE', ( #2664 ), #1518, .T. ) ;
#1790 = DIRECTION ( 'NONE',  ( 0.000000000000000000, 0.9975640502598139836, -0.06975647374427275393 ) ) ;
#1791 = COLOUR_RGB ( '',0.8980392156862745390, 0.8980392156862745390, 0.8980392156862745390 ) ;
#1792 = VECTOR ( 'NONE', #3069, 1000.000000000000000 ) ;
#1793 =( NAMED_UNIT ( * ) SI_UNIT ( $, .STERADIAN. ) SOLID_ANGLE_UNIT ( ) );
#1794 = SURFACE_STYLE_FILL_AREA ( #3543 ) ;
#1795 = VECTOR ( 'NONE', #799, 1000.000000000000000 ) ;
#1796 = CARTESIAN_POINT ( 'NONE',  ( 0.000000000000000000, 0.000000000000000000, 0.000000000000000000 ) ) ;
#1797 = VECTOR ( 'NONE', #1298, 1000.000000000000000 ) ;
#1798 = VERTEX_POINT ( 'NONE', #3014 ) ;
#1799 =( NAMED_UNIT ( * ) SI_UNIT ( $, .STERADIAN. ) SOLID_ANGLE_UNIT ( ) );
#1800 = DIRECTION ( 'NONE',  ( 0.000000000000000000, -0.000000000000000000, -1.000000000000000000 ) ) ;
#1801 = EDGE_CURVE ( 'NONE', #2159, #1396, #1252, .T. ) ;
#1802 = EDGE_LOOP ( 'NONE', ( #1029, #855, #3593, #3770 ) ) ;
#1803 = DIRECTION ( 'NONE',  ( 1.000000000000000000, -0.000000000000000000, 0.000000000000000000 ) ) ;
#1804 = EDGE_CURVE ( 'NONE', #2766, #3094, #1553, .T. ) ;
#1805 =( NAMED_UNIT ( * ) SI_UNIT ( $, .STERADIAN. ) SOLID_ANGLE_UNIT ( ) );
#1806 = UNCERTAINTY_MEASURE_WITH_UNIT (LENGTH_MEASURE( 1.000000000000000082E-05 ), #1857, 'distance_accuracy_value', 'NONE');
#1807 = ORIENTED_EDGE ( 'NONE', *, *, #1804, .F. ) ;
#1808 = MECHANICAL_DESIGN_GEOMETRIC_PRESENTATION_REPRESENTATION (  '', ( #186 ), #3611 ) ;
#1809 =( BOUNDED_CURVE ( )  B_SPLINE_CURVE ( 3, ( #540, #1737, #313, #1448 ),
 .UNSPECIFIED., .F., .T. ) 
 B_SPLINE_CURVE_WITH_KNOTS ( ( 4, 4 ),
 ( 2.320674535112280168, 2.554219039692744442 ),
 .UNSPECIFIED. ) 
 CURVE ( )  GEOMETRIC_REPRESENTATION_ITEM ( )  RATIONAL_B_SPLINE_CURVE ( ( 1.000000000000000000, 0.9954599095158505051, 0.9954599095158505051, 1.000000000000000000 ) ) 
 REPRESENTATION_ITEM ( '' )  );
#1810 = VECTOR ( 'NONE', #2568, 1000.000000000000000 ) ;
#1811 = CARTESIAN_POINT ( 'NONE',  ( -4.926315251223000402, 4.089999999999999858, 2.947500000000000231 ) ) ;
#1812 = PRESENTATION_STYLE_ASSIGNMENT (( #688 ) ) ;
#1813 = COLOUR_RGB ( '',0.8980392156862745390, 0.8980392156862745390, 0.8980392156862745390 ) ;
#1814 = ORIENTED_EDGE ( 'NONE', *, *, #566, .F. ) ;
#1815 = PRODUCT_DEFINITION_SHAPE ( 'NONE', 'NONE',  #3408 ) ;
#1816 = ADVANCED_FACE ( 'NONE', ( #415 ), #682, .T. ) ;
#1817 = STYLED_ITEM ( 'NONE', ( #1568 ), #999 ) ;
#1818 = SURFACE_SIDE_STYLE ('',( #625 ) ) ;
#1819 = FILL_AREA_STYLE_COLOUR ( '', #1530 ) ;
#1820 = ADVANCED_FACE ( 'NONE', ( #2712 ), #3210, .F. ) ;
#1821 =( LENGTH_UNIT ( ) NAMED_UNIT ( * ) SI_UNIT ( .MILLI., .METRE. ) );
#1822 = PLANE ( 'NONE',  #3616 ) ;
#1823 = ADVANCED_FACE ( 'NONE', ( #2037 ), #2862, .T. ) ;
#1824 =( LENGTH_UNIT ( ) NAMED_UNIT ( * ) SI_UNIT ( .MILLI., .METRE. ) );
#1825 =( LENGTH_UNIT ( ) NAMED_UNIT ( * ) SI_UNIT ( .MILLI., .METRE. ) );
#1826 = STYLED_ITEM ( 'NONE', ( #2860 ), #1613 ) ;
#1827 = FILL_AREA_STYLE_COLOUR ( '', #739 ) ;
#1828 = SURFACE_STYLE_USAGE ( .BOTH. , #1006 ) ;
#1829 = ORIENTED_EDGE ( 'NONE', *, *, #1626, .F. ) ;
#1830 = FILL_AREA_STYLE ('',( #2109 ) ) ;
#1831 = VECTOR ( 'NONE', #1228, 1000.000000000000000 ) ;
#1832 = MECHANICAL_DESIGN_GEOMETRIC_PRESENTATION_REPRESENTATION (  '', ( #2773 ), #3078 ) ;
#1833 =( LENGTH_UNIT ( ) NAMED_UNIT ( * ) SI_UNIT ( .MILLI., .METRE. ) );
#1834 = AXIS2_PLACEMENT_3D ( 'NONE', #3531, #1135, #3202 ) ;
#1835 = LINE ( 'NONE', #2854, #2938 ) ;
#1836 = CARTESIAN_POINT ( 'NONE',  ( 4.425806578238000277, 3.547668028469999957, 1.294999999999999929 ) ) ;
#1837 = UNCERTAINTY_MEASURE_WITH_UNIT (LENGTH_MEASURE( 1.000000000000000082E-05 ), #1879, 'distance_accuracy_value', 'NONE');
#1838 = STYLED_ITEM ( 'NONE', ( #3445 ), #3192 ) ;
#1839 =( GEOMETRIC_REPRESENTATION_CONTEXT ( 3 ) GLOBAL_UNCERTAINTY_ASSIGNED_CONTEXT ( ( #2976 ) ) GLOBAL_UNIT_ASSIGNED_CONTEXT ( ( #2969, #2365, #568 ) ) REPRESENTATION_CONTEXT ( 'NONE', 'WORKASPACE' ) );
#1840 = ADVANCED_BREP_SHAPE_REPRESENTATION ( '', ( #2057, #2476 ), #300 ) ;
#1841 = ORIENTED_EDGE ( 'NONE', *, *, #34, .F. ) ;
#1842 = VECTOR ( 'NONE', #1350, 1000.000000000000000 ) ;
#1843 = EDGE_CURVE ( 'NONE', #3043, #2514, #2523, .T. ) ;
#1844 =( GEOMETRIC_REPRESENTATION_CONTEXT ( 3 ) GLOBAL_UNCERTAINTY_ASSIGNED_CONTEXT ( ( #2116 ) ) GLOBAL_UNIT_ASSIGNED_CONTEXT ( ( #407, #1575, #3619 ) ) REPRESENTATION_CONTEXT ( 'NONE', 'WORKASPACE' ) );
#1845 = DIRECTION ( 'NONE',  ( 0.000000000000000000, 0.000000000000000000, -1.000000000000000000 ) ) ;
#1846 =( GEOMETRIC_REPRESENTATION_CONTEXT ( 3 ) GLOBAL_UNCERTAINTY_ASSIGNED_CONTEXT ( ( #1771 ) ) GLOBAL_UNIT_ASSIGNED_CONTEXT ( ( #1120, #1402, #2269 ) ) REPRESENTATION_CONTEXT ( 'NONE', 'WORKASPACE' ) );
#1847 = VERTEX_POINT ( 'NONE', #1669 ) ;
#1848 = FILL_AREA_STYLE ('',( #1550 ) ) ;
#1849 =( NAMED_UNIT ( * ) PLANE_ANGLE_UNIT ( ) SI_UNIT ( $, .RADIAN. ) );
#1850 =( NAMED_UNIT ( * ) SI_UNIT ( $, .STERADIAN. ) SOLID_ANGLE_UNIT ( ) );
#1851 =( NAMED_UNIT ( * ) PLANE_ANGLE_UNIT ( ) SI_UNIT ( $, .RADIAN. ) );
#1852 = CARTESIAN_POINT ( 'NONE',  ( 4.425806578238000277, 0.7178360569389998780, 1.294999999999999929 ) ) ;
#1853 =( NAMED_UNIT ( * ) SI_UNIT ( $, .STERADIAN. ) SOLID_ANGLE_UNIT ( ) );
#1854 = ORIENTED_EDGE ( 'NONE', *, *, #3631, .F. ) ;
#1855 =( NAMED_UNIT ( * ) SI_UNIT ( $, .STERADIAN. ) SOLID_ANGLE_UNIT ( ) );
#1856 = DIRECTION ( 'NONE',  ( -0.000000000000000000, 1.000000000000000000, 0.000000000000000000 ) ) ;
#1857 =( LENGTH_UNIT ( ) NAMED_UNIT ( * ) SI_UNIT ( .MILLI., .METRE. ) );
#1858 = EDGE_CURVE ( 'NONE', #184, #1559, #3733, .T. ) ;
#1859 = CARTESIAN_POINT ( 'NONE',  ( -2.366754509860000094E-15, 6.377500000000000391, 0.000000000000000000 ) ) ;
#1860 =( GEOMETRIC_REPRESENTATION_CONTEXT ( 3 ) GLOBAL_UNCERTAINTY_ASSIGNED_CONTEXT ( ( #3479 ) ) GLOBAL_UNIT_ASSIGNED_CONTEXT ( ( #3572, #3560, #1793 ) ) REPRESENTATION_CONTEXT ( 'NONE', 'WORKASPACE' ) );
#1861 = VERTEX_POINT ( 'NONE', #1592 ) ;
#1862 = PRESENTATION_LAYER_ASSIGNMENT (  '', '', ( #3559 ) ) ;
#1863 = ORIENTED_EDGE ( 'NONE', *, *, #3654, .T. ) ;
#1864 = UNCERTAINTY_MEASURE_WITH_UNIT (LENGTH_MEASURE( 1.000000000000000082E-05 ), #644, 'distance_accuracy_value', 'NONE');
#1865 = CARTESIAN_POINT ( 'NONE',  ( 2.947500000000000231, -7.837500000000000355, 2.851512476503000215 ) ) ;
#1866 = COLOUR_RGB ( '',0.2862745098039215508, 0.2862745098039215508, 0.2862745098039215508 ) ;
#1867 = FACE_OUTER_BOUND ( 'NONE', #1890, .T. ) ;
#1868 = DIRECTION ( 'NONE',  ( 0.000000000000000000, -0.000000000000000000, -1.000000000000000000 ) ) ;
#1869 = DIRECTION ( 'NONE',  ( -1.000000000000000000, 0.000000000000000000, 0.000000000000000000 ) ) ;
#1870 = VERTEX_POINT ( 'NONE', #1325 ) ;
#1871 = PRESENTATION_LAYER_ASSIGNMENT (  '', '', ( #1326 ) ) ;
#1872 = LINE ( 'NONE', #106, #1391 ) ;
#1873 = SURFACE_SIDE_STYLE ('',( #183 ) ) ;
#1874 =( NAMED_UNIT ( * ) PLANE_ANGLE_UNIT ( ) SI_UNIT ( $, .RADIAN. ) );
#1875 = VECTOR ( 'NONE', #1461, 1000.000000000000000 ) ;
#1876 = VERTEX_POINT ( 'NONE', #1076 ) ;
#1877 = EDGE_CURVE ( 'NONE', #1743, #1132, #2250, .T. ) ;
#1878 = VERTEX_POINT ( 'NONE', #1037 ) ;
#1879 =( LENGTH_UNIT ( ) NAMED_UNIT ( * ) SI_UNIT ( .MILLI., .METRE. ) );
#1880 = STYLED_ITEM ( 'NONE', ( #238 ), #1576 ) ;
#1881 = DIRECTION ( 'NONE',  ( -0.000000000000000000, 0.000000000000000000, -1.000000000000000000 ) ) ;
#1882 = PRESENTATION_STYLE_ASSIGNMENT (( #1620 ) ) ;
#1883 = CONICAL_SURFACE ( 'NONE', #2592, 1.056647765645186032, 0.08726646260101049435 ) ;
#1884 = DIRECTION ( 'NONE',  ( -1.000000000000000000, -0.000000000000000000, -0.000000000000000000 ) ) ;
#1885 = COLOUR_RGB ( '',0.8980392156862745390, 0.8980392156862745390, 0.8980392156862745390 ) ;
#1886 = CARTESIAN_POINT ( 'NONE',  ( 2.540000000000000036, -5.500593801517831061, 1.624777735193988049 ) ) ;
#1887 = CARTESIAN_POINT ( 'NONE',  ( 0.000000000000000000, -1.408298662706999993, 4.570000000000000284 ) ) ;
#1888 = PRESENTATION_LAYER_ASSIGNMENT (  '', '', ( #3582 ) ) ;
#1889 = MECHANICAL_DESIGN_GEOMETRIC_PRESENTATION_REPRESENTATION (  '', ( #2146 ), #3637 ) ;
#1890 = EDGE_LOOP ( 'NONE', ( #3852, #1605, #3103, #3361 ) ) ;
#1891 = PRESENTATION_LAYER_ASSIGNMENT (  '', '', ( #3775 ) ) ;
#1892 = LINE ( 'NONE', #400, #146 ) ;
#1893 = MECHANICAL_DESIGN_GEOMETRIC_PRESENTATION_REPRESENTATION (  '', ( #2606 ), #1420 ) ;
#1894 = SURFACE_SIDE_STYLE ('',( #725 ) ) ;
#1895 = STYLED_ITEM ( 'NONE', ( #3693 ), #3355 ) ;
#1896 = FACE_OUTER_BOUND ( 'NONE', #1802, .T. ) ;
#1897 = FILL_AREA_STYLE_COLOUR ( '', #3712 ) ;
#1898 = EDGE_CURVE ( 'NONE', #3037, #1876, #1648, .T. ) ;
#1899 = ORIENTED_EDGE ( 'NONE', *, *, #1953, .F. ) ;
#1900 = CARTESIAN_POINT ( 'NONE',  ( 5.099999999999999645, 3.547668028469999957, 1.294999999999999929 ) ) ;
#1901 = ORIENTED_EDGE ( 'NONE', *, *, #1506, .T. ) ;
#1902 = UNCERTAINTY_MEASURE_WITH_UNIT (LENGTH_MEASURE( 1.000000000000000082E-05 ), #2601, 'distance_accuracy_value', 'NONE');
#1903 = FACE_OUTER_BOUND ( 'NONE', #3804, .T. ) ;
#1904 = PRESENTATION_LAYER_ASSIGNMENT (  '', '', ( #1545 ) ) ;
#1905 = EDGE_CURVE ( 'NONE', #1078, #2458, #1892, .T. ) ;
#1906 = FACE_OUTER_BOUND ( 'NONE', #853, .T. ) ;
#1907 = EDGE_LOOP ( 'NONE', ( #2974, #1981, #611, #3652 ) ) ;
#1908 = CARTESIAN_POINT ( 'NONE',  ( 5.099999999999999645, -2.772500000000000409, 1.294999999999999929 ) ) ;
#1909 = SURFACE_STYLE_USAGE ( .BOTH. , #2524 ) ;
#1910 = CARTESIAN_POINT ( 'NONE',  ( -2.540000000000000036, -0.8856861454979999548, 2.589999999999999858 ) ) ;
#1911 = DIRECTION ( 'NONE',  ( -1.000000000000000000, 0.000000000000000000, 0.000000000000000000 ) ) ;
#1912 = FILL_AREA_STYLE ('',( #181 ) ) ;
#1913 = SURFACE_STYLE_FILL_AREA ( #206 ) ;
#1914 = UNCERTAINTY_MEASURE_WITH_UNIT (LENGTH_MEASURE( 1.000000000000000082E-05 ), #2096, 'distance_accuracy_value', 'NONE');
#1915 = ADVANCED_FACE ( 'NONE', ( #3364 ), #421, .T. ) ;
#1916 = VERTEX_POINT ( 'NONE', #3173 ) ;
#1917 = PRESENTATION_STYLE_ASSIGNMENT (( #2865 ) ) ;
#1918 = CARTESIAN_POINT ( 'NONE',  ( 1.830000000000000071, -3.398914153144999784, 2.589999999999999858 ) ) ;
#1919 = ORIENTED_EDGE ( 'NONE', *, *, #2855, .T. ) ;
#1920 = DIRECTION ( 'NONE',  ( 0.000000000000000000, 0.000000000000000000, 1.000000000000000000 ) ) ;
#1921 = EDGE_LOOP ( 'NONE', ( #2719, #2827, #1521, #3131 ) ) ;
#1922 = SURFACE_STYLE_USAGE ( .BOTH. , #471 ) ;
#1923 = SURFACE_STYLE_FILL_AREA ( #3377 ) ;
#1924 = VERTEX_POINT ( 'NONE', #587 ) ;
#1925 = PRESENTATION_STYLE_ASSIGNMENT (( #1663 ) ) ;
#1926 = DIRECTION ( 'NONE',  ( 0.000000000000000000, 0.000000000000000000, -1.000000000000000000 ) ) ;
#1927 = DIRECTION ( 'NONE',  ( 0.000000000000000000, -1.000000000000000000, 2.478176394252999853E-17 ) ) ;
#1928 = MECHANICAL_DESIGN_GEOMETRIC_PRESENTATION_REPRESENTATION (  '', ( #2069 ), #2813 ) ;
#1929 = LINE ( 'NONE', #3776, #2565 ) ;
#1930 = FILL_AREA_STYLE_COLOUR ( '', #2421 ) ;
#1931 = VECTOR ( 'NONE', #1556, 1000.000000000000000 ) ;
#1932 = FILL_AREA_STYLE_COLOUR ( '', #1284 ) ;
#1933 = EDGE_CURVE ( 'NONE', #2458, #2704, #1231, .T. ) ;
#1934 = ORIENTED_EDGE ( 'NONE', *, *, #2449, .F. ) ;
#1935 = SURFACE_STYLE_USAGE ( .BOTH. , #1436 ) ;
#1936 = CARTESIAN_POINT ( 'NONE',  ( 2.947500000000000231, -5.658512068910000359, 0.8000000000000000444 ) ) ;
#1937 = CARTESIAN_POINT ( 'NONE',  ( 2.540000000000000036, -7.837500000000000355, 4.336808689942017736E-16 ) ) ;
#1938 = EDGE_LOOP ( 'NONE', ( #3398, #3081, #2764, #971 ) ) ;
#1939 = FILL_AREA_STYLE_COLOUR ( '', #1636 ) ;
#1940 = ORIENTED_EDGE ( 'NONE', *, *, #1077, .T. ) ;
#1941 =( GEOMETRIC_REPRESENTATION_CONTEXT ( 3 ) GLOBAL_UNCERTAINTY_ASSIGNED_CONTEXT ( ( #113 ) ) GLOBAL_UNIT_ASSIGNED_CONTEXT ( ( #1106, #1024, #176 ) ) REPRESENTATION_CONTEXT ( 'NONE', 'WORKASPACE' ) );
#1942 = SURFACE_STYLE_FILL_AREA ( #159 ) ;
#1943 = ORIENTED_EDGE ( 'NONE', *, *, #2221, .F. ) ;
#1944 = FILL_AREA_STYLE ('',( #160 ) ) ;
#1945 = UNCERTAINTY_MEASURE_WITH_UNIT (LENGTH_MEASURE( 1.000000000000000082E-05 ), #1342, 'distance_accuracy_value', 'NONE');
#1946 = MECHANICAL_DESIGN_GEOMETRIC_PRESENTATION_REPRESENTATION (  '', ( #1826 ), #1472 ) ;
#1947 = PRESENTATION_LAYER_ASSIGNMENT (  '', '', ( #3635 ) ) ;
#1948 = VECTOR ( 'NONE', #2375, 1000.000000000000000 ) ;
#1949 = CARTESIAN_POINT ( 'NONE',  ( -2.540000000000000036, -0.8856861454979999548, 2.589999999999999858 ) ) ;
#1950 = STYLED_ITEM ( 'NONE', ( #3538 ), #2742 ) ;
#1951 = AXIS2_PLACEMENT_3D ( 'NONE', #323, #2445, #641 ) ;
#1952 =( LENGTH_UNIT ( ) NAMED_UNIT ( * ) SI_UNIT ( .MILLI., .METRE. ) );
#1953 = EDGE_CURVE ( 'NONE', #1724, #1507, #296, .T. ) ;
#1954 = VERTEX_POINT ( 'NONE', #1974 ) ;
#1955 = MECHANICAL_DESIGN_GEOMETRIC_PRESENTATION_REPRESENTATION (  '', ( #2532 ), #351 ) ;
#1956 =( LENGTH_UNIT ( ) NAMED_UNIT ( * ) SI_UNIT ( .MILLI., .METRE. ) );
#1957 = AXIS2_PLACEMENT_3D ( 'NONE', #500, #1565, #1672 ) ;
#1958 = STYLED_ITEM ( 'NONE', ( #1917 ), #3115 ) ;
#1959 = SURFACE_STYLE_USAGE ( .BOTH. , #3782 ) ;
#1960 = PRODUCT ( 'tab', 'tab', '', ( #2621 ) ) ;
#1961 = LINE ( 'NONE', #211, #3715 ) ;
#1962 = ORIENTED_EDGE ( 'NONE', *, *, #642, .F. ) ;
#1963 = PRESENTATION_LAYER_ASSIGNMENT (  '', '', ( #669 ) ) ;
#1964 = LINE ( 'NONE', #3161, #1095 ) ;
#1965 = ORIENTED_EDGE ( 'NONE', *, *, #626, .F. ) ;
#1966 = FACE_OUTER_BOUND ( 'NONE', #2851, .T. ) ;
#1967 = CARTESIAN_POINT ( 'NONE',  ( -4.425806578238000277, 3.547668028469999957, 1.294999999999999929 ) ) ;
#1968 = ORIENTED_EDGE ( 'NONE', *, *, #2084, .F. ) ;
#1969 = LINE ( 'NONE', #2262, #333 ) ;
#1970 = FILL_AREA_STYLE ('',( #223 ) ) ;
#1971 = SURFACE_STYLE_FILL_AREA ( #3793 ) ;
#1972 = SURFACE_STYLE_USAGE ( .BOTH. , #1074 ) ;
#1973 = FACE_OUTER_BOUND ( 'NONE', #2541, .T. ) ;
#1974 = CARTESIAN_POINT ( 'NONE',  ( 0.7099999999999999645, -0.8856861454980000659, 2.589999999999999858 ) ) ;
#1975 = ORIENTED_EDGE ( 'NONE', *, *, #3107, .T. ) ;
#1976 = EDGE_CURVE ( 'NONE', #2054, #1078, #1163, .T. ) ;
#1977 = DIRECTION ( 'NONE',  ( -0.000000000000000000, -1.000000000000000000, 0.000000000000000000 ) ) ;
#1978 = DIRECTION ( 'NONE',  ( -0.000000000000000000, -1.000000000000000000, 0.000000000000000000 ) ) ;
#1979 = CARTESIAN_POINT ( 'NONE',  ( 2.540000000000000036, -4.802298966336048913, 1.575948203573003470 ) ) ;
#1980 = FILL_AREA_STYLE ('',( #301 ) ) ;
#1981 = ORIENTED_EDGE ( 'NONE', *, *, #1362, .F. ) ;
#1982 = SURFACE_STYLE_FILL_AREA ( #573 ) ;
#1983 = UNCERTAINTY_MEASURE_WITH_UNIT (LENGTH_MEASURE( 1.000000000000000082E-05 ), #1833, 'distance_accuracy_value', 'NONE');
#1984 = EDGE_CURVE ( 'NONE', #1507, #2776, #250, .T. ) ;
#1985 = DIRECTION ( 'NONE',  ( 1.000000000000000000, 0.000000000000000000, 0.000000000000000000 ) ) ;
#1986 = ORIENTED_EDGE ( 'NONE', *, *, #792, .F. ) ;
#1987 = AXIS2_PLACEMENT_3D ( 'NONE', #3540, #3235, #11 ) ;
#1988 = FILL_AREA_STYLE_COLOUR ( '', #658 ) ;
#1989 = EDGE_CURVE ( 'NONE', #3703, #3037, #1432, .T. ) ;
#1990 = UNCERTAINTY_MEASURE_WITH_UNIT (LENGTH_MEASURE( 1.000000000000000082E-05 ), #2205, 'distance_accuracy_value', 'NONE');
#1991 =( LENGTH_UNIT ( ) NAMED_UNIT ( * ) SI_UNIT ( .MILLI., .METRE. ) );
#1992 = VECTOR ( 'NONE', #537, 1000.000000000000000 ) ;
#1993 = LINE ( 'NONE', #2572, #3670 ) ;
#1994 = DIRECTION ( 'NONE',  ( 0.000000000000000000, 0.000000000000000000, 1.000000000000000000 ) ) ;
#1995 = CARTESIAN_POINT ( 'NONE',  ( -2.540000000000000036, -4.912499999999999645, 0.000000000000000000 ) ) ;
#1996 = VECTOR ( 'NONE', #1574, 1000.000000000000000 ) ;
#1997 = CARTESIAN_POINT ( 'NONE',  ( -2.540000000000000036, -5.436189288660876251, 2.545805178995061535 ) ) ;
#1998 = ORIENTED_EDGE ( 'NONE', *, *, #2133, .T. ) ;
#1999 = AXIS2_PLACEMENT_3D ( 'NONE', #1995, #2840, #2295 ) ;
#2000 = DIRECTION ( 'NONE',  ( -0.000000000000000000, -1.000000000000000000, 0.000000000000000000 ) ) ;
#2001 = VECTOR ( 'NONE', #3325, 1000.000000000000000 ) ;
#2002 = FILL_AREA_STYLE_COLOUR ( '', #727 ) ;
#2003 = SURFACE_STYLE_FILL_AREA ( #569 ) ;
#2004 = CARTESIAN_POINT ( 'NONE',  ( -5.099999999999999645, 0.000000000000000000, 1.294999999999999929 ) ) ;
#2005 = SURFACE_SIDE_STYLE ('',( #3180 ) ) ;
#2006 = ORIENTED_EDGE ( 'NONE', *, *, #3390, .F. ) ;
#2007 = CARTESIAN_POINT ( 'NONE',  ( -5.099999999999999645, 6.377500000000000391, 0.000000000000000000 ) ) ;
#2008 = CARTESIAN_POINT ( 'NONE',  ( -5.099999999999999645, 6.377500000000000391, 0.000000000000000000 ) ) ;
#2009 = EDGE_CURVE ( 'NONE', #1878, #2286, #3524, .T. ) ;
#2010 = LINE ( 'NONE', #616, #1264 ) ;
#2011 = ORIENTED_EDGE ( 'NONE', *, *, #1756, .T. ) ;
#2012 = SURFACE_SIDE_STYLE ('',( #3790 ) ) ;
#2013 =( NAMED_UNIT ( * ) SI_UNIT ( $, .STERADIAN. ) SOLID_ANGLE_UNIT ( ) );
#2014 = DIRECTION ( 'NONE',  ( 0.000000000000000000, 0.000000000000000000, 1.000000000000000000 ) ) ;
#2015 = FILL_AREA_STYLE_COLOUR ( '', #2387 ) ;
#2016 = MECHANICAL_DESIGN_GEOMETRIC_PRESENTATION_REPRESENTATION (  '', ( #519 ), #3696 ) ;
#2017 = DIRECTION ( 'NONE',  ( 1.000000000000000000, 0.000000000000000000, 0.000000000000000000 ) ) ;
#2018 = LINE ( 'NONE', #1468, #2400 ) ;
#2019 = ITEM_DEFINED_TRANSFORMATION ( 'NONE', 'NONE', #3349,  #2476 ) ;
#2020 = DIRECTION ( 'NONE',  ( 1.000000000000000000, 0.000000000000000000, 0.000000000000000000 ) ) ;
#2021 = AXIS2_PLACEMENT_3D ( 'NONE', #3172, #2478, #1709 ) ;
#2022 = ORIENTED_EDGE ( 'NONE', *, *, #2228, .T. ) ;
#2023 = CIRCLE ( 'NONE', #2341, 0.3999999999999999667 ) ;
#2024 = FILL_AREA_STYLE_COLOUR ( '', #352 ) ;
#2025 = FILL_AREA_STYLE_COLOUR ( '', #3032 ) ;
#2026 = AXIS2_PLACEMENT_3D ( 'NONE', #2856, #180, #509 ) ;
#2027 = ORIENTED_EDGE ( 'NONE', *, *, #1147, .F. ) ;
#2028 = EDGE_LOOP ( 'NONE', ( #2828, #2380, #1375, #2623 ) ) ;
#2029 = UNCERTAINTY_MEASURE_WITH_UNIT (LENGTH_MEASURE( 1.000000000000000082E-05 ), #2397, 'distance_accuracy_value', 'NONE');
#2030 = AXIS2_PLACEMENT_3D ( 'NONE', #2613, #1171, #2346 ) ;
#2031 = PRESENTATION_LAYER_ASSIGNMENT (  '', '', ( #2153 ) ) ;
#2032 = DIRECTION ( 'NONE',  ( -1.000000000000000000, 0.000000000000000000, 0.000000000000000000 ) ) ;
#2033 = PRODUCT_DEFINITION ( 'UNKNOWN', '', #683, #2895 ) ;
#2034 = LINE ( 'NONE', #2710, #3807 ) ;
#2035 = ORIENTED_EDGE ( 'NONE', *, *, #684, .F. ) ;
#2036 = LINE ( 'NONE', #2935, #2453 ) ;
#2037 = FACE_OUTER_BOUND ( 'NONE', #1084, .T. ) ;
#2038 = SURFACE_SIDE_STYLE ('',( #922 ) ) ;
#2039 = PRODUCT_DEFINITION_CONTEXT ( 'detailed design', #3068, 'design' ) ;
#2040 = PRESENTATION_LAYER_ASSIGNMENT (  '', '', ( #545 ) ) ;
#2041 = EDGE_CURVE ( 'NONE', #1279, #1299, #2943, .T. ) ;
#2042 =( NAMED_UNIT ( * ) PLANE_ANGLE_UNIT ( ) SI_UNIT ( $, .RADIAN. ) );
#2043 = AXIS2_PLACEMENT_3D ( 'NONE', #3741, #522, #1654 ) ;
#2044 = LINE ( 'NONE', #3236, #2884 ) ;
#2045 = CARTESIAN_POINT ( 'NONE',  ( -1.830000000000000071, -4.638138048453000373, 3.290000000000000036 ) ) ;
#2046 = PRESENTATION_STYLE_ASSIGNMENT (( #928 ) ) ;
#2047 = UNCERTAINTY_MEASURE_WITH_UNIT (LENGTH_MEASURE( 1.000000000000000082E-05 ), #2648, 'distance_accuracy_value', 'NONE');
#2048 = CARTESIAN_POINT ( 'NONE',  ( -5.099999999999999645, 6.377500000000000391, 0.000000000000000000 ) ) ;
#2049 = ORIENTED_EDGE ( 'NONE', *, *, #2041, .F. ) ;
#2050 = EDGE_CURVE ( 'NONE', #1798, #1870, #3483, .T. ) ;
#2051 = CARTESIAN_POINT ( 'NONE',  ( 5.099999999999999645, 6.377500000000000391, 0.000000000000000000 ) ) ;
#2052 = ORIENTED_EDGE ( 'NONE', *, *, #3365, .T. ) ;
#2053 = CARTESIAN_POINT ( 'NONE',  ( 0.7099999999999999645, -4.347500000000000142, 2.678054659170999940 ) ) ;
#2054 = VERTEX_POINT ( 'NONE', #1449 ) ;
#2055 = DIRECTION ( 'NONE',  ( -0.000000000000000000, 0.000000000000000000, 1.000000000000000000 ) ) ;
#2056 = PRESENTATION_STYLE_ASSIGNMENT (( #1227 ) ) ;
#2057 = MANIFOLD_SOLID_BREP ( 'Imported1', #58 ) ;
#2058 = FILL_AREA_STYLE ('',( #926 ) ) ;
#2059 = LINE ( 'NONE', #870, #3752 ) ;
#2060 = DIRECTION ( 'NONE',  ( -1.000000000000000000, 0.000000000000000000, 0.000000000000000000 ) ) ;
#2061 = CARTESIAN_POINT ( 'NONE',  ( 4.425806578238000277, 0.7178360569389999890, 0.000000000000000000 ) ) ;
#2062 = CARTESIAN_POINT ( 'NONE',  ( -5.099999999999999645, 0.000000000000000000, 4.799999999988813215 ) ) ;
#2063 =( GEOMETRIC_REPRESENTATION_CONTEXT ( 3 ) GLOBAL_UNCERTAINTY_ASSIGNED_CONTEXT ( ( #1118 ) ) GLOBAL_UNIT_ASSIGNED_CONTEXT ( ( #120, #743, #137 ) ) REPRESENTATION_CONTEXT ( 'NONE', 'WORKASPACE' ) );
#2064 = EDGE_LOOP ( 'NONE', ( #1986, #2433, #3009, #3142 ) ) ;
#2065 = EDGE_CURVE ( 'NONE', #2650, #1149, #1754, .T. ) ;
#2066 = PRESENTATION_STYLE_ASSIGNMENT (( #3565 ) ) ;
#2067 = VECTOR ( 'NONE', #1028, 1000.000000000000000 ) ;
#2068 = DIRECTION ( 'NONE',  ( 0.000000000000000000, 0.000000000000000000, 1.000000000000000000 ) ) ;
#2069 = STYLED_ITEM ( 'NONE', ( #3056 ), #590 ) ;
#2070 = VECTOR ( 'NONE', #420, 1000.000000000000000 ) ;
#2071 = ORIENTED_EDGE ( 'NONE', *, *, #2874, .F. ) ;
#2072 =( NAMED_UNIT ( * ) SI_UNIT ( $, .STERADIAN. ) SOLID_ANGLE_UNIT ( ) );
#2073 = LINE ( 'NONE', #1172, #33 ) ;
#2074 = VECTOR ( 'NONE', #3168, 1000.000000000000000 ) ;
#2075 = ORIENTED_EDGE ( 'NONE', *, *, #2622, .T. ) ;
#2076 = DIRECTION ( 'NONE',  ( 0.000000000000000000, 0.000000000000000000, -1.000000000000000000 ) ) ;
#2077 = APPLICATION_CONTEXT ( 'automotive_design' ) ;
#2078 = SURFACE_SIDE_STYLE ('',( #44 ) ) ;
#2079 = DIRECTION ( 'NONE',  ( -0.1045284632679059911, 0.000000000000000000, -0.9945218953682467555 ) ) ;
#2080 =( LENGTH_UNIT ( ) NAMED_UNIT ( * ) SI_UNIT ( .MILLI., .METRE. ) );
#2081 = UNCERTAINTY_MEASURE_WITH_UNIT (LENGTH_MEASURE( 1.000000000000000082E-05 ), #3528, 'distance_accuracy_value', 'NONE');
#2082 = VECTOR ( 'NONE', #1747, 1000.000000000000000 ) ;
#2083 = ORIENTED_EDGE ( 'NONE', *, *, #1858, .F. ) ;
#2084 = EDGE_CURVE ( 'NONE', #3641, #1491, #2667, .T. ) ;
#2085 = MECHANICAL_DESIGN_GEOMETRIC_PRESENTATION_REPRESENTATION (  '', ( #399 ), #2897 ) ;
#2086 = AXIS2_PLACEMENT_3D ( 'NONE', #839, #2076, #3831 ) ;
#2087 = DIRECTION ( 'NONE',  ( 0.1039620511848646928, 0.1039620511846922474, 0.9891328443777949175 ) ) ;
#2088 =( GEOMETRIC_REPRESENTATION_CONTEXT ( 3 ) GLOBAL_UNCERTAINTY_ASSIGNED_CONTEXT ( ( #3328 ) ) GLOBAL_UNIT_ASSIGNED_CONTEXT ( ( #3498, #840, #1728 ) ) REPRESENTATION_CONTEXT ( 'NONE', 'WORKASPACE' ) );
#2089 =( GEOMETRIC_REPRESENTATION_CONTEXT ( 3 ) GLOBAL_UNCERTAINTY_ASSIGNED_CONTEXT ( ( #1108 ) ) GLOBAL_UNIT_ASSIGNED_CONTEXT ( ( #3440, #3404, #1345 ) ) REPRESENTATION_CONTEXT ( 'NONE', 'WORKASPACE' ) );
#2090 = DIRECTION ( 'NONE',  ( -1.000000000000000000, 0.000000000000000000, 0.000000000000000000 ) ) ;
#2091 = VERTEX_POINT ( 'NONE', #101 ) ;
#2092 = COLOUR_RGB ( '',0.8980392156862745390, 0.8980392156862745390, 0.8980392156862745390 ) ;
#2093 = VECTOR ( 'NONE', #2760, 1000.000000000000000 ) ;
#2094 = FILL_AREA_STYLE ('',( #97 ) ) ;
#2095 = PRESENTATION_STYLE_ASSIGNMENT (( #268 ) ) ;
#2096 =( LENGTH_UNIT ( ) NAMED_UNIT ( * ) SI_UNIT ( .MILLI., .METRE. ) );
#2097 = VECTOR ( 'NONE', #3351, 1000.000000000000000 ) ;
#2098 = ITEM_DEFINED_TRANSFORMATION ( 'NONE', 'NONE', #3159,  #2476 ) ;
#2099 = ORIENTED_EDGE ( 'NONE', *, *, #3822, .T. ) ;
#2100 = PRESENTATION_LAYER_ASSIGNMENT (  '', '', ( #1602 ) ) ;
#2101 = EDGE_CURVE ( 'NONE', #2776, #199, #3668, .T. ) ;
#2102 = PRESENTATION_STYLE_ASSIGNMENT (( #1523 ) ) ;
#2103 = UNCERTAINTY_MEASURE_WITH_UNIT (LENGTH_MEASURE( 1.000000000000000082E-05 ), #1554, 'distance_accuracy_value', 'NONE');
#2104 =( LENGTH_UNIT ( ) NAMED_UNIT ( * ) SI_UNIT ( .MILLI., .METRE. ) );
#2105 = ORIENTED_EDGE ( 'NONE', *, *, #1439, .T. ) ;
#2106 = ADVANCED_FACE ( 'NONE', ( #1363 ), #2549, .T. ) ;
#2107 = LINE ( 'NONE', #1527, #3629 ) ;
#2108 = ORIENTED_EDGE ( 'NONE', *, *, #273, .F. ) ;
#2109 = FILL_AREA_STYLE_COLOUR ( '', #856 ) ;
#2110 = PLANE ( 'NONE',  #1957 ) ;
#2111 = DIRECTION ( 'NONE',  ( 0.000000000000000000, -0.9945218953682343210, 0.1045284632680246462 ) ) ;
#2112 = ADVANCED_FACE ( 'NONE', ( #1091 ), #3773, .T. ) ;
#2113 = CARTESIAN_POINT ( 'NONE',  ( 0.7099999999999999645, -4.694677980796000405, 3.290000000000000036 ) ) ;
#2114 = DIRECTION ( 'NONE',  ( -1.088453945711000108E-16, 1.000000000000000000, 0.000000000000000000 ) ) ;
#2115 = FILL_AREA_STYLE ('',( #947 ) ) ;
#2116 = UNCERTAINTY_MEASURE_WITH_UNIT (LENGTH_MEASURE( 1.000000000000000082E-05 ), #407, 'distance_accuracy_value', 'NONE');
#2117 = SURFACE_STYLE_USAGE ( .BOTH. , #1237 ) ;
#2118 = VERTEX_POINT ( 'NONE', #2265 ) ;
#2119 = DIRECTION ( 'NONE',  ( 0.000000000000000000, -0.000000000000000000, -1.000000000000000000 ) ) ;
#2120 = AXIS2_PLACEMENT_3D ( 'NONE', #1731, #244, #1445 ) ;
#2121 = PLANE ( 'NONE',  #3744 ) ;
#2122 = DIRECTION ( 'NONE',  ( -1.000000000000000000, 0.000000000000000000, 0.000000000000000000 ) ) ;
#2123 = COLOUR_RGB ( '',0.2862745098039215508, 0.2862745098039215508, 0.2862745098039215508 ) ;
#2124 = SURFACE_STYLE_FILL_AREA ( #317 ) ;
#2125 = FILL_AREA_STYLE_COLOUR ( '', #2192 ) ;
#2126 = ORIENTED_EDGE ( 'NONE', *, *, #2041, .T. ) ;
#2127 = SURFACE_SIDE_STYLE ('',( #2174 ) ) ;
#2128 = MANIFOLD_SOLID_BREP ( 'Imported1', #1259 ) ;
#2129 =( NAMED_UNIT ( * ) SI_UNIT ( $, .STERADIAN. ) SOLID_ANGLE_UNIT ( ) );
#2130 = ADVANCED_FACE ( 'NONE', ( #1501 ), #2412, .T. ) ;
#2131 = CARTESIAN_POINT ( 'NONE',  ( -4.425806578238001165, 6.377500000000000391, 0.000000000000000000 ) ) ;
#2132 = DIRECTION ( 'NONE',  ( 0.000000000000000000, 0.000000000000000000, 1.000000000000000000 ) ) ;
#2133 = EDGE_CURVE ( 'NONE', #2516, #690, #1230, .T. ) ;
#2134 = EDGE_LOOP ( 'NONE', ( #932, #54, #1288, #3356 ) ) ;
#2135 = FILL_AREA_STYLE_COLOUR ( '', #612 ) ;
#2136 =( NAMED_UNIT ( * ) SI_UNIT ( $, .STERADIAN. ) SOLID_ANGLE_UNIT ( ) );
#2137 = MECHANICAL_DESIGN_GEOMETRIC_PRESENTATION_REPRESENTATION (  '', ( #395 ), #3076 ) ;
#2138 = AXIS2_PLACEMENT_3D ( 'NONE', #571, #830, #3786 ) ;
#2139 = FILL_AREA_STYLE ('',( #2793 ) ) ;
#2140 = FACE_OUTER_BOUND ( 'NONE', #261, .T. ) ;
#2141 = ORIENTED_EDGE ( 'NONE', *, *, #3369, .T. ) ;
#2142 = UNCERTAINTY_MEASURE_WITH_UNIT (LENGTH_MEASURE( 1.000000000000000082E-05 ), #1727, 'distance_accuracy_value', 'NONE');
#2143 = PRESENTATION_LAYER_ASSIGNMENT (  '', '', ( #3335 ) ) ;
#2144 = STYLED_ITEM ( 'NONE', ( #1216 ), #1674 ) ;
#2145 = PRESENTATION_LAYER_ASSIGNMENT (  '', '', ( #3337 ) ) ;
#2146 = STYLED_ITEM ( 'NONE', ( #3835 ), #2128 ) ;
#2147 = DIRECTION ( 'NONE',  ( 0.000000000000000000, 1.000000000000000000, -0.000000000000000000 ) ) ;
#2148 = LINE ( 'NONE', #2487, #911 ) ;
#2149 = SURFACE_STYLE_FILL_AREA ( #1569 ) ;
#2150 = EDGE_CURVE ( 'NONE', #3514, #690, #1515, .T. ) ;
#2151 = UNCERTAINTY_MEASURE_WITH_UNIT (LENGTH_MEASURE( 1.000000000000000082E-05 ), #3686, 'distance_accuracy_value', 'NONE');
#2152 = COLOUR_RGB ( '',0.8980392156862745390, 0.8980392156862745390, 0.8980392156862745390 ) ;
#2153 = STYLED_ITEM ( 'NONE', ( #879 ), #2394 ) ;
#2154 = FACE_OUTER_BOUND ( 'NONE', #517, .T. ) ;
#2155 = STYLED_ITEM ( 'NONE', ( #3017 ), #3269 ) ;
#2156 = LINE ( 'NONE', #1859, #701 ) ;
#2157 = EDGE_CURVE ( 'NONE', #1724, #3037, #3847, .T. ) ;
#2158 = SURFACE_STYLE_USAGE ( .BOTH. , #2480 ) ;
#2159 = VERTEX_POINT ( 'NONE', #288 ) ;
#2160 = FILL_AREA_STYLE ('',( #3643 ) ) ;
#2161 = ORIENTED_EDGE ( 'NONE', *, *, #2323, .F. ) ;
#2162 = DIRECTION ( 'NONE',  ( -1.000000000000000000, 0.000000000000000000, 0.000000000000000000 ) ) ;
#2163 = FILL_AREA_STYLE_COLOUR ( '', #954 ) ;
#2164 = FACE_OUTER_BOUND ( 'NONE', #3339, .T. ) ;
#2165 = CARTESIAN_POINT ( 'NONE',  ( -5.099999999998638955, 0.7499999999977845500, 1.295000000013678765 ) ) ;
#2166 = ORIENTED_EDGE ( 'NONE', *, *, #322, .T. ) ;
#2167 =( NAMED_UNIT ( * ) SI_UNIT ( $, .STERADIAN. ) SOLID_ANGLE_UNIT ( ) );
#2168 = CARTESIAN_POINT ( 'NONE',  ( -1.830000000000000071, -5.436189288659999619, 2.545805178994999807 ) ) ;
#2169 = EDGE_CURVE ( 'NONE', #1379, #2628, #2684, .T. ) ;
#2170 = FILL_AREA_STYLE_COLOUR ( '', #2519 ) ;
#2171 = ORIENTED_EDGE ( 'NONE', *, *, #2757, .F. ) ;
#2172 = DIRECTION ( 'NONE',  ( 0.000000000000000000, -0.000000000000000000, -1.000000000000000000 ) ) ;
#2173 = ORIENTED_EDGE ( 'NONE', *, *, #3675, .F. ) ;
#2174 = SURFACE_STYLE_FILL_AREA ( #1008 ) ;
#2175 = FILL_AREA_STYLE_COLOUR ( '', #1653 ) ;
#2176 = VECTOR ( 'NONE', #1452, 1000.000000000000000 ) ;
#2177 =( NAMED_UNIT ( * ) PLANE_ANGLE_UNIT ( ) SI_UNIT ( $, .RADIAN. ) );
#2178 = CARTESIAN_POINT ( 'NONE',  ( -2.220446049249999903E-15, -2.595399363577000074, 4.799999999999999822 ) ) ;
#2179 = DIRECTION ( 'NONE',  ( 1.000000000000000000, 0.000000000000000000, 0.000000000000000000 ) ) ;
#2180 = VECTOR ( 'NONE', #3581, 1000.000000000000000 ) ;
#2181 = SURFACE_SIDE_STYLE ('',( #3348 ) ) ;
#2182 = VERTEX_POINT ( 'NONE', #3596 ) ;
#2183 = VECTOR ( 'NONE', #98, 1000.000000000000114 ) ;
#2184 = SURFACE_STYLE_USAGE ( .BOTH. , #1073 ) ;
#2185 = PRODUCT_DEFINITION ( 'UNKNOWN', '', #1124, #2039 ) ;
#2186 =( NAMED_UNIT ( * ) SI_UNIT ( $, .STERADIAN. ) SOLID_ANGLE_UNIT ( ) );
#2187 = CARTESIAN_POINT ( 'NONE',  ( -0.7099999999999999645, -4.694677980796000405, 3.290000000000000036 ) ) ;
#2188 = FILL_AREA_STYLE_COLOUR ( '', #1229 ) ;
#2189 = ADVANCED_FACE ( 'NONE', ( #907 ), #2110, .T. ) ;
#2190 = CARTESIAN_POINT ( 'NONE',  ( 5.099999999999999645, -2.772500000000000409, 0.000000000000000000 ) ) ;
#2191 = DIRECTION ( 'NONE',  ( 3.598778037682999888E-16, -1.000000000000000000, 0.000000000000000000 ) ) ;
#2192 = COLOUR_RGB ( '',0.2862745098039215508, 0.2862745098039215508, 0.2862745098039215508 ) ;
#2193 = ORIENTED_EDGE ( 'NONE', *, *, #3675, .T. ) ;
#2194 = DIRECTION ( 'NONE',  ( 1.000000000000000000, 0.000000000000000000, 0.000000000000000000 ) ) ;
#2195 = ORIENTED_EDGE ( 'NONE', *, *, #734, .T. ) ;
#2196 = PLANE ( 'NONE',  #2603 ) ;
#2197 =( BOUNDED_CURVE ( )  B_SPLINE_CURVE ( 3, ( #3211, #3570, #599, #2697 ),
 .UNSPECIFIED., .F., .T. ) 
 B_SPLINE_CURVE_WITH_KNOTS ( ( 4, 4 ),
 ( 3.728966267486842234, 3.962510772067306508 ),
 .UNSPECIFIED. ) 
 CURVE ( )  GEOMETRIC_REPRESENTATION_ITEM ( )  RATIONAL_B_SPLINE_CURVE ( ( 1.000000000000000000, 0.9954599095158505051, 0.9954599095158505051, 1.000000000000000000 ) ) 
 REPRESENTATION_ITEM ( '' )  );
#2198 = VERTEX_POINT ( 'NONE', #389 ) ;
#2199 = STYLED_ITEM ( 'NONE', ( #585 ), #2440 ) ;
#2200 = PRESENTATION_STYLE_ASSIGNMENT (( #3415 ) ) ;
#2201 = FILL_AREA_STYLE ('',( #1819 ) ) ;
#2202 =( LENGTH_UNIT ( ) NAMED_UNIT ( * ) SI_UNIT ( .MILLI., .METRE. ) );
#2203 = COLOUR_RGB ( '',0.8980392156862745390, 0.8980392156862745390, 0.8980392156862745390 ) ;
#2204 =( GEOMETRIC_REPRESENTATION_CONTEXT ( 3 ) GLOBAL_UNCERTAINTY_ASSIGNED_CONTEXT ( ( #1902 ) ) GLOBAL_UNIT_ASSIGNED_CONTEXT ( ( #2601, #516, #230 ) ) REPRESENTATION_CONTEXT ( 'NONE', 'WORKASPACE' ) );
#2205 =( LENGTH_UNIT ( ) NAMED_UNIT ( * ) SI_UNIT ( .MILLI., .METRE. ) );
#2206 = FACE_OUTER_BOUND ( 'NONE', #2580, .T. ) ;
#2207 = CIRCLE ( 'NONE', #2030, 0.3999999999999999667 ) ;
#2208 = PRESENTATION_LAYER_ASSIGNMENT (  '', '', ( #3845 ) ) ;
#2209 = ORIENTED_EDGE ( 'NONE', *, *, #1222, .T. ) ;
#2210 =( NAMED_UNIT ( * ) PLANE_ANGLE_UNIT ( ) SI_UNIT ( $, .RADIAN. ) );
#2211 = VECTOR ( 'NONE', #2830, 1000.000000000000000 ) ;
#2212 = CARTESIAN_POINT ( 'NONE',  ( -4.425806578238000277, 6.377500000000000391, 0.000000000000000000 ) ) ;
#2213 =( LENGTH_UNIT ( ) NAMED_UNIT ( * ) SI_UNIT ( .MILLI., .METRE. ) );
#2214 = AXIS2_PLACEMENT_3D ( 'NONE', #1044, #3371, #707 ) ;
#2215 = CARTESIAN_POINT ( 'NONE',  ( 2.540000000000000036, -7.837500000000000355, 0.7000000000000000666 ) ) ;
#2216 = EDGE_LOOP ( 'NONE', ( #1115, #336, #413, #3343, #3062, #3620, #2996, #2811 ) ) ;
#2217 = CARTESIAN_POINT ( 'NONE',  ( -0.7099999999999999645, -4.347500000000000142, 3.290000000000000036 ) ) ;
#2218 = ORIENTED_EDGE ( 'NONE', *, *, #367, .T. ) ;
#2219 = UNCERTAINTY_MEASURE_WITH_UNIT (LENGTH_MEASURE( 1.000000000000000082E-05 ), #1991, 'distance_accuracy_value', 'NONE');
#2220 = PRESENTATION_LAYER_ASSIGNMENT (  '', '', ( #1665 ) ) ;
#2221 = EDGE_CURVE ( 'NONE', #1870, #1479, #410, .T. ) ;
#2222 = ORIENTED_EDGE ( 'NONE', *, *, #3093, .F. ) ;
#2223 = EDGE_CURVE ( 'NONE', #1526, #639, #1372, .T. ) ;
#2224 = DIRECTION ( 'NONE',  ( 0.000000000000000000, 0.000000000000000000, 1.000000000000000000 ) ) ;
#2225 =( NAMED_UNIT ( * ) PLANE_ANGLE_UNIT ( ) SI_UNIT ( $, .RADIAN. ) );
#2226 = VERTEX_POINT ( 'NONE', #1604 ) ;
#2227 = SURFACE_STYLE_FILL_AREA ( #2820 ) ;
#2228 = EDGE_CURVE ( 'NONE', #184, #409, #1696, .T. ) ;
#2229 =( LENGTH_UNIT ( ) NAMED_UNIT ( * ) SI_UNIT ( .MILLI., .METRE. ) );
#2230 =( LENGTH_UNIT ( ) NAMED_UNIT ( * ) SI_UNIT ( .MILLI., .METRE. ) );
#2231 = ORIENTED_EDGE ( 'NONE', *, *, #1933, .T. ) ;
#2232 = LINE ( 'NONE', #1128, #3186 ) ;
#2233 = CARTESIAN_POINT ( 'NONE',  ( 1.830000000000000071, -4.802298966336032038, 1.575948203573002138 ) ) ;
#2234 = FACE_OUTER_BOUND ( 'NONE', #2396, .T. ) ;
#2235 = DIRECTION ( 'NONE',  ( -1.000000000000000000, 0.000000000000000000, -0.000000000000000000 ) ) ;
#2236 = ORIENTED_EDGE ( 'NONE', *, *, #2652, .T. ) ;
#2237 = FACE_OUTER_BOUND ( 'NONE', #39, .T. ) ;
#2238 = ORIENTED_EDGE ( 'NONE', *, *, #485, .T. ) ;
#2239 = PRESENTATION_STYLE_ASSIGNMENT (( #3140 ) ) ;
#2240 = CARTESIAN_POINT ( 'NONE',  ( -3.250000000000000444, -4.358383522610999705, 2.189999999999999947 ) ) ;
#2241 = COLOUR_RGB ( '',0.8980392156862745390, 0.8980392156862745390, 0.8980392156862745390 ) ;
#2242 = ORIENTED_EDGE ( 'NONE', *, *, #1310, .F. ) ;
#2243 = FILL_AREA_STYLE ('',( #1070 ) ) ;
#2244 = EDGE_CURVE ( 'NONE', #3113, #2774, #3664, .T. ) ;
#2245 = FILL_AREA_STYLE_COLOUR ( '', #1287 ) ;
#2246 =( GEOMETRIC_REPRESENTATION_CONTEXT ( 3 ) GLOBAL_UNCERTAINTY_ASSIGNED_CONTEXT ( ( #504 ) ) GLOBAL_UNIT_ASSIGNED_CONTEXT ( ( #748, #1874, #2510 ) ) REPRESENTATION_CONTEXT ( 'NONE', 'WORKASPACE' ) );
#2247 = CARTESIAN_POINT ( 'NONE',  ( 5.099999999999999645, 6.377500000000000391, 0.000000000000000000 ) ) ;
#2248 =( GEOMETRIC_REPRESENTATION_CONTEXT ( 3 ) GLOBAL_UNCERTAINTY_ASSIGNED_CONTEXT ( ( #553 ) ) GLOBAL_UNIT_ASSIGNED_CONTEXT ( ( #2451, #3332, #2474 ) ) REPRESENTATION_CONTEXT ( 'NONE', 'WORKASPACE' ) );
#2249 = EDGE_CURVE ( 'NONE', #3088, #3697, #3065, .T. ) ;
#2250 = LINE ( 'NONE', #2805, #2401 ) ;
#2251 = STYLED_ITEM ( 'NONE', ( #2095 ), #973 ) ;
#2252 = ORIENTED_EDGE ( 'NONE', *, *, #1989, .F. ) ;
#2253 = LINE ( 'NONE', #484, #1148 ) ;
#2254 = EDGE_CURVE ( 'NONE', #2704, #3247, #405, .T. ) ;
#2255 = CARTESIAN_POINT ( 'NONE',  ( -2.132499999999999840, -5.539240974647717586, 1.072097410502048875 ) ) ;
#2256 = SURFACE_STYLE_USAGE ( .BOTH. , #1082 ) ;
#2257 = CARTESIAN_POINT ( 'NONE',  ( 4.994403345569733865, -0.8378985527547948564, 2.299685055394010469 ) ) ;
#2258 = ORIENTED_EDGE ( 'NONE', *, *, #729, .F. ) ;
#2259 = VECTOR ( 'NONE', #466, 1000.000000000000000 ) ;
#2260 = LINE ( 'NONE', #3303, #638 ) ;
#2261 = ORIENTED_EDGE ( 'NONE', *, *, #1541, .T. ) ;
#2262 = CARTESIAN_POINT ( 'NONE',  ( 2.540000000000000036, -5.658512068910000359, 0.000000000000000000 ) ) ;
#2263 = DIRECTION ( 'NONE',  ( 0.000000000000000000, 0.000000000000000000, 1.000000000000000000 ) ) ;
#2264 =( GEOMETRIC_REPRESENTATION_CONTEXT ( 3 ) GLOBAL_UNCERTAINTY_ASSIGNED_CONTEXT ( ( #1564 ) ) GLOBAL_UNIT_ASSIGNED_CONTEXT ( ( #1224, #1544, #3057 ) ) REPRESENTATION_CONTEXT ( 'NONE', 'WORKASPACE' ) );
#2265 = CARTESIAN_POINT ( 'NONE',  ( 3.250000000000000888, -0.8856861454980000659, 2.589999999999999858 ) ) ;
#2266 = CIRCLE ( 'NONE', #2471, 0.7499999999955710983 ) ;
#2267 = AXIS2_PLACEMENT_3D ( 'NONE', #2634, #1157, #3515 ) ;
#2268 = LINE ( 'NONE', #1364, #3053 ) ;
#2269 =( NAMED_UNIT ( * ) SI_UNIT ( $, .STERADIAN. ) SOLID_ANGLE_UNIT ( ) );
#2270 =( REPRESENTATION_RELATIONSHIP ('NONE','NONE', #144, #1773 ) REPRESENTATION_RELATIONSHIP_WITH_TRANSFORMATION ( #3855 )SHAPE_REPRESENTATION_RELATIONSHIP( ) );
#2271 = EDGE_CURVE ( 'NONE', #3703, #3563, #2841, .T. ) ;
#2272 = PLANE ( 'NONE',  #3213 ) ;
#2273 = AXIS2_PLACEMENT_3D ( 'NONE', #2371, #1803, #1770 ) ;
#2274 = MECHANICAL_DESIGN_GEOMETRIC_PRESENTATION_REPRESENTATION (  '', ( #663 ), #2779 ) ;
#2275 = DIRECTION ( 'NONE',  ( 0.000000000000000000, -1.000000000000000000, -0.000000000000000000 ) ) ;
#2276 = ORIENTED_EDGE ( 'NONE', *, *, #458, .T. ) ;
#2277 = CARTESIAN_POINT ( 'NONE',  ( 2.947500000000000231, -4.912499999999999645, 0.6999999999999999556 ) ) ;
#2278 = VECTOR ( 'NONE', #692, 1000.000000000000000 ) ;
#2279 = CARTESIAN_POINT ( 'NONE',  ( -3.250000000000000444, -4.694677980796000405, 3.290000000000000036 ) ) ;
#2280 =( GEOMETRIC_REPRESENTATION_CONTEXT ( 3 ) GLOBAL_UNCERTAINTY_ASSIGNED_CONTEXT ( ( #1234 ) ) GLOBAL_UNIT_ASSIGNED_CONTEXT ( ( #2494, #2558, #2511 ) ) REPRESENTATION_CONTEXT ( 'NONE', 'WORKASPACE' ) );
#2281 = PRESENTATION_LAYER_ASSIGNMENT (  '', '', ( #93 ) ) ;
#2282 = PLANE ( 'NONE',  #3642 ) ;
#2283 = LINE ( 'NONE', #1414, #3780 ) ;
#2284 = ORIENTED_EDGE ( 'NONE', *, *, #868, .F. ) ;
#2285 = MECHANICAL_DESIGN_GEOMETRIC_PRESENTATION_REPRESENTATION (  '', ( #2536 ), #936 ) ;
#2286 = VERTEX_POINT ( 'NONE', #2255 ) ;
#2287 = CARTESIAN_POINT ( 'NONE',  ( -0.7099999999999999645, -0.8856861454980000659, 2.678054659170999940 ) ) ;
#2288 = PRESENTATION_LAYER_ASSIGNMENT (  '', '', ( #3469 ) ) ;
#2289 = SURFACE_SIDE_STYLE ('',( #1114 ) ) ;
#2290 = ORIENTED_EDGE ( 'NONE', *, *, #155, .F. ) ;
#2291 = LINE ( 'NONE', #1908, #69 ) ;
#2292 = PRESENTATION_STYLE_ASSIGNMENT (( #1704 ) ) ;
#2293 = AXIS2_PLACEMENT_3D ( 'NONE', #1796, #1218, #3815 ) ;
#2294 = DIRECTION ( 'NONE',  ( -0.000000000000000000, -0.06975647374411773904, -0.9975640502598247528 ) ) ;
#2295 = DIRECTION ( 'NONE',  ( 0.000000000000000000, 0.06975647374411773904, 0.9975640502598247528 ) ) ;
#2296 = SURFACE_SIDE_STYLE ('',( #2576 ) ) ;
#2297 = CARTESIAN_POINT ( 'NONE',  ( -1.830000000000000071, -4.694677980796000405, 3.290000000000000036 ) ) ;
#2298 = VERTEX_POINT ( 'NONE', #1129 ) ;
#2299 = PLANE ( 'NONE',  #770 ) ;
#2300 = PLANE ( 'NONE',  #298 ) ;
#2301 = ADVANCED_FACE ( 'NONE', ( #1104 ), #114, .F. ) ;
#2302 = FACE_OUTER_BOUND ( 'NONE', #307, .T. ) ;
#2303 = ORIENTED_EDGE ( 'NONE', *, *, #1702, .F. ) ;
#2304 = UNCERTAINTY_MEASURE_WITH_UNIT (LENGTH_MEASURE( 1.000000000000000082E-05 ), #1623, 'distance_accuracy_value', 'NONE');
#2305 = DIRECTION ( 'NONE',  ( -0.000000000000000000, -1.000000000000000000, 0.000000000000000000 ) ) ;
#2306 = ORIENTED_EDGE ( 'NONE', *, *, #622, .T. ) ;
#2307 = DIRECTION ( 'NONE',  ( 0.000000000000000000, 0.000000000000000000, -1.000000000000000000 ) ) ;
#2308 = VECTOR ( 'NONE', #375, 1000.000000000000000 ) ;
#2309 = EDGE_CURVE ( 'NONE', #3331, #3449, #3359, .T. ) ;
#2310 = VECTOR ( 'NONE', #2875, 1000.000000000000000 ) ;
#2311 = PRESENTATION_STYLE_ASSIGNMENT (( #2918 ) ) ;
#2312 = FILL_AREA_STYLE_COLOUR ( '', #680 ) ;
#2313 = FILL_AREA_STYLE ('',( #2015 ) ) ;
#2314 =( NAMED_UNIT ( * ) PLANE_ANGLE_UNIT ( ) SI_UNIT ( $, .RADIAN. ) );
#2315 = VECTOR ( 'NONE', #2845, 1000.000000000000000 ) ;
#2316 = PRODUCT_DEFINITION_SHAPE ( 'NONE', 'NONE',  #3857 ) ;
#2317 = ORIENTED_EDGE ( 'NONE', *, *, #175, .T. ) ;
#2318 = COLOUR_RGB ( '',0.8980392156862745390, 0.8980392156862745390, 0.8980392156862745390 ) ;
#2319 = SURFACE_STYLE_FILL_AREA ( #1369 ) ;
#2320 = PRODUCT_DEFINITION ( 'UNKNOWN', '', #3718, #1465 ) ;
#2321 = DIRECTION ( 'NONE',  ( 0.000000000000000000, -0.000000000000000000, -1.000000000000000000 ) ) ;
#2322 = DIRECTION ( 'NONE',  ( 0.000000000000000000, 0.000000000000000000, 1.000000000000000000 ) ) ;
#2323 = EDGE_CURVE ( 'NONE', #1507, #3614, #788, .T. ) ;
#2324 = SURFACE_SIDE_STYLE ('',( #3200 ) ) ;
#2325 = ORIENTED_EDGE ( 'NONE', *, *, #3612, .F. ) ;
#2326 =( LENGTH_UNIT ( ) NAMED_UNIT ( * ) SI_UNIT ( .MILLI., .METRE. ) );
#2327 = LINE ( 'NONE', #3511, #3465 ) ;
#2328 = SURFACE_STYLE_USAGE ( .BOTH. , #2289 ) ;
#2329 = EDGE_LOOP ( 'NONE', ( #1719, #565, #3568, #747, #1863 ) ) ;
#2330 = CARTESIAN_POINT ( 'NONE',  ( 3.250000000000000444, -4.638138048453000373, 3.290000000000000036 ) ) ;
#2331 = LINE ( 'NONE', #3516, #3394 ) ;
#2332 = CARTESIAN_POINT ( 'NONE',  ( 4.731609655394000136, 1.802499999999999991, 4.799999999999999822 ) ) ;
#2333 = CARTESIAN_POINT ( 'NONE',  ( 0.000000000000000000, 0.000000000000000000, 0.000000000000000000 ) ) ;
#2334 = EDGE_CURVE ( 'NONE', #1538, #1746, #2780, .T. ) ;
#2335 = LINE ( 'NONE', #582, #201 ) ;
#2336 = MECHANICAL_DESIGN_GEOMETRIC_PRESENTATION_REPRESENTATION (  '', ( #22 ), #2718 ) ;
#2337 = CARTESIAN_POINT ( 'NONE',  ( 4.425806578238000277, 1.802499999999999991, 0.000000000000000000 ) ) ;
#2338 = DIRECTION ( 'NONE',  ( 1.000000000000000000, 0.000000000000000000, 0.000000000000000000 ) ) ;
#2339 = AXIS2_PLACEMENT_3D ( 'NONE', #19, #2403, #1845 ) ;
#2340 = ORIENTED_EDGE ( 'NONE', *, *, #432, .T. ) ;
#2341 = AXIS2_PLACEMENT_3D ( 'NONE', #1447, #3237, #1366 ) ;
#2342 = PRESENTATION_STYLE_ASSIGNMENT (( #2582 ) ) ;
#2343 = VECTOR ( 'NONE', #3706, 1000.000000000000000 ) ;
#2344 = FILL_AREA_STYLE ('',( #3267 ) ) ;
#2345 = ORIENTED_EDGE ( 'NONE', *, *, #3129, .F. ) ;
#2346 = DIRECTION ( 'NONE',  ( 0.000000000000000000, 0.000000000000000000, 1.000000000000000000 ) ) ;
#2347 = UNCERTAINTY_MEASURE_WITH_UNIT (LENGTH_MEASURE( 1.000000000000000082E-05 ), #2202, 'distance_accuracy_value', 'NONE');
#2348 = AXIS2_PLACEMENT_3D ( 'NONE', #2479, #1596, #406 ) ;
#2349 = COLOUR_RGB ( '',0.2862745098039215508, 0.2862745098039215508, 0.2862745098039215508 ) ;
#2350 = DIRECTION ( 'NONE',  ( 0.000000000000000000, 0.9975640502598139836, -0.06975647374427275393 ) ) ;
#2351 = CARTESIAN_POINT ( 'NONE',  ( 2.540000000000000036, -0.8856861454980000659, 3.290000000000000036 ) ) ;
#2352 = ORIENTED_EDGE ( 'NONE', *, *, #2972, .F. ) ;
#2353 =( NAMED_UNIT ( * ) PLANE_ANGLE_UNIT ( ) SI_UNIT ( $, .RADIAN. ) );
#2354 = COLOUR_RGB ( '',0.8980392156862745390, 0.8980392156862745390, 0.8980392156862745390 ) ;
#2355 = EDGE_CURVE ( 'NONE', #1331, #3685, #3342, .T. ) ;
#2356 =( NAMED_UNIT ( * ) SI_UNIT ( $, .STERADIAN. ) SOLID_ANGLE_UNIT ( ) );
#2357 = AXIS2_PLACEMENT_3D ( 'NONE', #1276, #126, #2457 ) ;
#2358 =( LENGTH_UNIT ( ) NAMED_UNIT ( * ) SI_UNIT ( .MILLI., .METRE. ) );
#2359 = FILL_AREA_STYLE_COLOUR ( '', #26 ) ;
#2360 = SHAPE_DEFINITION_REPRESENTATION ( #2644, #1773 ) ;
#2361 =( LENGTH_UNIT ( ) NAMED_UNIT ( * ) SI_UNIT ( .MILLI., .METRE. ) );
#2362 = ORIENTED_EDGE ( 'NONE', *, *, #3798, .T. ) ;
#2363 = FILL_AREA_STYLE_COLOUR ( '', #3586 ) ;
#2364 = SURFACE_STYLE_FILL_AREA ( #824 ) ;
#2365 =( NAMED_UNIT ( * ) PLANE_ANGLE_UNIT ( ) SI_UNIT ( $, .RADIAN. ) );
#2366 = FACE_OUTER_BOUND ( 'NONE', #3508, .T. ) ;
#2367 = ORIENTED_EDGE ( 'NONE', *, *, #3282, .T. ) ;
#2368 = DIRECTION ( 'NONE',  ( 0.000000000000000000, -0.000000000000000000, 1.000000000000000000 ) ) ;
#2369 =( NAMED_UNIT ( * ) PLANE_ANGLE_UNIT ( ) SI_UNIT ( $, .RADIAN. ) );
#2370 = VERTEX_POINT ( 'NONE', #2051 ) ;
#2371 = CARTESIAN_POINT ( 'NONE',  ( 3.250000000000000444, -3.398914153144999784, 2.678054659170999940 ) ) ;
#2372 = PRESENTATION_STYLE_ASSIGNMENT (( #956 ) ) ;
#2373 = DIRECTION ( 'NONE',  ( -1.000000000000000000, 0.000000000000000000, 0.000000000000000000 ) ) ;
#2374 = VECTOR ( 'NONE', #3730, 1000.000000000000000 ) ;
#2375 = DIRECTION ( 'NONE',  ( 0.000000000000000000, 0.000000000000000000, -1.000000000000000000 ) ) ;
#2376 =( NAMED_UNIT ( * ) PLANE_ANGLE_UNIT ( ) SI_UNIT ( $, .RADIAN. ) );
#2377 = ADVANCED_FACE ( 'NONE', ( #253 ), #896, .T. ) ;
#2378 = SHAPE_DEFINITION_REPRESENTATION ( #1211, #3634 ) ;
#2379 = CLOSED_SHELL ( 'NONE', ( #2954, #2394, #898, #3179, #2801, #3564, #2130, #3157, #3152, #1820, #3355, #1915, #829, #2920, #3239, #1428, #3492, #2658 ) ) ;
#2380 = ORIENTED_EDGE ( 'NONE', *, *, #2896, .F. ) ;
#2381 = CARTESIAN_POINT ( 'NONE',  ( 3.250000000000000444, -5.500593801517999815, 1.624777735194000039 ) ) ;
#2382 = CIRCLE ( 'NONE', #3493, 0.3999999999999999667 ) ;
#2383 = VECTOR ( 'NONE', #1257, 1000.000000000000000 ) ;
#2384 = SHAPE_REPRESENTATION_RELATIONSHIP ( 'NONE' , 'NONE' ,  #1773, #1840 ) ;
#2385 = PLANE ( 'NONE',  #1643 ) ;
#2386 = SURFACE_STYLE_USAGE ( .BOTH. , #279 ) ;
#2387 = COLOUR_RGB ( '',0.8980392156862745390, 0.8980392156862745390, 0.8980392156862745390 ) ;
#2388 = DIRECTION ( 'NONE',  ( 0.000000000000000000, -1.000000000000000000, 0.000000000000000000 ) ) ;
#2389 =( NAMED_UNIT ( * ) SI_UNIT ( $, .STERADIAN. ) SOLID_ANGLE_UNIT ( ) );
#2390 = FILL_AREA_STYLE ('',( #3272 ) ) ;
#2391 =( NAMED_UNIT ( * ) SI_UNIT ( $, .STERADIAN. ) SOLID_ANGLE_UNIT ( ) );
#2392 = SURFACE_STYLE_FILL_AREA ( #2058 ) ;
#2393 = APPLICATION_PROTOCOL_DEFINITION ( 'draft international standard', 'automotive_design', 1998, #2475 ) ;
#2394 = ADVANCED_FACE ( 'NONE', ( #1492 ), #1760, .T. ) ;
#2395 = AXIS2_PLACEMENT_3D ( 'NONE', #3661, #2775, #970 ) ;
#2396 = EDGE_LOOP ( 'NONE', ( #2534, #2011, #987, #3551, #345, #3478, #730, #2481 ) ) ;
#2397 =( LENGTH_UNIT ( ) NAMED_UNIT ( * ) SI_UNIT ( .MILLI., .METRE. ) );
#2398 = COLOUR_RGB ( '',0.2862745098039215508, 0.2862745098039215508, 0.2862745098039215508 ) ;
#2399 = ADVANCED_FACE ( 'NONE', ( #2302 ), #3487, .T. ) ;
#2400 = VECTOR ( 'NONE', #1162, 1000.000000000000000 ) ;
#2401 = VECTOR ( 'NONE', #2842, 1000.000000000000000 ) ;
#2402 = APPLICATION_CONTEXT ( 'automotive_design' ) ;
#2403 = DIRECTION ( 'NONE',  ( 1.000000000000000000, 0.000000000000000000, 0.000000000000000000 ) ) ;
#2404 = MECHANICAL_DESIGN_GEOMETRIC_PRESENTATION_REPRESENTATION (  '', ( #3582 ), #2833 ) ;
#2405 = MECHANICAL_DESIGN_GEOMETRIC_PRESENTATION_REPRESENTATION (  '', ( #603 ), #2089 ) ;
#2406 = ADVANCED_FACE ( 'NONE', ( #514 ), #2272, .T. ) ;
#2407 = FILL_AREA_STYLE_COLOUR ( '', #167 ) ;
#2408 = MECHANICAL_DESIGN_GEOMETRIC_PRESENTATION_REPRESENTATION (  '', ( #3523 ), #1650 ) ;
#2409 = VECTOR ( 'NONE', #1581, 1000.000000000000000 ) ;
#2410 = VERTEX_POINT ( 'NONE', #806 ) ;
#2411 =( NAMED_UNIT ( * ) PLANE_ANGLE_UNIT ( ) SI_UNIT ( $, .RADIAN. ) );
#2412 = PLANE ( 'NONE',  #1951 ) ;
#2413 =( GEOMETRIC_REPRESENTATION_CONTEXT ( 3 ) GLOBAL_UNCERTAINTY_ASSIGNED_CONTEXT ( ( #2942 ) ) GLOBAL_UNIT_ASSIGNED_CONTEXT ( ( #2708, #1065, #3375 ) ) REPRESENTATION_CONTEXT ( 'NONE', 'WORKASPACE' ) );
#2414 = FACE_OUTER_BOUND ( 'NONE', #2028, .T. ) ;
#2415 = CARTESIAN_POINT ( 'NONE',  ( 4.926315251223000402, -0.4849999999999999867, 2.947500000000000231 ) ) ;
#2416 = PRESENTATION_LAYER_ASSIGNMENT (  '', '', ( #2536 ) ) ;
#2417 = FACE_OUTER_BOUND ( 'NONE', #883, .T. ) ;
#2418 = MECHANICAL_DESIGN_GEOMETRIC_PRESENTATION_REPRESENTATION (  '', ( #548 ), #1243 ) ;
#2419 = ORIENTED_EDGE ( 'NONE', *, *, #3548, .T. ) ;
#2420 = LINE ( 'NONE', #2508, #2070 ) ;
#2421 = COLOUR_RGB ( '',0.7921568627450980005, 0.8196078431372548767, 0.9333333333333333481 ) ;
#2422 = DIRECTION ( 'NONE',  ( -1.000000000000000000, 0.000000000000000000, 0.000000000000000000 ) ) ;
#2423 = DIRECTION ( 'NONE',  ( 0.000000000000000000, 0.000000000000000000, 1.000000000000000000 ) ) ;
#2424 = ADVANCED_FACE ( 'NONE', ( #1973 ), #1883, .F. ) ;
#2425 = FACE_OUTER_BOUND ( 'NONE', #2798, .T. ) ;
#2426 = ORIENTED_EDGE ( 'NONE', *, *, #3439, .F. ) ;
#2427 = ORIENTED_EDGE ( 'NONE', *, *, #2309, .F. ) ;
#2428 = FACE_OUTER_BOUND ( 'NONE', #2216, .T. ) ;
#2429 = CARTESIAN_POINT ( 'NONE',  ( 2.540000000000000036, -5.500593801517831061, 1.624777735193988049 ) ) ;
#2430 =( NAMED_UNIT ( * ) PLANE_ANGLE_UNIT ( ) SI_UNIT ( $, .RADIAN. ) );
#2431 = DIRECTION ( 'NONE',  ( 1.000000000000000000, 0.000000000000000000, 0.000000000000000000 ) ) ;
#2432 = SURFACE_SIDE_STYLE ('',( #3313 ) ) ;
#2433 = ORIENTED_EDGE ( 'NONE', *, *, #981, .F. ) ;
#2434 = ORIENTED_EDGE ( 'NONE', *, *, #2150, .T. ) ;
#2435 = SURFACE_SIDE_STYLE ('',( #122 ) ) ;
#2436 = AXIS2_PLACEMENT_3D ( 'NONE', #1199, #2373, #2014 ) ;
#2437 = FILL_AREA_STYLE_COLOUR ( '', #3574 ) ;
#2438 = VECTOR ( 'NONE', #518, 1000.000000000000114 ) ;
#2439 = CARTESIAN_POINT ( 'NONE',  ( -3.250000000000000444, -4.638138048453000373, 3.290000000000000036 ) ) ;
#2440 = ADVANCED_FACE ( 'NONE', ( #606 ), #3296, .T. ) ;
#2441 = ORIENTED_EDGE ( 'NONE', *, *, #1858, .T. ) ;
#2442 = LINE ( 'NONE', #1278, #2513 ) ;
#2443 = ORIENTED_EDGE ( 'NONE', *, *, #528, .F. ) ;
#2444 = SURFACE_STYLE_USAGE ( .BOTH. , #972 ) ;
#2445 = DIRECTION ( 'NONE',  ( 0.000000000000000000, -0.06975647374411773904, -0.9975640502598247528 ) ) ;
#2446 = FILL_AREA_STYLE ('',( #3089 ) ) ;
#2447 = FILL_AREA_STYLE ('',( #2528 ) ) ;
#2448 =( REPRESENTATION_RELATIONSHIP ('NONE','NONE', #144, #3634 ) REPRESENTATION_RELATIONSHIP_WITH_TRANSFORMATION ( #2098 )SHAPE_REPRESENTATION_RELATIONSHIP( ) );
#2449 = EDGE_CURVE ( 'NONE', #708, #2370, #247, .T. ) ;
#2450 = DIRECTION ( 'NONE',  ( -0.000000000000000000, 0.000000000000000000, 1.000000000000000000 ) ) ;
#2451 =( LENGTH_UNIT ( ) NAMED_UNIT ( * ) SI_UNIT ( .MILLI., .METRE. ) );
#2452 = SURFACE_STYLE_FILL_AREA ( #65 ) ;
#2453 = VECTOR ( 'NONE', #262, 1000.000000000000000 ) ;
#2454 = CARTESIAN_POINT ( 'NONE',  ( 0.7100000000000000755, -4.347500000000000142, 2.589999999999999858 ) ) ;
#2455 =( GEOMETRIC_REPRESENTATION_CONTEXT ( 3 ) GLOBAL_UNCERTAINTY_ASSIGNED_CONTEXT ( ( #1914 ) ) GLOBAL_UNIT_ASSIGNED_CONTEXT ( ( #2096, #2376, #2990 ) ) REPRESENTATION_CONTEXT ( 'NONE', 'WORKASPACE' ) );
#2456 = CIRCLE ( 'NONE', #2593, 0.3999999999999999667 ) ;
#2457 = DIRECTION ( 'NONE',  ( 0.000000000000000000, -0.1045284632680246323, 0.9945218953682342100 ) ) ;
#2458 = VERTEX_POINT ( 'NONE', #1519 ) ;
#2459 = ORIENTED_EDGE ( 'NONE', *, *, #2509, .T. ) ;
#2460 =( NAMED_UNIT ( * ) SI_UNIT ( $, .STERADIAN. ) SOLID_ANGLE_UNIT ( ) );
#2461 = UNCERTAINTY_MEASURE_WITH_UNIT (LENGTH_MEASURE( 1.000000000000000082E-05 ), #368, 'distance_accuracy_value', 'NONE');
#2462 = AXIS2_PLACEMENT_3D ( 'NONE', #2483, #3044, #21 ) ;
#2463 = VECTOR ( 'NONE', #3108, 1000.000000000000000 ) ;
#2464 = CARTESIAN_POINT ( 'NONE',  ( 0.000000000000000000, -1.408298662706999993, 4.599999999999999645 ) ) ;
#2465 = CIRCLE ( 'NONE', #3283, 0.7499999999955710983 ) ;
#2466 = LINE ( 'NONE', #339, #765 ) ;
#2467 = SURFACE_STYLE_USAGE ( .BOTH. , #3666 ) ;
#2468 = PRESENTATION_STYLE_ASSIGNMENT (( #3048 ) ) ;
#2469 = UNCERTAINTY_MEASURE_WITH_UNIT (LENGTH_MEASURE( 1.000000000000000082E-05 ), #776, 'distance_accuracy_value', 'NONE');
#2470 = COLOUR_RGB ( '',0.8980392156862745390, 0.8980392156862745390, 0.8980392156862745390 ) ;
#2471 = AXIS2_PLACEMENT_3D ( 'NONE', #3326, #1253, #2179 ) ;
#2472 = FILL_AREA_STYLE_COLOUR ( '', #2911 ) ;
#2473 = ORIENTED_EDGE ( 'NONE', *, *, #2169, .T. ) ;
#2474 =( NAMED_UNIT ( * ) SI_UNIT ( $, .STERADIAN. ) SOLID_ANGLE_UNIT ( ) );
#2475 = APPLICATION_CONTEXT ( 'automotive_design' ) ;
#2476 = AXIS2_PLACEMENT_3D ( 'NONE', #3, #2322, #3225 ) ;
#2477 = FACE_OUTER_BOUND ( 'NONE', #73, .T. ) ;
#2478 = DIRECTION ( 'NONE',  ( 0.000000000000000000, -1.000000000000000000, 0.000000000000000000 ) ) ;
#2479 = CARTESIAN_POINT ( 'NONE',  ( 2.947500000000000231, -3.062821454583999792, 2.851512476503000215 ) ) ;
#2480 = SURFACE_SIDE_STYLE ('',( #1004 ) ) ;
#2481 = ORIENTED_EDGE ( 'NONE', *, *, #948, .T. ) ;
#2482 = ORIENTED_EDGE ( 'NONE', *, *, #432, .F. ) ;
#2483 = CARTESIAN_POINT ( 'NONE',  ( -2.540000000000000036, -4.638138048453000373, 2.490000000000000657 ) ) ;
#2484 = FILL_AREA_STYLE ('',( #2175 ) ) ;
#2485 = DIRECTION ( 'NONE',  ( 0.000000000000000000, 0.000000000000000000, 1.000000000000000000 ) ) ;
#2486 = PRODUCT_RELATED_PRODUCT_CATEGORY ( 'part', '', ( #1960 ) ) ;
#2487 = CARTESIAN_POINT ( 'NONE',  ( -1.040833984342000029, -4.347500000000000142, 2.589999999999999858 ) ) ;
#2488 = DIRECTION ( 'NONE',  ( 1.000000000000000000, 0.000000000000000000, 0.000000000000000000 ) ) ;
#2489 = SURFACE_SIDE_STYLE ('',( #3417 ) ) ;
#2490 = EDGE_LOOP ( 'NONE', ( #709, #2209, #525, #2222 ) ) ;
#2491 = EDGE_CURVE ( 'NONE', #2182, #3043, #1809, .T. ) ;
#2492 = SURFACE_STYLE_USAGE ( .BOTH. , #402 ) ;
#2493 = CARTESIAN_POINT ( 'NONE',  ( -0.7099999999999999645, -4.347500000000000142, 2.589999999999999858 ) ) ;
#2494 =( LENGTH_UNIT ( ) NAMED_UNIT ( * ) SI_UNIT ( .MILLI., .METRE. ) );
#2495 =( NAMED_UNIT ( * ) SI_UNIT ( $, .STERADIAN. ) SOLID_ANGLE_UNIT ( ) );
#2496 = ORIENTED_EDGE ( 'NONE', *, *, #760, .F. ) ;
#2497 = VECTOR ( 'NONE', #2000, 1000.000000000000000 ) ;
#2498 = ORIENTED_EDGE ( 'NONE', *, *, #781, .F. ) ;
#2499 = UNCERTAINTY_MEASURE_WITH_UNIT (LENGTH_MEASURE( 1.000000000000000082E-05 ), #1825, 'distance_accuracy_value', 'NONE');
#2500 = COLOUR_RGB ( '',0.8980392156862745390, 0.8980392156862745390, 0.8980392156862745390 ) ;
#2501 =( NAMED_UNIT ( * ) SI_UNIT ( $, .STERADIAN. ) SOLID_ANGLE_UNIT ( ) );
#2502 = ORIENTED_EDGE ( 'NONE', *, *, #760, .T. ) ;
#2503 = SURFACE_SIDE_STYLE ('',( #3728 ) ) ;
#2504 = DIRECTION ( 'NONE',  ( -1.000000000000000000, -0.000000000000000000, 0.000000000000000000 ) ) ;
#2505 = VECTOR ( 'NONE', #1380, 1000.000000000000000 ) ;
#2506 = CARTESIAN_POINT ( 'NONE',  ( -3.250000000000000444, -4.912499999999999645, 0.000000000000000000 ) ) ;
#2507 = SURFACE_STYLE_FILL_AREA ( #1912 ) ;
#2508 = CARTESIAN_POINT ( 'NONE',  ( 3.250000000000000444, -4.694677980796000405, 3.290000000000000036 ) ) ;
#2509 = EDGE_CURVE ( 'NONE', #2370, #409, #2018, .T. ) ;
#2510 =( NAMED_UNIT ( * ) SI_UNIT ( $, .STERADIAN. ) SOLID_ANGLE_UNIT ( ) );
#2511 =( NAMED_UNIT ( * ) SI_UNIT ( $, .STERADIAN. ) SOLID_ANGLE_UNIT ( ) );
#2512 = EDGE_CURVE ( 'NONE', #284, #3019, #1505, .T. ) ;
#2513 = VECTOR ( 'NONE', #623, 1000.000000000000000 ) ;
#2514 = VERTEX_POINT ( 'NONE', #2665 ) ;
#2515 = FACE_OUTER_BOUND ( 'NONE', #315, .T. ) ;
#2516 = VERTEX_POINT ( 'NONE', #3840 ) ;
#2517 = SURFACE_STYLE_FILL_AREA ( #1087 ) ;
#2518 = ADVANCED_FACE ( 'NONE', ( #1774 ), #1184, .F. ) ;
#2519 = COLOUR_RGB ( '',0.8980392156862745390, 0.8980392156862745390, 0.8980392156862745390 ) ;
#2520 = DIRECTION ( 'NONE',  ( 0.000000000000000000, -0.000000000000000000, 1.000000000000000000 ) ) ;
#2521 = VECTOR ( 'NONE', #2504, 1000.000000000000000 ) ;
#2522 = SURFACE_SIDE_STYLE ('',( #3750 ) ) ;
#2523 = CIRCLE ( 'NONE', #216, 0.7499999999955710983 ) ;
#2524 = SURFACE_SIDE_STYLE ('',( #2571 ) ) ;
#2525 = COLOUR_RGB ( '',0.8980392156862745390, 0.8980392156862745390, 0.8980392156862745390 ) ;
#2526 = VECTOR ( 'NONE', #2020, 1000.000000000000000 ) ;
#2527 = VERTEX_POINT ( 'NONE', #995 ) ;
#2528 = FILL_AREA_STYLE_COLOUR ( '', #3096 ) ;
#2529 = SURFACE_STYLE_USAGE ( .BOTH. , #1401 ) ;
#2530 = FILL_AREA_STYLE_COLOUR ( '', #2500 ) ;
#2531 = PRESENTATION_STYLE_ASSIGNMENT (( #438 ) ) ;
#2532 = STYLED_ITEM ( 'NONE', ( #3475 ), #2949 ) ;
#2533 =( GEOMETRIC_REPRESENTATION_CONTEXT ( 3 ) GLOBAL_UNCERTAINTY_ASSIGNED_CONTEXT ( ( #961 ) ) GLOBAL_UNIT_ASSIGNED_CONTEXT ( ( #2213, #1614, #2495 ) ) REPRESENTATION_CONTEXT ( 'NONE', 'WORKASPACE' ) );
#2534 = ORIENTED_EDGE ( 'NONE', *, *, #3711, .T. ) ;
#2535 =( NAMED_UNIT ( * ) PLANE_ANGLE_UNIT ( ) SI_UNIT ( $, .RADIAN. ) );
#2536 = STYLED_ITEM ( 'NONE', ( #761 ), #3345 ) ;
#2537 = DIRECTION ( 'NONE',  ( 0.000000000000000000, 1.000000000000000000, 0.000000000000000000 ) ) ;
#2538 = ORIENTED_EDGE ( 'NONE', *, *, #686, .T. ) ;
#2539 = EDGE_CURVE ( 'NONE', #1396, #894, #3015, .T. ) ;
#2540 = LINE ( 'NONE', #3082, #79 ) ;
#2541 = EDGE_LOOP ( 'NONE', ( #1354, #1300, #3251, #3194 ) ) ;
#2542 = UNCERTAINTY_MEASURE_WITH_UNIT (LENGTH_MEASURE( 1.000000000000000082E-05 ), #2, 'distance_accuracy_value', 'NONE');
#2543 =( GEOMETRIC_REPRESENTATION_CONTEXT ( 3 ) GLOBAL_UNCERTAINTY_ASSIGNED_CONTEXT ( ( #564 ) ) GLOBAL_UNIT_ASSIGNED_CONTEXT ( ( #2229, #3731, #1291 ) ) REPRESENTATION_CONTEXT ( 'NONE', 'WORKASPACE' ) );
#2544 = FILL_AREA_STYLE ('',( #1360 ) ) ;
#2545 = SURFACE_SIDE_STYLE ('',( #1923 ) ) ;
#2546 = ORIENTED_EDGE ( 'NONE', *, *, #2065, .T. ) ;
#2547 = FACE_OUTER_BOUND ( 'NONE', #3427, .T. ) ;
#2548 = PRODUCT_DEFINITION_CONTEXT ( 'detailed design', #2077, 'design' ) ;
#2549 = PLANE ( 'NONE',  #2026 ) ;
#2550 = CARTESIAN_POINT ( 'NONE',  ( -3.099999999999999645, 7.712499999999999467, 0.000000000000000000 ) ) ;
#2551 = FILL_AREA_STYLE ('',( #1930 ) ) ;
#2552 = EDGE_CURVE ( 'NONE', #2562, #2527, #715, .T. ) ;
#2553 = PLANE ( 'NONE',  #447 ) ;
#2554 = SURFACE_SIDE_STYLE ('',( #783 ) ) ;
#2555 = UNCERTAINTY_MEASURE_WITH_UNIT (LENGTH_MEASURE( 1.000000000000000082E-05 ), #3456, 'distance_accuracy_value', 'NONE');
#2556 = DIRECTION ( 'NONE',  ( 1.000000000000000000, 0.000000000000000000, 0.000000000000000000 ) ) ;
#2557 = EDGE_LOOP ( 'NONE', ( #650, #1045, #732, #2747 ) ) ;
#2558 =( NAMED_UNIT ( * ) PLANE_ANGLE_UNIT ( ) SI_UNIT ( $, .RADIAN. ) );
#2559 = CARTESIAN_POINT ( 'NONE',  ( 1.830000000000000071, -4.912499999999999645, 0.000000000000000000 ) ) ;
#2560 =( NAMED_UNIT ( * ) SI_UNIT ( $, .STERADIAN. ) SOLID_ANGLE_UNIT ( ) );
#2561 = DIRECTION ( 'NONE',  ( 1.000000000000000000, 0.000000000000000000, 0.000000000000000000 ) ) ;
#2562 = VERTEX_POINT ( 'NONE', #1852 ) ;
#2563 = DIRECTION ( 'NONE',  ( -1.000000000000000000, 0.000000000000000000, 0.000000000000000000 ) ) ;
#2564 = EDGE_LOOP ( 'NONE', ( #2759, #483, #2083, #2022 ) ) ;
#2565 = VECTOR ( 'NONE', #1119, 1000.000000000000000 ) ;
#2566 = EDGE_CURVE ( 'NONE', #2915, #2945, #1529, .T. ) ;
#2567 = CARTESIAN_POINT ( 'NONE',  ( 3.250000000000000444, -4.757409142715046890, 2.217902589497829258 ) ) ;
#2568 = DIRECTION ( 'NONE',  ( -0.000000000000000000, -0.000000000000000000, -1.000000000000000000 ) ) ;
#2569 = ORIENTED_EDGE ( 'NONE', *, *, #2065, .F. ) ;
#2570 = PRODUCT_DEFINITION_SHAPE ( 'NONE', 'NONE',  #652 ) ;
#2571 = SURFACE_STYLE_FILL_AREA ( #1970 ) ;
#2572 = CARTESIAN_POINT ( 'NONE',  ( -2.549999999999999822, -2.757500000000026930, 3.257715466813002614 ) ) ;
#2573 = DIRECTION ( 'NONE',  ( 1.000000000000000000, 0.000000000000000000, 0.000000000000000000 ) ) ;
#2574 = LINE ( 'NONE', #1707, #3061 ) ;
#2575 = COLOUR_RGB ( '',0.8980392156862745390, 0.8980392156862745390, 0.8980392156862745390 ) ;
#2576 = SURFACE_STYLE_FILL_AREA ( #1122 ) ;
#2577 =( NAMED_UNIT ( * ) PLANE_ANGLE_UNIT ( ) SI_UNIT ( $, .RADIAN. ) );
#2578 = EDGE_CURVE ( 'NONE', #3805, #346, #3090, .T. ) ;
#2579 = VECTOR ( 'NONE', #3432, 1000.000000000000000 ) ;
#2580 = EDGE_LOOP ( 'NONE', ( #2924, #2823, #2161, #3734 ) ) ;
#2581 = DIRECTION ( 'NONE',  ( 0.000000000000000000, 1.000000000000000000, 0.000000000000000000 ) ) ;
#2582 = SURFACE_STYLE_USAGE ( .BOTH. , #1697 ) ;
#2583 = CARTESIAN_POINT ( 'NONE',  ( 4.731609655393230973, -0.9903499657522626398, 4.799999999994335909 ) ) ;
#2584 = VERTEX_POINT ( 'NONE', #2800 ) ;
#2585 = UNCERTAINTY_MEASURE_WITH_UNIT (LENGTH_MEASURE( 1.000000000000000082E-05 ), #3288, 'distance_accuracy_value', 'NONE');
#2586 =( NAMED_UNIT ( * ) PLANE_ANGLE_UNIT ( ) SI_UNIT ( $, .RADIAN. ) );
#2587 = LINE ( 'NONE', #1967, #2310 ) ;
#2588 = EDGE_LOOP ( 'NONE', ( #364, #2459, #3816, #672 ) ) ;
#2589 =( NAMED_UNIT ( * ) PLANE_ANGLE_UNIT ( ) SI_UNIT ( $, .RADIAN. ) );
#2590 = DIRECTION ( 'NONE',  ( 1.000000000000000000, 0.000000000000000000, 0.000000000000000000 ) ) ;
#2591 = SURFACE_STYLE_USAGE ( .BOTH. , #1400 ) ;
#2592 = AXIS2_PLACEMENT_3D ( 'NONE', #2596, #1752, #25 ) ;
#2593 = AXIS2_PLACEMENT_3D ( 'NONE', #1751, #3598, #327 ) ;
#2594 = PRESENTATION_STYLE_ASSIGNMENT (( #1972 ) ) ;
#2595 = CARTESIAN_POINT ( 'NONE',  ( 2.540000000000000036, -4.694677980796000405, 3.290000000000000036 ) ) ;
#2596 = CARTESIAN_POINT ( 'NONE',  ( -5.099999999999999645, 0.000000000000000000, 4.799999999875126377 ) ) ;
#2597 = EDGE_CURVE ( 'NONE', #2226, #1924, #3599, .T. ) ;
#2598 = UNCERTAINTY_MEASURE_WITH_UNIT (LENGTH_MEASURE( 1.000000000000000082E-05 ), #369, 'distance_accuracy_value', 'NONE');
#2599 = MECHANICAL_DESIGN_GEOMETRIC_PRESENTATION_REPRESENTATION (  '', ( #3705 ), #3084 ) ;
#2600 = STYLED_ITEM ( 'NONE', ( #3220 ), #2057 ) ;
#2601 =( LENGTH_UNIT ( ) NAMED_UNIT ( * ) SI_UNIT ( .MILLI., .METRE. ) );
#2602 = ORIENTED_EDGE ( 'NONE', *, *, #70, .F. ) ;
#2603 = AXIS2_PLACEMENT_3D ( 'NONE', #2007, #2032, #918 ) ;
#2604 = FILL_AREA_STYLE_COLOUR ( '', #2123 ) ;
#2605 = AXIS2_PLACEMENT_3D ( 'NONE', #2866, #1392, #992 ) ;
#2606 = STYLED_ITEM ( 'NONE', ( #2752 ), #3152 ) ;
#2607 = DIRECTION ( 'NONE',  ( 0.000000000000000000, 0.000000000000000000, -1.000000000000000000 ) ) ;
#2608 = CARTESIAN_POINT ( 'NONE',  ( 2.540000000000000036, -4.912499999999999645, 0.6999999999999999556 ) ) ;
#2609 = LINE ( 'NONE', #1698, #1543 ) ;
#2610 = STYLED_ITEM ( 'NONE', ( #1512 ), #3492 ) ;
#2611 = PLANE ( 'NONE',  #2138 ) ;
#2612 = ORIENTED_EDGE ( 'NONE', *, *, #1738, .T. ) ;
#2613 = CARTESIAN_POINT ( 'NONE',  ( 2.132499999999999840, -5.938266594751000049, 1.100000000000000089 ) ) ;
#2614 = COLOUR_RGB ( '',0.2862745098039215508, 0.2862745098039215508, 0.2862745098039215508 ) ;
#2615 = CARTESIAN_POINT ( 'NONE',  ( 2.947500000000000231, -4.912499999999999645, 0.000000000000000000 ) ) ;
#2616 = LINE ( 'NONE', #3603, #903 ) ;
#2617 = ORIENTED_EDGE ( 'NONE', *, *, #892, .T. ) ;
#2618 = MECHANICAL_DESIGN_GEOMETRIC_PRESENTATION_REPRESENTATION (  '', ( #1602 ), #2987 ) ;
#2619 = FILL_AREA_STYLE_COLOUR ( '', #1009 ) ;
#2620 = DIRECTION ( 'NONE',  ( 1.000000000000000000, 0.000000000000000000, 0.000000000000000000 ) ) ;
#2621 = PRODUCT_CONTEXT ( 'NONE', #1733, 'mechanical' ) ;
#2622 = EDGE_CURVE ( 'NONE', #1023, #1878, #1295, .T. ) ;
#2623 = ORIENTED_EDGE ( 'NONE', *, *, #1756, .F. ) ;
#2624 =( BOUNDED_CURVE ( )  B_SPLINE_CURVE ( 3, ( #417, #3632, #1013, #1303 ),
 .UNSPECIFIED., .F., .T. ) 
 B_SPLINE_CURVE_WITH_KNOTS ( ( 4, 4 ),
 ( 2.320674535112280168, 2.554219039692744442 ),
 .UNSPECIFIED. ) 
 CURVE ( )  GEOMETRIC_REPRESENTATION_ITEM ( )  RATIONAL_B_SPLINE_CURVE ( ( 1.000000000000000000, 0.9954599095158505051, 0.9954599095158505051, 1.000000000000000000 ) ) 
 REPRESENTATION_ITEM ( '' )  );
#2625 =( NAMED_UNIT ( * ) SI_UNIT ( $, .STERADIAN. ) SOLID_ANGLE_UNIT ( ) );
#2626 = DIRECTION ( 'NONE',  ( 1.000000000000000000, 0.000000000000000000, -0.000000000000000000 ) ) ;
#2627 = ORIENTED_EDGE ( 'NONE', *, *, #259, .F. ) ;
#2628 = VERTEX_POINT ( 'NONE', #392 ) ;
#2629 = DIRECTION ( 'NONE',  ( -0.000000000000000000, -0.06975647374411773904, -0.9975640502598247528 ) ) ;
#2630 = SURFACE_STYLE_USAGE ( .BOTH. , #335 ) ;
#2631 = ORIENTED_EDGE ( 'NONE', *, *, #3512, .F. ) ;
#2632 = LINE ( 'NONE', #3809, #2082 ) ;
#2633 =( GEOMETRIC_REPRESENTATION_CONTEXT ( 3 ) GLOBAL_UNCERTAINTY_ASSIGNED_CONTEXT ( ( #1945 ) ) GLOBAL_UNIT_ASSIGNED_CONTEXT ( ( #1342, #3128, #1383 ) ) REPRESENTATION_CONTEXT ( 'NONE', 'WORKASPACE' ) );
#2634 = CARTESIAN_POINT ( 'NONE',  ( -2.540000000000000036, -5.938266594751000049, 1.100000000000000089 ) ) ;
#2635 = SURFACE_STYLE_USAGE ( .BOTH. , #202 ) ;
#2636 = AXIS2_PLACEMENT_3D ( 'NONE', #2713, #1567, #2485 ) ;
#2637 = CARTESIAN_POINT ( 'NONE',  ( 5.100000000000013856, 7.212500000000060751, 1.295000000000000151 ) ) ;
#2638 = CARTESIAN_POINT ( 'NONE',  ( 0.000000000000000000, 0.000000000000000000, 0.000000000000000000 ) ) ;
#2639 = DIRECTION ( 'NONE',  ( -1.000000000000000000, 0.000000000000000000, -0.000000000000000000 ) ) ;
#2640 =( NAMED_UNIT ( * ) PLANE_ANGLE_UNIT ( ) SI_UNIT ( $, .RADIAN. ) );
#2641 = SURFACE_STYLE_USAGE ( .BOTH. , #3576 ) ;
#2642 = PRESENTATION_LAYER_ASSIGNMENT (  '', '', ( #1209 ) ) ;
#2643 = UNCERTAINTY_MEASURE_WITH_UNIT (LENGTH_MEASURE( 1.000000000000000082E-05 ), #2104, 'distance_accuracy_value', 'NONE');
#2644 = PRODUCT_DEFINITION_SHAPE ( 'NONE', 'NONE',  #116 ) ;
#2645 = ORIENTED_EDGE ( 'NONE', *, *, #2702, .T. ) ;
#2646 = LINE ( 'NONE', #876, #2176 ) ;
#2647 =( GEOMETRIC_REPRESENTATION_CONTEXT ( 3 ) GLOBAL_UNCERTAINTY_ASSIGNED_CONTEXT ( ( #2304 ) ) GLOBAL_UNIT_ASSIGNED_CONTEXT ( ( #1623, #2589, #3771 ) ) REPRESENTATION_CONTEXT ( 'NONE', 'WORKASPACE' ) );
#2648 =( LENGTH_UNIT ( ) NAMED_UNIT ( * ) SI_UNIT ( .MILLI., .METRE. ) );
#2649 = ORIENTED_EDGE ( 'NONE', *, *, #734, .F. ) ;
#2650 = VERTEX_POINT ( 'NONE', #1286 ) ;
#2651 = CARTESIAN_POINT ( 'NONE',  ( -1.830000000000000071, -4.912499999999999645, 0.000000000000000000 ) ) ;
#2652 = EDGE_CURVE ( 'NONE', #1304, #3299, #2266, .T. ) ;
#2653 = LINE ( 'NONE', #3591, #1594 ) ;
#2654 = ORIENTED_EDGE ( 'NONE', *, *, #2702, .F. ) ;
#2655 = CARTESIAN_POINT ( 'NONE',  ( -3.250000000000000888, -5.500593801517943859, 1.624777735193996264 ) ) ;
#2656 = FILL_AREA_STYLE ('',( #1462 ) ) ;
#2657 = CARTESIAN_POINT ( 'NONE',  ( 5.100000000000153300, 6.377500000000000391, 1.295000000000015916 ) ) ;
#2658 = ADVANCED_FACE ( 'NONE', ( #2164 ), #695, .T. ) ;
#2659 = COLOUR_RGB ( '',0.8980392156862745390, 0.8980392156862745390, 0.8980392156862745390 ) ;
#2660 =( NAMED_UNIT ( * ) PLANE_ANGLE_UNIT ( ) SI_UNIT ( $, .RADIAN. ) );
#2661 = SURFACE_STYLE_FILL_AREA ( #510 ) ;
#2662 = FACE_OUTER_BOUND ( 'NONE', #2064, .T. ) ;
#2663 =( GEOMETRIC_REPRESENTATION_CONTEXT ( 3 ) GLOBAL_UNCERTAINTY_ASSIGNED_CONTEXT ( ( #990 ) ) GLOBAL_UNIT_ASSIGNED_CONTEXT ( ( #705, #3757, #1309 ) ) REPRESENTATION_CONTEXT ( 'NONE', 'WORKASPACE' ) );
#2664 = FACE_OUTER_BOUND ( 'NONE', #572, .T. ) ;
#2665 = CARTESIAN_POINT ( 'NONE',  ( 5.099999999998638955, -0.7499999999977846610, 1.295000000013678765 ) ) ;
#2666 = PRODUCT_CONTEXT ( 'NONE', #3196, 'mechanical' ) ;
#2667 = LINE ( 'NONE', #162, #3395 ) ;
#2668 = VECTOR ( 'NONE', #3238, 1000.000000000000000 ) ;
#2669 = PRESENTATION_LAYER_ASSIGNMENT (  '', '', ( #3388 ) ) ;
#2670 = SURFACE_STYLE_FILL_AREA ( #27 ) ;
#2671 = EDGE_LOOP ( 'NONE', ( #809, #2832, #1138, #1777 ) ) ;
#2672 = DIRECTION ( 'NONE',  ( 0.000000000000000000, -0.7431448254771472195, 0.6691306063591324627 ) ) ;
#2673 = FILL_AREA_STYLE ('',( #2024 ) ) ;
#2674 =( NAMED_UNIT ( * ) PLANE_ANGLE_UNIT ( ) SI_UNIT ( $, .RADIAN. ) );
#2675 =( GEOMETRIC_REPRESENTATION_CONTEXT ( 3 ) GLOBAL_UNCERTAINTY_ASSIGNED_CONTEXT ( ( #2219 ) ) GLOBAL_UNIT_ASSIGNED_CONTEXT ( ( #1991, #2660, #1666 ) ) REPRESENTATION_CONTEXT ( 'NONE', 'WORKASPACE' ) );
#2676 =( NAMED_UNIT ( * ) PLANE_ANGLE_UNIT ( ) SI_UNIT ( $, .RADIAN. ) );
#2677 = ORIENTED_EDGE ( 'NONE', *, *, #3439, .T. ) ;
#2678 = MECHANICAL_DESIGN_GEOMETRIC_PRESENTATION_REPRESENTATION (  '', ( #1355 ), #665 ) ;
#2679 =( GEOMETRIC_REPRESENTATION_CONTEXT ( 3 ) GLOBAL_UNCERTAINTY_ASSIGNED_CONTEXT ( ( #1000 ) ) GLOBAL_UNIT_ASSIGNED_CONTEXT ( ( #1689, #166, #1365 ) ) REPRESENTATION_CONTEXT ( 'NONE', 'WORKASPACE' ) );
#2680 = ADVANCED_FACE ( 'NONE', ( #3772 ), #738, .T. ) ;
#2681 = EDGE_LOOP ( 'NONE', ( #774, #3167, #1919, #1189 ) ) ;
#2682 = DIRECTION ( 'NONE',  ( 0.000000000000000000, -0.06975647374481558360, -0.9975640502597760140 ) ) ;
#2683 = AXIS2_PLACEMENT_3D ( 'NONE', #3270, #2090, #3286 ) ;
#2684 = LINE ( 'NONE', #3309, #3639 ) ;
#2685 = CARTESIAN_POINT ( 'NONE',  ( -2.947500000000000231, -7.837500000000000355, 0.7000000000000000666 ) ) ;
#2686 = PRODUCT_CONTEXT ( 'NONE', #3658, 'mechanical' ) ;
#2687 = UNCERTAINTY_MEASURE_WITH_UNIT (LENGTH_MEASURE( 1.000000000000000082E-05 ), #3177, 'distance_accuracy_value', 'NONE');
#2688 = CARTESIAN_POINT ( 'NONE',  ( -2.540000000000000036, -5.539240974647444027, 1.072097410501961168 ) ) ;
#2689 = EDGE_CURVE ( 'NONE', #1559, #2159, #508, .T. ) ;
#2690 = ORIENTED_EDGE ( 'NONE', *, *, #622, .F. ) ;
#2691 = PRESENTATION_STYLE_ASSIGNMENT (( #3224 ) ) ;
#2692 = APPLICATION_CONTEXT ( 'automotive_design' ) ;
#2693 = FILL_AREA_STYLE ('',( #882 ) ) ;
#2694 = FILL_AREA_STYLE ('',( #1496 ) ) ;
#2695 = ORIENTED_EDGE ( 'NONE', *, *, #1765, .F. ) ;
#2696 = FILL_AREA_STYLE_COLOUR ( '', #3327 ) ;
#2697 = CARTESIAN_POINT ( 'NONE',  ( -4.731609655393905101, 0.9903499657522626398, 4.799999999994406075 ) ) ;
#2698 = ADVANCED_FACE ( 'NONE', ( #1683 ), #3416, .F. ) ;
#2699 = DIRECTION ( 'NONE',  ( -0.000000000000000000, -1.000000000000000000, 0.000000000000000000 ) ) ;
#2700 = FILL_AREA_STYLE ('',( #3575 ) ) ;
#2701 = SHAPE_DEFINITION_REPRESENTATION ( #2570, #423 ) ;
#2702 = EDGE_CURVE ( 'NONE', #3019, #2091, #3125, .T. ) ;
#2703 = MECHANICAL_DESIGN_GEOMETRIC_PRESENTATION_REPRESENTATION (  '', ( #3559 ), #2876 ) ;
#2704 = VERTEX_POINT ( 'NONE', #2836 ) ;
#2705 = CARTESIAN_POINT ( 'NONE',  ( 4.425806578238000277, 6.377500000000000391, 0.000000000000000000 ) ) ;
#2706 =( GEOMETRIC_REPRESENTATION_CONTEXT ( 3 ) GLOBAL_UNCERTAINTY_ASSIGNED_CONTEXT ( ( #8 ) ) GLOBAL_UNIT_ASSIGNED_CONTEXT ( ( #1522, #3588, #1723 ) ) REPRESENTATION_CONTEXT ( 'NONE', 'WORKASPACE' ) );
#2707 = ADVANCED_FACE ( 'NONE', ( #2547 ), #3729, .T. ) ;
#2708 =( LENGTH_UNIT ( ) NAMED_UNIT ( * ) SI_UNIT ( .MILLI., .METRE. ) );
#2709 = STYLED_ITEM ( 'NONE', ( #3111 ), #898 ) ;
#2710 = CARTESIAN_POINT ( 'NONE',  ( -3.250000000000000444, -4.802298966336000063, 1.575948203572999917 ) ) ;
#2711 = SURFACE_STYLE_FILL_AREA ( #968 ) ;
#2712 = FACE_OUTER_BOUND ( 'NONE', #1617, .T. ) ;
#2713 = CARTESIAN_POINT ( 'NONE',  ( 2.540000000000000036, -5.938266594751000049, 1.100000000000000089 ) ) ;
#2714 =( REPRESENTATION_RELATIONSHIP ('NONE','NONE', #144, #1241 ) REPRESENTATION_RELATIONSHIP_WITH_TRANSFORMATION ( #542 )SHAPE_REPRESENTATION_RELATIONSHIP( ) );
#2715 = FACE_OUTER_BOUND ( 'NONE', #2894, .T. ) ;
#2716 = PRESENTATION_STYLE_ASSIGNMENT (( #1183 ) ) ;
#2717 = PLANE ( 'NONE',  #231 ) ;
#2718 =( GEOMETRIC_REPRESENTATION_CONTEXT ( 3 ) GLOBAL_UNCERTAINTY_ASSIGNED_CONTEXT ( ( #1334 ) ) GLOBAL_UNIT_ASSIGNED_CONTEXT ( ( #319, #1248, #3608 ) ) REPRESENTATION_CONTEXT ( 'NONE', 'WORKASPACE' ) );
#2719 = ORIENTED_EDGE ( 'NONE', *, *, #3753, .F. ) ;
#2720 = EDGE_CURVE ( 'NONE', #3299, #2458, #2197, .T. ) ;
#2721 =( NAMED_UNIT ( * ) SI_UNIT ( $, .STERADIAN. ) SOLID_ANGLE_UNIT ( ) );
#2722 = AXIS2_PLACEMENT_3D ( 'NONE', #2928, #3851, #255 ) ;
#2723 = CARTESIAN_POINT ( 'NONE',  ( 5.099999999999999645, 6.377500000000000391, 0.000000000000000000 ) ) ;
#2724 =( GEOMETRIC_REPRESENTATION_CONTEXT ( 3 ) GLOBAL_UNCERTAINTY_ASSIGNED_CONTEXT ( ( #2347 ) ) GLOBAL_UNIT_ASSIGNED_CONTEXT ( ( #2202, #3189, #136 ) ) REPRESENTATION_CONTEXT ( 'NONE', 'WORKASPACE' ) );
#2725 =( GEOMETRIC_REPRESENTATION_CONTEXT ( 3 ) GLOBAL_UNCERTAINTY_ASSIGNED_CONTEXT ( ( #2891 ) ) GLOBAL_UNIT_ASSIGNED_CONTEXT ( ( #1139, #2917, #2013 ) ) REPRESENTATION_CONTEXT ( 'NONE', 'WORKASPACE' ) );
#2726 = ORIENTED_EDGE ( 'NONE', *, *, #322, .F. ) ;
#2727 = PRESENTATION_STYLE_ASSIGNMENT (( #386 ) ) ;
#2728 = AXIS2_PLACEMENT_3D ( 'NONE', #1010, #712, #850 ) ;
#2729 = ORIENTED_EDGE ( 'NONE', *, *, #2874, .T. ) ;
#2730 = LINE ( 'NONE', #2429, #2343 ) ;
#2731 = FILL_AREA_STYLE ('',( #2363 ) ) ;
#2732 = LINE ( 'NONE', #45, #3363 ) ;
#2733 = DIRECTION ( 'NONE',  ( 0.000000000000000000, -0.06975647374411773904, -0.9975640502598247528 ) ) ;
#2734 = CARTESIAN_POINT ( 'NONE',  ( -2.366754509860000094E-15, 1.802499999999999991, 0.000000000000000000 ) ) ;
#2735 =( GEOMETRIC_REPRESENTATION_CONTEXT ( 3 ) GLOBAL_UNCERTAINTY_ASSIGNED_CONTEXT ( ( #80 ) ) GLOBAL_UNIT_ASSIGNED_CONTEXT ( ( #741, #1289, #1853 ) ) REPRESENTATION_CONTEXT ( 'NONE', 'WORKASPACE' ) );
#2736 = PRODUCT_RELATED_PRODUCT_CATEGORY ( 'part', '', ( #263 ) ) ;
#2737 = VECTOR ( 'NONE', #3719, 1000.000000000000000 ) ;
#2738 = ORIENTED_EDGE ( 'NONE', *, *, #1843, .T. ) ;
#2739 = FACE_OUTER_BOUND ( 'NONE', #2814, .T. ) ;
#2740 = MECHANICAL_DESIGN_GEOMETRIC_PRESENTATION_REPRESENTATION (  '', ( #304 ), #3293 ) ;
#2741 =( NAMED_UNIT ( * ) PLANE_ANGLE_UNIT ( ) SI_UNIT ( $, .RADIAN. ) );
#2742 = ADVANCED_FACE ( 'NONE', ( #3556 ), #2959, .T. ) ;
#2743 = ADVANCED_BREP_SHAPE_REPRESENTATION ( '', ( #3345, #2476 ), #991 ) ;
#2744 = FILL_AREA_STYLE ('',( #3655 ) ) ;
#2745 = SURFACE_STYLE_FILL_AREA ( #2139 ) ;
#2746 = DIRECTION ( 'NONE',  ( 0.000000000000000000, -1.000000000000000000, 0.000000000000000000 ) ) ;
#2747 = ORIENTED_EDGE ( 'NONE', *, *, #2084, .T. ) ;
#2748 = DIRECTION ( 'NONE',  ( 0.000000000000000000, -0.000000000000000000, -1.000000000000000000 ) ) ;
#2749 = PLANE ( 'NONE',  #3126 ) ;
#2750 = SURFACE_STYLE_USAGE ( .BOTH. , #2181 ) ;
#2751 = STYLED_ITEM ( 'NONE', ( #479 ), #67 ) ;
#2752 = PRESENTATION_STYLE_ASSIGNMENT (( #3316 ) ) ;
#2753 = MECHANICAL_DESIGN_GEOMETRIC_PRESENTATION_REPRESENTATION (  '', ( #3673 ), #1146 ) ;
#2754 = EDGE_CURVE ( 'NONE', #2198, #2286, #2331, .T. ) ;
#2755 =( GEOMETRIC_REPRESENTATION_CONTEXT ( 3 ) GLOBAL_UNCERTAINTY_ASSIGNED_CONTEXT ( ( #3163 ) ) GLOBAL_UNIT_ASSIGNED_CONTEXT ( ( #3264, #589, #1778 ) ) REPRESENTATION_CONTEXT ( 'NONE', 'WORKASPACE' ) );
#2756 = ORIENTED_EDGE ( 'NONE', *, *, #566, .T. ) ;
#2757 = EDGE_CURVE ( 'NONE', #1290, #3019, #2937, .T. ) ;
#2758 =( NAMED_UNIT ( * ) PLANE_ANGLE_UNIT ( ) SI_UNIT ( $, .RADIAN. ) );
#2759 = ORIENTED_EDGE ( 'NONE', *, *, #3584, .T. ) ;
#2760 = DIRECTION ( 'NONE',  ( -0.000000000000000000, -0.000000000000000000, -1.000000000000000000 ) ) ;
#2761 = VECTOR ( 'NONE', #1251, 1000.000000000000000 ) ;
#2762 = CARTESIAN_POINT ( 'NONE',  ( -2.549999999999999822, -2.694460105315000131, 3.857499999999999929 ) ) ;
#2763 = DIRECTION ( 'NONE',  ( 1.000000000000000000, 0.000000000000000000, -0.000000000000000000 ) ) ;
#2764 = ORIENTED_EDGE ( 'NONE', *, *, #1801, .F. ) ;
#2765 = CARTESIAN_POINT ( 'NONE',  ( 2.947500000000000231, -7.837500000000000355, 0.7000000000000000666 ) ) ;
#2766 = VERTEX_POINT ( 'NONE', #264 ) ;
#2767 =( NAMED_UNIT ( * ) SI_UNIT ( $, .STERADIAN. ) SOLID_ANGLE_UNIT ( ) );
#2768 = SURFACE_SIDE_STYLE ('',( #965 ) ) ;
#2769 = LINE ( 'NONE', #967, #1996 ) ;
#2770 = PLANE ( 'NONE',  #1033 ) ;
#2771 = MECHANICAL_DESIGN_GEOMETRIC_PRESENTATION_REPRESENTATION (  '', ( #3022 ), #2663 ) ;
#2772 = MECHANICAL_DESIGN_GEOMETRIC_PRESENTATION_REPRESENTATION (  '', ( #1476 ), #3463 ) ;
#2773 = STYLED_ITEM ( 'NONE', ( #746 ), #1823 ) ;
#2774 = VERTEX_POINT ( 'NONE', #3233 ) ;
#2775 = DIRECTION ( 'NONE',  ( -1.000000000000000000, -0.000000000000000000, -0.000000000000000000 ) ) ;
#2776 = VERTEX_POINT ( 'NONE', #557 ) ;
#2777 =( NAMED_UNIT ( * ) PLANE_ANGLE_UNIT ( ) SI_UNIT ( $, .RADIAN. ) );
#2778 = COLOUR_RGB ( '',0.8980392156862745390, 0.8980392156862745390, 0.8980392156862745390 ) ;
#2779 =( GEOMETRIC_REPRESENTATION_CONTEXT ( 3 ) GLOBAL_UNCERTAINTY_ASSIGNED_CONTEXT ( ( #1983 ) ) GLOBAL_UNIT_ASSIGNED_CONTEXT ( ( #1833, #359, #2129 ) ) REPRESENTATION_CONTEXT ( 'NONE', 'WORKASPACE' ) );
#2780 = LINE ( 'NONE', #96, #1110 ) ;
#2781 = EDGE_CURVE ( 'NONE', #3805, #2890, #1748, .T. ) ;
#2782 = AXIS2_PLACEMENT_3D ( 'NONE', #133, #3121, #491 ) ;
#2783 = VECTOR ( 'NONE', #188, 1000.000000000000000 ) ;
#2784 = CYLINDRICAL_SURFACE ( 'NONE', #2636, 0.3999999999999999667 ) ;
#2785 = PRESENTATION_LAYER_ASSIGNMENT (  '', '', ( #3590 ) ) ;
#2786 = MECHANICAL_DESIGN_GEOMETRIC_PRESENTATION_REPRESENTATION (  '', ( #93 ), #3833 ) ;
#2787 = DIRECTION ( 'NONE',  ( 0.9945218953682343210, -0.000000000000000000, 0.1045284632680246462 ) ) ;
#2788 = FILL_AREA_STYLE ('',( #3071 ) ) ;
#2789 = ORIENTED_EDGE ( 'NONE', *, *, #1477, .T. ) ;
#2790 = SURFACE_SIDE_STYLE ('',( #480 ) ) ;
#2791 = SURFACE_STYLE_USAGE ( .BOTH. , #2768 ) ;
#2792 = PLANE ( 'NONE',  #287 ) ;
#2793 = FILL_AREA_STYLE_COLOUR ( '', #2614 ) ;
#2794 = ORIENTED_EDGE ( 'NONE', *, *, #3004, .T. ) ;
#2795 = DIRECTION ( 'NONE',  ( 0.000000000000000000, 0.000000000000000000, -1.000000000000000000 ) ) ;
#2796 = ORIENTED_EDGE ( 'NONE', *, *, #1742, .F. ) ;
#2797 = DIRECTION ( 'NONE',  ( 1.000000000000000000, 0.000000000000000000, 0.000000000000000000 ) ) ;
#2798 = EDGE_LOOP ( 'NONE', ( #784, #448, #1578, #1405 ) ) ;
#2799 = CARTESIAN_POINT ( 'NONE',  ( -4.425806578238000277, 0.7178360569389998780, 0.000000000000000000 ) ) ;
#2800 = CARTESIAN_POINT ( 'NONE',  ( -2.132499999999999840, -4.802298966336048913, 1.575948203573003470 ) ) ;
#2801 = ADVANCED_FACE ( 'NONE', ( #1513 ), #3358, .T. ) ;
#2802 = DIRECTION ( 'NONE',  ( 1.000000000000000000, 0.000000000000000000, -0.000000000000000000 ) ) ;
#2803 = CARTESIAN_POINT ( 'NONE',  ( -3.099999999999964562, 7.712499999999879563, 0.000000000000000000 ) ) ;
#2804 = EDGE_CURVE ( 'NONE', #1247, #3323, #675, .T. ) ;
#2805 = CARTESIAN_POINT ( 'NONE',  ( -2.947500000000000231, -7.837500000000000355, 0.5250000000000000222 ) ) ;
#2806 = CARTESIAN_POINT ( 'NONE',  ( -4.857158965714239329, 6.134658965714891110, 3.605478104631798075 ) ) ;
#2807 = PRESENTATION_LAYER_ASSIGNMENT (  '', '', ( #1382 ) ) ;
#2808 = ADVANCED_FACE ( 'NONE', ( #3031 ), #3594, .T. ) ;
#2809 = LINE ( 'NONE', #1021, #873 ) ;
#2810 = PRESENTATION_LAYER_ASSIGNMENT (  '', '', ( #3673 ) ) ;
#2811 = ORIENTED_EDGE ( 'NONE', *, *, #2244, .F. ) ;
#2812 = LINE ( 'NONE', #130, #916 ) ;
#2813 =( GEOMETRIC_REPRESENTATION_CONTEXT ( 3 ) GLOBAL_UNCERTAINTY_ASSIGNED_CONTEXT ( ( #2461 ) ) GLOBAL_UNIT_ASSIGNED_CONTEXT ( ( #368, #2210, #2136 ) ) REPRESENTATION_CONTEXT ( 'NONE', 'WORKASPACE' ) );
#2814 = EDGE_LOOP ( 'NONE', ( #899, #2631, #1649, #1388 ) ) ;
#2815 = UNCERTAINTY_MEASURE_WITH_UNIT (LENGTH_MEASURE( 1.000000000000000082E-05 ), #2834, 'distance_accuracy_value', 'NONE');
#2816 =( NAMED_UNIT ( * ) SI_UNIT ( $, .STERADIAN. ) SOLID_ANGLE_UNIT ( ) );
#2817 = ORIENTED_EDGE ( 'NONE', *, *, #2169, .F. ) ;
#2818 = PLANE ( 'NONE',  #964 ) ;
#2819 = COLOUR_RGB ( '',0.8980392156862745390, 0.8980392156862745390, 0.8980392156862745390 ) ;
#2820 = FILL_AREA_STYLE ('',( #2472 ) ) ;
#2821 = DIRECTION ( 'NONE',  ( -0.000000000000000000, 0.000000000000000000, 1.000000000000000000 ) ) ;
#2822 = ADVANCED_FACE ( 'NONE', ( #2428 ), #3663, .T. ) ;
#2823 = ORIENTED_EDGE ( 'NONE', *, *, #940, .F. ) ;
#2824 = CARTESIAN_POINT ( 'NONE',  ( 0.7100000000000000755, -4.347500000000000142, 3.290000000000000036 ) ) ;
#2825 = LINE ( 'NONE', #143, #1842 ) ;
#2826 = DIRECTION ( 'NONE',  ( 1.000000000000000000, 0.000000000000000000, 0.000000000000000000 ) ) ;
#2827 = ORIENTED_EDGE ( 'NONE', *, *, #229, .T. ) ;
#2828 = ORIENTED_EDGE ( 'NONE', *, *, #2597, .F. ) ;
#2829 =( LENGTH_UNIT ( ) NAMED_UNIT ( * ) SI_UNIT ( .MILLI., .METRE. ) );
#2830 = DIRECTION ( 'NONE',  ( -0.000000000000000000, -0.06975647374411773904, -0.9975640502598247528 ) ) ;
#2831 = SURFACE_STYLE_USAGE ( .BOTH. , #2545 ) ;
#2832 = ORIENTED_EDGE ( 'NONE', *, *, #2334, .T. ) ;
#2833 =( GEOMETRIC_REPRESENTATION_CONTEXT ( 3 ) GLOBAL_UNCERTAINTY_ASSIGNED_CONTEXT ( ( #362 ) ) GLOBAL_UNIT_ASSIGNED_CONTEXT ( ( #1580, #2777, #2460 ) ) REPRESENTATION_CONTEXT ( 'NONE', 'WORKASPACE' ) );
#2834 =( LENGTH_UNIT ( ) NAMED_UNIT ( * ) SI_UNIT ( .MILLI., .METRE. ) );
#2835 = VECTOR ( 'NONE', #605, 1000.000000000000000 ) ;
#2836 = CARTESIAN_POINT ( 'NONE',  ( -4.043352234344867568, 0.000000000000000000, 4.799999999988813215 ) ) ;
#2837 = PRESENTATION_LAYER_ASSIGNMENT (  '', '', ( #663 ) ) ;
#2838 = CARTESIAN_POINT ( 'NONE',  ( -2.540000000000000036, -7.837500000000000355, 4.336808689942017736E-16 ) ) ;
#2839 = DIRECTION ( 'NONE',  ( -0.2425356250360976851, 0.9701425001453907182, 0.000000000000000000 ) ) ;
#2840 = DIRECTION ( 'NONE',  ( 0.000000000000000000, 0.9975640502598247528, -0.06975647374411773904 ) ) ;
#2841 = CIRCLE ( 'NONE', #2605, 0.7999999999999999334 ) ;
#2842 = DIRECTION ( 'NONE',  ( 0.000000000000000000, -0.000000000000000000, -1.000000000000000000 ) ) ;
#2843 = VECTOR ( 'NONE', #433, 1000.000000000000000 ) ;
#2844 = VERTEX_POINT ( 'NONE', #2953 ) ;
#2845 = DIRECTION ( 'NONE',  ( -1.000000000000000000, 0.000000000000000000, -0.000000000000000000 ) ) ;
#2846 = VECTOR ( 'NONE', #1632, 1000.000000000000114 ) ;
#2847 = EDGE_CURVE ( 'NONE', #2945, #2915, #1481, .T. ) ;
#2848 = PLANE ( 'NONE',  #3149 ) ;
#2849 = PRESENTATION_LAYER_ASSIGNMENT (  '', '', ( #1734 ) ) ;
#2850 = DIRECTION ( 'NONE',  ( 0.000000000000000000, -0.06975647374468138540, -0.9975640502597853398 ) ) ;
#2851 = EDGE_LOOP ( 'NONE', ( #3607, #2502, #40, #2427 ) ) ;
#2852 = ORIENTED_EDGE ( 'NONE', *, *, #3800, .F. ) ;
#2853 = LINE ( 'NONE', #1659, #1721 ) ;
#2854 = CARTESIAN_POINT ( 'NONE',  ( -1.665334536938000065E-15, 6.377500000000000391, 1.294999999999999929 ) ) ;
#2855 = EDGE_CURVE ( 'NONE', #3467, #2915, #3853, .T. ) ;
#2856 = CARTESIAN_POINT ( 'NONE',  ( 2.540000000000000036, -7.712500000000000355, 3.816391647148999767E-16 ) ) ;
#2857 = DIRECTION ( 'NONE',  ( -0.9701425001453907182, -0.2425356250360976851, 0.000000000000000000 ) ) ;
#2858 = SURFACE_STYLE_USAGE ( .BOTH. , #3756 ) ;
#2859 = SURFACE_STYLE_USAGE ( .BOTH. , #1687 ) ;
#2860 = PRESENTATION_STYLE_ASSIGNMENT (( #3217 ) ) ;
#2861 =( LENGTH_UNIT ( ) NAMED_UNIT ( * ) SI_UNIT ( .MILLI., .METRE. ) );
#2862 = PLANE ( 'NONE',  #1408 ) ;
#2863 = ORIENTED_EDGE ( 'NONE', *, *, #2925, .F. ) ;
#2864 = CARTESIAN_POINT ( 'NONE',  ( -2.947500000000000231, -5.500593801517999815, 1.624777735194000039 ) ) ;
#2865 = SURFACE_STYLE_USAGE ( .BOTH. , #422 ) ;
#2866 = CARTESIAN_POINT ( 'NONE',  ( -3.250000000000000444, -4.638138048453000373, 2.490000000000000657 ) ) ;
#2867 = AXIS2_PLACEMENT_3D ( 'NONE', #3755, #436, #2802 ) ;
#2868 = CARTESIAN_POINT ( 'NONE',  ( -0.7099999999999999645, -0.8856861454980000659, 3.290000000000000036 ) ) ;
#2869 = ORIENTED_EDGE ( 'NONE', *, *, #3093, .T. ) ;
#2870 = DIRECTION ( 'NONE',  ( -1.000000000000000000, 0.000000000000000000, 0.000000000000000000 ) ) ;
#2871 = ORIENTED_EDGE ( 'NONE', *, *, #2101, .F. ) ;
#2872 = FACE_OUTER_BOUND ( 'NONE', #1219, .T. ) ;
#2873 = CARTESIAN_POINT ( 'NONE',  ( -3.250000000000000444, -4.757409142715046890, 2.217902589497829258 ) ) ;
#2874 = EDGE_CURVE ( 'NONE', #773, #150, #2930, .T. ) ;
#2875 = DIRECTION ( 'NONE',  ( 0.000000000000000000, -1.000000000000000000, -0.000000000000000000 ) ) ;
#2876 =( GEOMETRIC_REPRESENTATION_CONTEXT ( 3 ) GLOBAL_UNCERTAINTY_ASSIGNED_CONTEXT ( ( #3255 ) ) GLOBAL_UNIT_ASSIGNED_CONTEXT ( ( #1318, #2177, #713 ) ) REPRESENTATION_CONTEXT ( 'NONE', 'WORKASPACE' ) );
#2877 = EDGE_LOOP ( 'NONE', ( #272, #1061, #3322, #2126 ) ) ;
#2878 = FILL_AREA_STYLE ('',( #1988 ) ) ;
#2879 = SURFACE_STYLE_USAGE ( .BOTH. , #3792 ) ;
#2880 =( LENGTH_UNIT ( ) NAMED_UNIT ( * ) SI_UNIT ( .MILLI., .METRE. ) );
#2881 = MECHANICAL_DESIGN_GEOMETRIC_PRESENTATION_REPRESENTATION (  '', ( #3429 ), #2248 ) ;
#2882 = LINE ( 'NONE', #207, #341 ) ;
#2883 = DIRECTION ( 'NONE',  ( -1.000000000000000000, -0.000000000000000000, 0.000000000000000000 ) ) ;
#2884 = VECTOR ( 'NONE', #3501, 1000.000000000000000 ) ;
#2885 = ORIENTED_EDGE ( 'NONE', *, *, #3026, .T. ) ;
#2886 = DIRECTION ( 'NONE',  ( 0.000000000000000000, 0.9975640502598139836, -0.06975647374427275393 ) ) ;
#2887 = CARTESIAN_POINT ( 'NONE',  ( 5.100000000000060041, 7.212500000000242828, 0.000000000000000000 ) ) ;
#2888 =( NAMED_UNIT ( * ) SI_UNIT ( $, .STERADIAN. ) SOLID_ANGLE_UNIT ( ) );
#2889 = CARTESIAN_POINT ( 'NONE',  ( 0.7500000000000000000, -1.408298662706999993, 4.799999999999999822 ) ) ;
#2890 = VERTEX_POINT ( 'NONE', #833 ) ;
#2891 = UNCERTAINTY_MEASURE_WITH_UNIT (LENGTH_MEASURE( 1.000000000000000082E-05 ), #1139, 'distance_accuracy_value', 'NONE');
#2892 =( NAMED_UNIT ( * ) PLANE_ANGLE_UNIT ( ) SI_UNIT ( $, .RADIAN. ) );
#2893 = CARTESIAN_POINT ( 'NONE',  ( -4.425806578238000277, 6.377500000000000391, 0.000000000000000000 ) ) ;
#2894 = EDGE_LOOP ( 'NONE', ( #846, #3766, #3472, #2863 ) ) ;
#2895 = PRODUCT_DEFINITION_CONTEXT ( 'detailed design', #1012, 'design' ) ;
#2896 = EDGE_CURVE ( 'NONE', #3641, #2226, #2207, .T. ) ;
#2897 =( GEOMETRIC_REPRESENTATION_CONTEXT ( 3 ) GLOBAL_UNCERTAINTY_ASSIGNED_CONTEXT ( ( #917 ) ) GLOBAL_UNIT_ASSIGNED_CONTEXT ( ( #2861, #2314, #3758 ) ) REPRESENTATION_CONTEXT ( 'NONE', 'WORKASPACE' ) );
#2898 = CARTESIAN_POINT ( 'NONE',  ( 1.830000000000000071, -0.8856861454980000659, 3.290000000000000036 ) ) ;
#2899 = DIRECTION ( 'NONE',  ( 0.000000000000000000, 0.000000000000000000, 1.000000000000000000 ) ) ;
#2900 = DIRECTION ( 'NONE',  ( -0.000000000000000000, 0.000000000000000000, 1.000000000000000000 ) ) ;
#2901 = PRODUCT_CONTEXT ( 'NONE', #2402, 'mechanical' ) ;
#2902 = ORIENTED_EDGE ( 'NONE', *, *, #1953, .T. ) ;
#2903 = CIRCLE ( 'NONE', #1593, 0.8000000000000000444 ) ;
#2904 = SURFACE_STYLE_USAGE ( .BOTH. , #823 ) ;
#2905 =( GEOMETRIC_REPRESENTATION_CONTEXT ( 3 ) GLOBAL_UNCERTAINTY_ASSIGNED_CONTEXT ( ( #151 ) ) GLOBAL_UNIT_ASSIGNED_CONTEXT ( ( #3444, #1849, #812 ) ) REPRESENTATION_CONTEXT ( 'NONE', 'WORKASPACE' ) );
#2906 = AXIS2_PLACEMENT_3D ( 'NONE', #1631, #3680, #789 ) ;
#2907 = SURFACE_SIDE_STYLE ('',( #3244 ) ) ;
#2908 =( LENGTH_UNIT ( ) NAMED_UNIT ( * ) SI_UNIT ( .MILLI., .METRE. ) );
#2909 = LINE ( 'NONE', #2215, #670 ) ;
#2910 = VERTEX_POINT ( 'NONE', #594 ) ;
#2911 = COLOUR_RGB ( '',0.8980392156862745390, 0.8980392156862745390, 0.8980392156862745390 ) ;
#2912 = CARTESIAN_POINT ( 'NONE',  ( 3.099999999999969447, 7.712499999999879563, 1.295000000000000151 ) ) ;
#2913 = VERTEX_POINT ( 'NONE', #3806 ) ;
#2914 = LINE ( 'NONE', #240, #3676 ) ;
#2915 = VERTEX_POINT ( 'NONE', #1495 ) ;
#2916 = CARTESIAN_POINT ( 'NONE',  ( -2.540000000000000036, -5.938266594751000049, 0.7000000000000000666 ) ) ;
#2917 =( NAMED_UNIT ( * ) PLANE_ANGLE_UNIT ( ) SI_UNIT ( $, .RADIAN. ) );
#2918 = SURFACE_STYLE_USAGE ( .BOTH. , #1426 ) ;
#2919 = DIRECTION ( 'NONE',  ( 1.000000000000000000, 0.000000000000000000, 0.000000000000000000 ) ) ;
#2920 = ADVANCED_FACE ( 'NONE', ( #3788 ), #884, .T. ) ;
#2921 = PRESENTATION_STYLE_ASSIGNMENT (( #1161 ) ) ;
#2922 = CONTEXT_DEPENDENT_SHAPE_REPRESENTATION ( #2448, #544 ) ;
#2923 = CARTESIAN_POINT ( 'NONE',  ( -1.830000000000000071, -0.8856861454979999548, 2.589999999999999858 ) ) ;
#2924 = ORIENTED_EDGE ( 'NONE', *, *, #2101, .T. ) ;
#2925 = EDGE_CURVE ( 'NONE', #3241, #2516, #2730, .T. ) ;
#2926 = SURFACE_STYLE_USAGE ( .BOTH. , #3301 ) ;
#2927 = EDGE_CURVE ( 'NONE', #1331, #355, #2853, .T. ) ;
#2928 = CARTESIAN_POINT ( 'NONE',  ( 2.540000000000000036, -4.638138048453000373, 2.490000000000000657 ) ) ;
#2929 = ORIENTED_EDGE ( 'NONE', *, *, #706, .T. ) ;
#2930 = LINE ( 'NONE', #2651, #3638 ) ;
#2931 = UNCERTAINTY_MEASURE_WITH_UNIT (LENGTH_MEASURE( 1.000000000000000082E-05 ), #2880, 'distance_accuracy_value', 'NONE');
#2932 = CARTESIAN_POINT ( 'NONE',  ( -5.099999999999999645, 0.000000000000000000, 1.295000000027357601 ) ) ;
#2933 = SURFACE_STYLE_USAGE ( .BOTH. , #283 ) ;
#2934 = VERTEX_POINT ( 'NONE', #1111 ) ;
#2935 = CARTESIAN_POINT ( 'NONE',  ( -2.540000000000000036, -5.500593801517831061, 1.624777735193988049 ) ) ;
#2936 = MECHANICAL_DESIGN_GEOMETRIC_PRESENTATION_REPRESENTATION (  '', ( #3422 ), #2633 ) ;
#2937 = LINE ( 'NONE', #1463, #401 ) ;
#2938 = VECTOR ( 'NONE', #1336, 1000.000000000000000 ) ;
#2939 =( NAMED_UNIT ( * ) PLANE_ANGLE_UNIT ( ) SI_UNIT ( $, .RADIAN. ) );
#2940 = CONTEXT_DEPENDENT_SHAPE_REPRESENTATION ( #737, #2316 ) ;
#2941 = MECHANICAL_DESIGN_GEOMETRIC_PRESENTATION_REPRESENTATION (  '', ( #1209 ), #1456 ) ;
#2942 = UNCERTAINTY_MEASURE_WITH_UNIT (LENGTH_MEASURE( 1.000000000000000082E-05 ), #2708, 'distance_accuracy_value', 'NONE');
#2943 = LINE ( 'NONE', #1098, #403 ) ;
#2944 = PRODUCT ( 'STH315N10F7-2', 'STH315N10F7-2', '', ( #3522 ) ) ;
#2945 = VERTEX_POINT ( 'NONE', #1358 ) ;
#2946 = MECHANICAL_DESIGN_GEOMETRIC_PRESENTATION_REPRESENTATION (  '', ( #442 ), #3190 ) ;
#2947 = LINE ( 'NONE', #3547, #124 ) ;
#2948 =( GEOMETRIC_REPRESENTATION_CONTEXT ( 3 ) GLOBAL_UNCERTAINTY_ASSIGNED_CONTEXT ( ( #711 ) ) GLOBAL_UNIT_ASSIGNED_CONTEXT ( ( #3294, #1446, #292 ) ) REPRESENTATION_CONTEXT ( 'NONE', 'WORKASPACE' ) );
#2949 = ADVANCED_FACE ( 'NONE', ( #2872 ), #3723, .T. ) ;
#2950 = FACE_OUTER_BOUND ( 'NONE', #913, .T. ) ;
#2951 = FILL_AREA_STYLE_COLOUR ( '', #3633 ) ;
#2952 = ORIENTED_EDGE ( 'NONE', *, *, #2157, .T. ) ;
#2953 = CARTESIAN_POINT ( 'NONE',  ( 2.947500000000000231, -5.658512068910000359, 2.168404344971008868E-16 ) ) ;
#2954 = ADVANCED_FACE ( 'NONE', ( #1903 ), #3164, .T. ) ;
#2955 = SURFACE_STYLE_FILL_AREA ( #38 ) ;
#2956 = EDGE_LOOP ( 'NONE', ( #1615, #1373, #2284, #1346 ) ) ;
#2957 = FACE_OUTER_BOUND ( 'NONE', #3135, .T. ) ;
#2958 =( NAMED_UNIT ( * ) PLANE_ANGLE_UNIT ( ) SI_UNIT ( $, .RADIAN. ) );
#2959 = PLANE ( 'NONE',  #349 ) ;
#2960 = VECTOR ( 'NONE', #862, 1000.000000000000000 ) ;
#2961 = DIRECTION ( 'NONE',  ( 0.000000000000000000, 0.000000000000000000, -1.000000000000000000 ) ) ;
#2962 =( GEOMETRIC_REPRESENTATION_CONTEXT ( 3 ) GLOBAL_UNCERTAINTY_ASSIGNED_CONTEXT ( ( #3704 ) ) GLOBAL_UNIT_ASSIGNED_CONTEXT ( ( #3490, #1440, #276 ) ) REPRESENTATION_CONTEXT ( 'NONE', 'WORKASPACE' ) );
#2963 = FILL_AREA_STYLE_COLOUR ( '', #1780 ) ;
#2964 = MECHANICAL_DESIGN_GEOMETRIC_PRESENTATION_REPRESENTATION (  '', ( #3635 ), #3280 ) ;
#2965 = VECTOR ( 'NONE', #361, 999.9999999999998863 ) ;
#2966 = ORIENTED_EDGE ( 'NONE', *, *, #306, .F. ) ;
#2967 = STYLED_ITEM ( 'NONE', ( #1499 ), #2707 ) ;
#2968 = AXIS2_PLACEMENT_3D ( 'NONE', #1186, #543, #3260 ) ;
#2969 =( LENGTH_UNIT ( ) NAMED_UNIT ( * ) SI_UNIT ( .MILLI., .METRE. ) );
#2970 = STYLED_ITEM ( 'NONE', ( #1328 ), #3058 ) ;
#2971 = MECHANICAL_DESIGN_GEOMETRIC_PRESENTATION_REPRESENTATION (  '', ( #3644 ), #610 ) ;
#2972 = EDGE_CURVE ( 'NONE', #3745, #408, #429, .T. ) ;
#2973 = FILL_AREA_STYLE ('',( #2951 ) ) ;
#2974 = ORIENTED_EDGE ( 'NONE', *, *, #3533, .F. ) ;
#2975 = DIRECTION ( 'NONE',  ( -1.000000000000000000, 0.000000000000000000, 0.000000000000000000 ) ) ;
#2976 = UNCERTAINTY_MEASURE_WITH_UNIT (LENGTH_MEASURE( 1.000000000000000082E-05 ), #2969, 'distance_accuracy_value', 'NONE');
#2977 = PRESENTATION_LAYER_ASSIGNMENT (  '', '', ( #798 ) ) ;
#2978 = FACE_OUTER_BOUND ( 'NONE', #904, .T. ) ;
#2979 = VECTOR ( 'NONE', #1067, 1000.000000000000000 ) ;
#2980 = CARTESIAN_POINT ( 'NONE',  ( -2.947500000000000231, -5.658512068910000359, 0.000000000000000000 ) ) ;
#2981 = ORIENTED_EDGE ( 'NONE', *, *, #686, .F. ) ;
#2982 = ADVANCED_FACE ( 'NONE', ( #1419 ), #2196, .T. ) ;
#2983 = SURFACE_SIDE_STYLE ('',( #1180 ) ) ;
#2984 = VECTOR ( 'NONE', #3117, 1000.000000000000000 ) ;
#2985 =( NAMED_UNIT ( * ) PLANE_ANGLE_UNIT ( ) SI_UNIT ( $, .RADIAN. ) );
#2986 = CARTESIAN_POINT ( 'NONE',  ( -1.830000000000000071, -4.802298966336032038, 1.575948203573002138 ) ) ;
#2987 =( GEOMETRIC_REPRESENTATION_CONTEXT ( 3 ) GLOBAL_UNCERTAINTY_ASSIGNED_CONTEXT ( ( #2992 ) ) GLOBAL_UNIT_ASSIGNED_CONTEXT ( ( #1305, #3437, #2167 ) ) REPRESENTATION_CONTEXT ( 'NONE', 'WORKASPACE' ) );
#2988 = CARTESIAN_POINT ( 'NONE',  ( 2.540000000000000036, -5.326020092722000498, 1.612570352289000031 ) ) ;
#2989 = CARTESIAN_POINT ( 'NONE',  ( 5.099999999999999645, 6.377500000000000391, 1.294999999999999929 ) ) ;
#2990 =( NAMED_UNIT ( * ) SI_UNIT ( $, .STERADIAN. ) SOLID_ANGLE_UNIT ( ) );
#2991 = SHAPE_DEFINITION_REPRESENTATION ( #3497, #314 ) ;
#2992 = UNCERTAINTY_MEASURE_WITH_UNIT (LENGTH_MEASURE( 1.000000000000000082E-05 ), #1305, 'distance_accuracy_value', 'NONE');
#2993 = ORIENTED_EDGE ( 'NONE', *, *, #1266, .F. ) ;
#2994 = SURFACE_STYLE_FILL_AREA ( #1223 ) ;
#2995 = PLANE ( 'NONE',  #3595 ) ;
#2996 = ORIENTED_EDGE ( 'NONE', *, *, #843, .T. ) ;
#2997 = FACE_OUTER_BOUND ( 'NONE', #1156, .T. ) ;
#2998 = EDGE_CURVE ( 'NONE', #1379, #1304, #2465, .T. ) ;
#2999 = COLOUR_RGB ( '',0.8980392156862745390, 0.8980392156862745390, 0.8980392156862745390 ) ;
#3000 = DIRECTION ( 'NONE',  ( 1.000000000000000000, -0.000000000000000000, 0.000000000000000000 ) ) ;
#3001 =( GEOMETRIC_REPRESENTATION_CONTEXT ( 3 ) GLOBAL_UNCERTAINTY_ASSIGNED_CONTEXT ( ( #3832 ) ) GLOBAL_UNIT_ASSIGNED_CONTEXT ( ( #3310, #2430, #77 ) ) REPRESENTATION_CONTEXT ( 'NONE', 'WORKASPACE' ) );
#3002 = ORIENTED_EDGE ( 'NONE', *, *, #1066, .T. ) ;
#3003 = STYLED_ITEM ( 'NONE', ( #233 ), #668 ) ;
#3004 = EDGE_CURVE ( 'NONE', #751, #660, #3552, .T. ) ;
#3005 = PRODUCT_DEFINITION_SHAPE ( 'NONE', 'NONE',  #2320 ) ;
#3006 = COLOUR_RGB ( '',0.2862745098039215508, 0.2862745098039215508, 0.2862745098039215508 ) ;
#3007 = ORIENTED_EDGE ( 'NONE', *, *, #716, .F. ) ;
#3008 = SURFACE_STYLE_FILL_AREA ( #2160 ) ;
#3009 = ORIENTED_EDGE ( 'NONE', *, *, #3512, .T. ) ;
#3010 = SURFACE_STYLE_FILL_AREA ( #1830 ) ;
#3011 = CARTESIAN_POINT ( 'NONE',  ( -2.132499999999999840, -3.062821454583999792, 2.851512476503000215 ) ) ;
#3013 = CARTESIAN_POINT ( 'NONE',  ( -2.947500000000000231, -5.938266594751000049, 0.7000000000000000666 ) ) ;
#3012 = ADVANCED_BREP_SHAPE_REPRESENTATION ( '', ( #2128, #2476 ), #46 ) ;
#3014 = CARTESIAN_POINT ( 'NONE',  ( -5.099999999999998757, 6.377500000000000391, 0.000000000000000000 ) ) ;
#3015 = LINE ( 'NONE', #1269, #3077 ) ;
#3016 = EDGE_CURVE ( 'NONE', #1876, #150, #2073, .T. ) ;
#3017 = PRESENTATION_STYLE_ASSIGNMENT (( #2117 ) ) ;
#3018 = AXIS2_PLACEMENT_3D ( 'NONE', #556, #2307, #3496 ) ;
#3019 = VERTEX_POINT ( 'NONE', #3532 ) ;
#3020 = ORIENTED_EDGE ( 'NONE', *, *, #2927, .T. ) ;
#3021 = PRESENTATION_STYLE_ASSIGNMENT (( #2791 ) ) ;
#3022 = STYLED_ITEM ( 'NONE', ( #3367 ), #1633 ) ;
#3023 = PRESENTATION_LAYER_ASSIGNMENT (  '', '', ( #3705 ) ) ;
#3024 = DIRECTION ( 'NONE',  ( -0.9945218953682343210, 0.000000000000000000, 0.1045284632680246462 ) ) ;
#3025 = AXIS2_PLACEMENT_3D ( 'NONE', #584, #2114, #3312 ) ;
#3026 = EDGE_CURVE ( 'NONE', #1149, #2910, #885, .T. ) ;
#3027 = CARTESIAN_POINT ( 'NONE',  ( -3.250000000000000888, -0.8856861454980000659, 3.290000000000000036 ) ) ;
#3028 = ORIENTED_EDGE ( 'NONE', *, *, #1158, .T. ) ;
#3029 = VECTOR ( 'NONE', #1978, 1000.000000000000000 ) ;
#3030 = ORIENTED_EDGE ( 'NONE', *, *, #962, .T. ) ;
#3031 = FACE_OUTER_BOUND ( 'NONE', #2588, .T. ) ;
#3032 = COLOUR_RGB ( '',0.8980392156862745390, 0.8980392156862745390, 0.8980392156862745390 ) ;
#3033 = CARTESIAN_POINT ( 'NONE',  ( 2.947500000000000231, -4.802298966336048913, 1.575948203573003470 ) ) ;
#3034 = LINE ( 'NONE', #1552, #1083 ) ;
#3035 =( GEOMETRIC_REPRESENTATION_CONTEXT ( 3 ) GLOBAL_UNCERTAINTY_ASSIGNED_CONTEXT ( ( #2469 ) ) GLOBAL_UNIT_ASSIGNED_CONTEXT ( ( #776, #3184, #217 ) ) REPRESENTATION_CONTEXT ( 'NONE', 'WORKASPACE' ) );
#3036 =( GEOMETRIC_REPRESENTATION_CONTEXT ( 3 ) GLOBAL_UNCERTAINTY_ASSIGNED_CONTEXT ( ( #1691 ) ) GLOBAL_UNIT_ASSIGNED_CONTEXT ( ( #596, #2369, #902 ) ) REPRESENTATION_CONTEXT ( 'NONE', 'WORKASPACE' ) );
#3037 = VERTEX_POINT ( 'NONE', #900 ) ;
#3038 = FILL_AREA_STYLE ('',( #1256 ) ) ;
#3039 = ORIENTED_EDGE ( 'NONE', *, *, #2355, .F. ) ;
#3040 = SURFACE_STYLE_USAGE ( .BOTH. , #3617 ) ;
#3041 = DIRECTION ( 'NONE',  ( -0.9701425001453907182, 0.2425356250360976851, 0.000000000000000000 ) ) ;
#3042 = VERTEX_POINT ( 'NONE', #1784 ) ;
#3043 = VERTEX_POINT ( 'NONE', #1207 ) ;
#3044 = DIRECTION ( 'NONE',  ( 1.000000000000000000, 0.000000000000000000, 0.000000000000000000 ) ) ;
#3045 = CARTESIAN_POINT ( 'NONE',  ( 2.540000000000000036, -5.938266594751000049, 0.7000000000000000666 ) ) ;
#3046 = CARTESIAN_POINT ( 'NONE',  ( -2.540000000000000036, -5.500593801517831061, 1.624777735193988049 ) ) ;
#3047 = CARTESIAN_POINT ( 'NONE',  ( -3.100000000000000533, 7.712500000000000355, 1.294999999999999929 ) ) ;
#3048 = SURFACE_STYLE_USAGE ( .BOTH. , #342 ) ;
#3049 = UNCERTAINTY_MEASURE_WITH_UNIT (LENGTH_MEASURE( 1.000000000000000082E-05 ), #1003, 'distance_accuracy_value', 'NONE');
#3050 = CARTESIAN_POINT ( 'NONE',  ( 0.7500000000000000000, -1.408298662706999993, 4.599999999999999645 ) ) ;
#3051 = SURFACE_STYLE_FILL_AREA ( #881 ) ;
#3052 = LINE ( 'NONE', #1035, #1931 ) ;
#3053 = VECTOR ( 'NONE', #1484, 1000.000000000000000 ) ;
#3054 = SURFACE_STYLE_USAGE ( .BOTH. , #3636 ) ;
#3055 = AXIS2_PLACEMENT_3D ( 'NONE', #1051, #1680, #492 ) ;
#3056 = PRESENTATION_STYLE_ASSIGNMENT (( #2492 ) ) ;
#3057 =( NAMED_UNIT ( * ) SI_UNIT ( $, .STERADIAN. ) SOLID_ANGLE_UNIT ( ) );
#3058 = ADVANCED_FACE ( 'NONE', ( #2978 ), #303, .T. ) ;
#3059 = FACE_OUTER_BOUND ( 'NONE', #3671, .T. ) ;
#3060 = CARTESIAN_POINT ( 'NONE',  ( 4.099999999999999645, 7.462500000000000355, 0.000000000000000000 ) ) ;
#3061 = VECTOR ( 'NONE', #1055, 1000.000000000000000 ) ;
#3062 = ORIENTED_EDGE ( 'NONE', *, *, #1198, .T. ) ;
#3063 = CARTESIAN_POINT ( 'NONE',  ( 2.947500000000000231, -5.938266594751000049, 0.7000000000000000666 ) ) ;
#3064 = ORIENTED_EDGE ( 'NONE', *, *, #444, .F. ) ;
#3065 = LINE ( 'NONE', #1410, #3459 ) ;
#3066 = PRESENTATION_LAYER_ASSIGNMENT (  '', '', ( #1817 ) ) ;
#3067 = CARTESIAN_POINT ( 'NONE',  ( 1.830000000000000071, -5.500593801517999815, 1.624777735194000039 ) ) ;
#3068 = APPLICATION_CONTEXT ( 'automotive_design' ) ;
#3069 = DIRECTION ( 'NONE',  ( -1.000000000000000000, -0.000000000000000000, -0.000000000000000000 ) ) ;
#3070 = DIRECTION ( 'NONE',  ( 0.000000000000000000, 0.000000000000000000, -1.000000000000000000 ) ) ;
#3071 = FILL_AREA_STYLE_COLOUR ( '', #1185 ) ;
#3072 = FILL_AREA_STYLE ('',( #3601 ) ) ;
#3073 = FILL_AREA_STYLE ('',( #702 ) ) ;
#3074 = COLOUR_RGB ( '',0.8980392156862745390, 0.8980392156862745390, 0.8980392156862745390 ) ;
#3075 = CARTESIAN_POINT ( 'NONE',  ( 5.099999999999999645, 6.377500000000000391, 0.000000000000000000 ) ) ;
#3076 =( GEOMETRIC_REPRESENTATION_CONTEXT ( 3 ) GLOBAL_UNCERTAINTY_ASSIGNED_CONTEXT ( ( #2499 ) ) GLOBAL_UNIT_ASSIGNED_CONTEXT ( ( #1825, #915, #1799 ) ) REPRESENTATION_CONTEXT ( 'NONE', 'WORKASPACE' ) );
#3077 = VECTOR ( 'NONE', #99, 1000.000000000000000 ) ;
#3078 =( GEOMETRIC_REPRESENTATION_CONTEXT ( 3 ) GLOBAL_UNCERTAINTY_ASSIGNED_CONTEXT ( ( #676 ) ) GLOBAL_UNIT_ASSIGNED_CONTEXT ( ( #1952, #2577, #2186 ) ) REPRESENTATION_CONTEXT ( 'NONE', 'WORKASPACE' ) );
#3079 = CARTESIAN_POINT ( 'NONE',  ( 3.250000000000000444, -4.358383522610999705, 2.589999999999999858 ) ) ;
#3080 = EDGE_CURVE ( 'NONE', #3614, #3563, #3423, .T. ) ;
#3081 = ORIENTED_EDGE ( 'NONE', *, *, #742, .F. ) ;
#3082 = CARTESIAN_POINT ( 'NONE',  ( -2.540000000000000036, -7.837500000000000355, 0.7000000000000000666 ) ) ;
#3083 = EDGE_LOOP ( 'NONE', ( #2852, #384, #1451, #1934, #177, #3007, #1943, #3411, #168, #942 ) ) ;
#3084 =( GEOMETRIC_REPRESENTATION_CONTEXT ( 3 ) GLOBAL_UNCERTAINTY_ASSIGNED_CONTEXT ( ( #1837 ) ) GLOBAL_UNIT_ASSIGNED_CONTEXT ( ( #1879, #2411, #74 ) ) REPRESENTATION_CONTEXT ( 'NONE', 'WORKASPACE' ) );
#3085 = VECTOR ( 'NONE', #3509, 1000.000000000000000 ) ;
#3086 = EDGE_CURVE ( 'NONE', #2844, #1916, #2903, .T. ) ;
#3087 = CARTESIAN_POINT ( 'NONE',  ( -2.540000000000000036, -4.757409142714905670, 2.217902589497993127 ) ) ;
#3088 = VERTEX_POINT ( 'NONE', #3737 ) ;
#3089 = FILL_AREA_STYLE_COLOUR ( '', #583 ) ;
#3090 = LINE ( 'NONE', #373, #1792 ) ;
#3091 = VECTOR ( 'NONE', #3099, 1000.000000000000000 ) ;
#3092 =( LENGTH_UNIT ( ) NAMED_UNIT ( * ) SI_UNIT ( .MILLI., .METRE. ) );
#3093 = EDGE_CURVE ( 'NONE', #3042, #3805, #3176, .T. ) ;
#3094 = VERTEX_POINT ( 'NONE', #3133 ) ;
#3095 =( NAMED_UNIT ( * ) PLANE_ANGLE_UNIT ( ) SI_UNIT ( $, .RADIAN. ) );
#3096 = COLOUR_RGB ( '',0.2862745098039215508, 0.2862745098039215508, 0.2862745098039215508 ) ;
#3097 = PRESENTATION_LAYER_ASSIGNMENT (  '', '', ( #548 ) ) ;
#3098 = SURFACE_STYLE_USAGE ( .BOTH. , #1894 ) ;
#3099 = DIRECTION ( 'NONE',  ( -0.000000000000000000, -0.000000000000000000, 1.000000000000000000 ) ) ;
#3100 = SURFACE_STYLE_FILL_AREA ( #1312 ) ;
#3101 = CARTESIAN_POINT ( 'NONE',  ( 3.250000000000000444, -3.398914153144999784, 2.589999999999999858 ) ) ;
#3102 = ORIENTED_EDGE ( 'NONE', *, *, #2271, .T. ) ;
#3103 = ORIENTED_EDGE ( 'NONE', *, *, #3654, .F. ) ;
#3104 = FACE_OUTER_BOUND ( 'NONE', #2134, .T. ) ;
#3105 = ORIENTED_EDGE ( 'NONE', *, *, #273, .T. ) ;
#3106 = DIRECTION ( 'NONE',  ( -0.000000000000000000, -0.000000000000000000, -1.000000000000000000 ) ) ;
#3107 = EDGE_CURVE ( 'NONE', #2934, #3042, #726, .T. ) ;
#3108 = DIRECTION ( 'NONE',  ( -1.000000000000000000, -0.000000000000000000, 0.000000000000000000 ) ) ;
#3109 = CARTESIAN_POINT ( 'NONE',  ( -2.132499999999999840, -5.658512068910000359, 2.168404344971008868E-16 ) ) ;
#3110 = SURFACE_SIDE_STYLE ('',( #2507 ) ) ;
#3111 = PRESENTATION_STYLE_ASSIGNMENT (( #2859 ) ) ;
#3112 = SURFACE_SIDE_STYLE ('',( #1056 ) ) ;
#3113 = VERTEX_POINT ( 'NONE', #2233 ) ;
#3114 = CARTESIAN_POINT ( 'NONE',  ( -2.540000000000000036, -4.358383522610999705, 2.589999999999999858 ) ) ;
#3115 = ADVANCED_FACE ( 'NONE', ( #1896 ), #787, .T. ) ;
#3116 = PLANE ( 'NONE',  #2348 ) ;
#3117 = DIRECTION ( 'NONE',  ( -0.000000000000000000, -1.000000000000000000, 0.000000000000000000 ) ) ;
#3118 = ORIENTED_EDGE ( 'NONE', *, *, #2689, .F. ) ;
#3119 = ORIENTED_EDGE ( 'NONE', *, *, #3129, .T. ) ;
#3120 = UNCERTAINTY_MEASURE_WITH_UNIT (LENGTH_MEASURE( 1.000000000000000082E-05 ), #3274, 'distance_accuracy_value', 'NONE');
#3121 = DIRECTION ( 'NONE',  ( -0.000000000000000000, 0.000000000000000000, 1.000000000000000000 ) ) ;
#3122 =( GEOMETRIC_REPRESENTATION_CONTEXT ( 3 ) GLOBAL_UNCERTAINTY_ASSIGNED_CONTEXT ( ( #3203 ) ) GLOBAL_UNIT_ASSIGNED_CONTEXT ( ( #1539, #661, #720 ) ) REPRESENTATION_CONTEXT ( 'NONE', 'WORKASPACE' ) );
#3123 = EDGE_LOOP ( 'NONE', ( #2817, #1316, #2690, #2617, #2885, #577 ) ) ;
#3124 = PRODUCT_RELATED_PRODUCT_CATEGORY ( 'part', '', ( #3740 ) ) ;
#3125 = LINE ( 'NONE', #454, #220 ) ;
#3126 = AXIS2_PLACEMENT_3D ( 'NONE', #2415, #694, #360 ) ;
#3127 = CARTESIAN_POINT ( 'NONE',  ( -2.366754509860000094E-15, 6.377500000000000391, 0.000000000000000000 ) ) ;
#3128 =( NAMED_UNIT ( * ) PLANE_ANGLE_UNIT ( ) SI_UNIT ( $, .RADIAN. ) );
#3129 = EDGE_CURVE ( 'NONE', #2890, #588, #2825, .T. ) ;
#3130 =( NAMED_UNIT ( * ) PLANE_ANGLE_UNIT ( ) SI_UNIT ( $, .RADIAN. ) );
#3131 = ORIENTED_EDGE ( 'NONE', *, *, #472, .F. ) ;
#3132 = LINE ( 'NONE', #2277, #501 ) ;
#3133 = CARTESIAN_POINT ( 'NONE',  ( 3.250000000000000888, -5.500593801517943859, 1.624777735193996264 ) ) ;
#3134 = CARTESIAN_POINT ( 'NONE',  ( -4.099999999999999645, 7.462500000000000355, 0.000000000000000000 ) ) ;
#3135 = EDGE_LOOP ( 'NONE', ( #2738, #1717 ) ) ;
#3136 = CARTESIAN_POINT ( 'NONE',  ( -4.425806578238000277, 0.7178360569389998780, 0.000000000000000000 ) ) ;
#3137 = ORIENTED_EDGE ( 'NONE', *, *, #1182, .T. ) ;
#3138 = AXIS2_PLACEMENT_3D ( 'NONE', #179, #1664, #3433 ) ;
#3139 = PRESENTATION_LAYER_ASSIGNMENT (  '', '', ( #3836 ) ) ;
#3140 = SURFACE_STYLE_USAGE ( .BOTH. , #3724 ) ;
#3141 = LINE ( 'NONE', #1661, #1810 ) ;
#3142 = ORIENTED_EDGE ( 'NONE', *, *, #626, .T. ) ;
#3143 =( GEOMETRIC_REPRESENTATION_CONTEXT ( 3 ) GLOBAL_UNCERTAINTY_ASSIGNED_CONTEXT ( ( #3600 ) ) GLOBAL_UNIT_ASSIGNED_CONTEXT ( ( #1483, #2353, #2391 ) ) REPRESENTATION_CONTEXT ( 'NONE', 'WORKASPACE' ) );
#3144 = DIRECTION ( 'NONE',  ( 0.000000000000000000, -1.000000000000000000, -0.000000000000000000 ) ) ;
#3145 = PRESENTATION_LAYER_ASSIGNMENT (  '', '', ( #2600 ) ) ;
#3146 = ADVANCED_BREP_SHAPE_REPRESENTATION ( '', ( #848, #2476 ), #808 ) ;
#3147 =( NAMED_UNIT ( * ) PLANE_ANGLE_UNIT ( ) SI_UNIT ( $, .RADIAN. ) );
#3148 = DIRECTION ( 'NONE',  ( 0.000000000000000000, 1.000000000000000000, 0.000000000000000000 ) ) ;
#3149 = AXIS2_PLACEMENT_3D ( 'NONE', #1352, #171, #3738 ) ;
#3150 = VECTOR ( 'NONE', #580, 1000.000000000000000 ) ;
#3151 = CARTESIAN_POINT ( 'NONE',  ( 5.099999999999999645, 0.000000000000000000, 1.295000000027357601 ) ) ;
#3152 = ADVANCED_FACE ( 'NONE', ( #3781 ), #2300, .T. ) ;
#3153 = MECHANICAL_DESIGN_GEOMETRIC_PRESENTATION_REPRESENTATION (  '', ( #669 ), #2735 ) ;
#3154 = ORIENTED_EDGE ( 'NONE', *, *, #36, .T. ) ;
#3155 = CARTESIAN_POINT ( 'NONE',  ( 2.132499999999999840, -3.062821454583999792, 0.000000000000000000 ) ) ;
#3156 = VECTOR ( 'NONE', #2235, 1000.000000000000000 ) ;
#3157 = ADVANCED_FACE ( 'NONE', ( #1293 ), #3370, .T. ) ;
#3158 = SURFACE_STYLE_FILL_AREA ( #3850 ) ;
#3159 = AXIS2_PLACEMENT_3D ( 'NONE', #1093, #3460, #805 ) ;
#3160 = DIRECTION ( 'NONE',  ( 1.000000000000000000, 0.000000000000000000, 0.000000000000000000 ) ) ;
#3161 = CARTESIAN_POINT ( 'NONE',  ( 1.830000000000000071, -4.802298966336000063, 1.575948203572999917 ) ) ;
#3162 = ORIENTED_EDGE ( 'NONE', *, *, #3329, .F. ) ;
#3163 = UNCERTAINTY_MEASURE_WITH_UNIT (LENGTH_MEASURE( 1.000000000000000082E-05 ), #3264, 'distance_accuracy_value', 'NONE');
#3164 = PLANE ( 'NONE',  #2782 ) ;
#3165 = EDGE_CURVE ( 'NONE', #427, #3453, #750, .T. ) ;
#3166 =( NAMED_UNIT ( * ) PLANE_ANGLE_UNIT ( ) SI_UNIT ( $, .RADIAN. ) );
#3167 = ORIENTED_EDGE ( 'NONE', *, *, #1608, .F. ) ;
#3168 = DIRECTION ( 'NONE',  ( 0.000000000000000000, 0.000000000000000000, 1.000000000000000000 ) ) ;
#3169 = UNCERTAINTY_MEASURE_WITH_UNIT (LENGTH_MEASURE( 1.000000000000000082E-05 ), #1821, 'distance_accuracy_value', 'NONE');
#3170 = SURFACE_STYLE_FILL_AREA ( #163 ) ;
#3171 = SHAPE_REPRESENTATION_RELATIONSHIP ( 'NONE' , 'NONE' ,  #3634, #3146 ) ;
#3172 = CARTESIAN_POINT ( 'NONE',  ( -5.099999999999999645, -2.757499999999999840, 0.000000000000000000 ) ) ;
#3173 = CARTESIAN_POINT ( 'NONE',  ( 2.947500000000000231, -4.860460828702263925, 0.7441948210048664469 ) ) ;
#3174 = ORIENTED_EDGE ( 'NONE', *, *, #2254, .F. ) ;
#3175 = LINE ( 'NONE', #1390, #2315 ) ;
#3176 = LINE ( 'NONE', #1595, #3091 ) ;
#3177 =( LENGTH_UNIT ( ) NAMED_UNIT ( * ) SI_UNIT ( .MILLI., .METRE. ) );
#3178 =( NAMED_UNIT ( * ) PLANE_ANGLE_UNIT ( ) SI_UNIT ( $, .RADIAN. ) );
#3179 = ADVANCED_FACE ( 'NONE', ( #3059 ), #2848, .T. ) ;
#3180 = SURFACE_STYLE_FILL_AREA ( #2693 ) ;
#3181 = ORIENTED_EDGE ( 'NONE', *, *, #3374, .T. ) ;
#3182 = DIRECTION ( 'NONE',  ( 0.000000000000000000, -0.000000000000000000, 1.000000000000000000 ) ) ;
#3183 = MECHANICAL_DESIGN_GEOMETRIC_PRESENTATION_REPRESENTATION (  '', ( #3739 ), #3001 ) ;
#3184 =( NAMED_UNIT ( * ) PLANE_ANGLE_UNIT ( ) SI_UNIT ( $, .RADIAN. ) );
#3185 =( NAMED_UNIT ( * ) PLANE_ANGLE_UNIT ( ) SI_UNIT ( $, .RADIAN. ) );
#3186 = VECTOR ( 'NONE', #460, 1000.000000000000000 ) ;
#3187 = ORIENTED_EDGE ( 'NONE', *, *, #1147, .T. ) ;
#3188 = LINE ( 'NONE', #494, #269 ) ;
#3189 =( NAMED_UNIT ( * ) PLANE_ANGLE_UNIT ( ) SI_UNIT ( $, .RADIAN. ) );
#3190 =( GEOMETRIC_REPRESENTATION_CONTEXT ( 3 ) GLOBAL_UNCERTAINTY_ASSIGNED_CONTEXT ( ( #2029 ) ) GLOBAL_UNIT_ASSIGNED_CONTEXT ( ( #2397, #1239, #2721 ) ) REPRESENTATION_CONTEXT ( 'NONE', 'WORKASPACE' ) );
#3191 =( NAMED_UNIT ( * ) SI_UNIT ( $, .STERADIAN. ) SOLID_ANGLE_UNIT ( ) );
#3192 = ADVANCED_FACE ( 'NONE', ( #2234 ), #3116, .T. ) ;
#3193 =( LENGTH_UNIT ( ) NAMED_UNIT ( * ) SI_UNIT ( .MILLI., .METRE. ) );
#3194 = ORIENTED_EDGE ( 'NONE', *, *, #2720, .F. ) ;
#3195 = CARTESIAN_POINT ( 'NONE',  ( -5.099999999999999645, 0.000000000000000000, 1.294999999999999929 ) ) ;
#3196 = APPLICATION_CONTEXT ( 'automotive_design' ) ;
#3197 =( NAMED_UNIT ( * ) PLANE_ANGLE_UNIT ( ) SI_UNIT ( $, .RADIAN. ) );
#3198 = DIRECTION ( 'NONE',  ( 0.000000000000000000, -1.000000000000000000, 2.478176394252999853E-17 ) ) ;
#3199 = DIRECTION ( 'NONE',  ( -1.000000000000000000, -0.000000000000000000, -0.000000000000000000 ) ) ;
#3200 = SURFACE_STYLE_FILL_AREA ( #2973 ) ;
#3201 = ORIENTED_EDGE ( 'NONE', *, *, #1198, .F. ) ;
#3202 = DIRECTION ( 'NONE',  ( 0.000000000000000000, 0.000000000000000000, 1.000000000000000000 ) ) ;
#3203 = UNCERTAINTY_MEASURE_WITH_UNIT (LENGTH_MEASURE( 1.000000000000000082E-05 ), #1539, 'distance_accuracy_value', 'NONE');
#3204 =( NAMED_UNIT ( * ) PLANE_ANGLE_UNIT ( ) SI_UNIT ( $, .RADIAN. ) );
#3205 = EDGE_CURVE ( 'NONE', #3262, #1798, #2809, .T. ) ;
#3206 = STYLED_ITEM ( 'NONE', ( #3391 ), #1435 ) ;
#3207 = DIRECTION ( 'NONE',  ( 0.000000000000000000, 0.000000000000000000, -1.000000000000000000 ) ) ;
#3208 = ORIENTED_EDGE ( 'NONE', *, *, #34, .T. ) ;
#3209 = LINE ( 'NONE', #2916, #1577 ) ;
#3210 = CYLINDRICAL_SURFACE ( 'NONE', #2267, 0.3999999999999999667 ) ;
#3211 = CARTESIAN_POINT ( 'NONE',  ( -5.099999999998638955, 0.7499999999977845500, 1.295000000013678765 ) ) ;
#3212 = FILL_AREA_STYLE_COLOUR ( '', #925 ) ;
#3213 = AXIS2_PLACEMENT_3D ( 'NONE', #1142, #3462, #140 ) ;
#3214 = VECTOR ( 'NONE', #3295, 1000.000000000000000 ) ;
#3215 = CARTESIAN_POINT ( 'NONE',  ( 4.425806578238000277, 4.215168028469999939, 1.294999999999999929 ) ) ;
#3216 = CARTESIAN_POINT ( 'NONE',  ( 4.425806578238001165, 6.377500000000000391, 0.000000000000000000 ) ) ;
#3217 = SURFACE_STYLE_USAGE ( .BOTH. , #1736 ) ;
#3218 = MECHANICAL_DESIGN_GEOMETRIC_PRESENTATION_REPRESENTATION (  '', ( #1950 ), #2088 ) ;
#3219 = PRESENTATION_LAYER_ASSIGNMENT (  '', '', ( #603 ) ) ;
#3220 = PRESENTATION_STYLE_ASSIGNMENT (( #208 ) ) ;
#3221 = ORIENTED_EDGE ( 'NONE', *, *, #2847, .T. ) ;
#3222 = PRESENTATION_LAYER_ASSIGNMENT (  '', '', ( #2970 ) ) ;
#3223 = PRESENTATION_LAYER_ASSIGNMENT (  '', '', ( #3644 ) ) ;
#3224 = SURFACE_STYLE_USAGE ( .BOTH. , #1473 ) ;
#3225 = DIRECTION ( 'NONE',  ( 1.000000000000000000, 0.000000000000000000, 0.000000000000000000 ) ) ;
#3226 = MECHANICAL_DESIGN_GEOMETRIC_PRESENTATION_REPRESENTATION (  '', ( #1895 ), #165 ) ;
#3227 =( LENGTH_UNIT ( ) NAMED_UNIT ( * ) SI_UNIT ( .MILLI., .METRE. ) );
#3228 = ORIENTED_EDGE ( 'NONE', *, *, #3026, .F. ) ;
#3229 = LINE ( 'NONE', #2008, #2979 ) ;
#3230 = DIRECTION ( 'NONE',  ( 0.000000000000000000, 0.000000000000000000, 1.000000000000000000 ) ) ;
#3231 = VERTEX_POINT ( 'NONE', #3488 ) ;
#3232 = CARTESIAN_POINT ( 'NONE',  ( 5.099999999999999645, -2.757499999999999840, 0.000000000000000000 ) ) ;
#3233 = CARTESIAN_POINT ( 'NONE',  ( 1.830000000000000071, -4.757409142715046890, 2.217902589497829258 ) ) ;
#3234 =( NAMED_UNIT ( * ) PLANE_ANGLE_UNIT ( ) SI_UNIT ( $, .RADIAN. ) );
#3235 = DIRECTION ( 'NONE',  ( 0.000000000000000000, 0.000000000000000000, 1.000000000000000000 ) ) ;
#3236 = CARTESIAN_POINT ( 'NONE',  ( -2.540000000000000036, -5.658512068910000359, 0.000000000000000000 ) ) ;
#3237 = DIRECTION ( 'NONE',  ( -1.000000000000000000, 0.000000000000000000, 0.000000000000000000 ) ) ;
#3238 = DIRECTION ( 'NONE',  ( 0.000000000000000000, -1.000000000000000000, -0.000000000000000000 ) ) ;
#3239 = ADVANCED_FACE ( 'NONE', ( #2950 ), #2282, .T. ) ;
#3240 = FILL_AREA_STYLE_COLOUR ( '', #980 ) ;
#3241 = VERTEX_POINT ( 'NONE', #813 ) ;
#3242 = LINE ( 'NONE', #3817, #1270 ) ;
#3243 = ADVANCED_FACE ( 'NONE', ( #3527 ), #1411, .T. ) ;
#3244 = SURFACE_STYLE_FILL_AREA ( #2673 ) ;
#3245 = FILL_AREA_STYLE_COLOUR ( '', #2470 ) ;
#3246 = ORIENTED_EDGE ( 'NONE', *, *, #1502, .F. ) ;
#3247 = VERTEX_POINT ( 'NONE', #521 ) ;
#3248 = FILL_AREA_STYLE_COLOUR ( '', #1417 ) ;
#3249 = DIRECTION ( 'NONE',  ( -0.000000000000000000, -1.000000000000000000, 0.000000000000000000 ) ) ;
#3250 = DIRECTION ( 'NONE',  ( 0.000000000000000000, 0.000000000000000000, -1.000000000000000000 ) ) ;
#3251 = ORIENTED_EDGE ( 'NONE', *, *, #1933, .F. ) ;
#3252 = DIRECTION ( 'NONE',  ( 0.000000000000000000, -0.000000000000000000, 1.000000000000000000 ) ) ;
#3253 = MECHANICAL_DESIGN_GEOMETRIC_PRESENTATION_REPRESENTATION (  '', ( #2751 ), #2063 ) ;
#3254 = SURFACE_STYLE_USAGE ( .BOTH. , #2038 ) ;
#3255 = UNCERTAINTY_MEASURE_WITH_UNIT (LENGTH_MEASURE( 1.000000000000000082E-05 ), #1318, 'distance_accuracy_value', 'NONE');
#3256 = SURFACE_STYLE_FILL_AREA ( #3435 ) ;
#3257 = PLANE ( 'NONE',  #128 ) ;
#3258 = APPLICATION_PROTOCOL_DEFINITION ( 'draft international standard', 'automotive_design', 1998, #2402 ) ;
#3259 = AXIS2_PLACEMENT_3D ( 'NONE', #2893, #2422, #3230 ) ;
#3260 = DIRECTION ( 'NONE',  ( 0.000000000000000000, -1.000000000000000000, 2.478176394252999853E-17 ) ) ;
#3261 = FILL_AREA_STYLE_COLOUR ( '', #3848 ) ;
#3262 = VERTEX_POINT ( 'NONE', #3507 ) ;
#3263 = COLOUR_RGB ( '',0.8980392156862745390, 0.8980392156862745390, 0.8980392156862745390 ) ;
#3264 =( LENGTH_UNIT ( ) NAMED_UNIT ( * ) SI_UNIT ( .MILLI., .METRE. ) );
#3265 = VECTOR ( 'NONE', #681, 1000.000000000000000 ) ;
#3266 = DIRECTION ( 'NONE',  ( 0.000000000000000000, 0.000000000000000000, 1.000000000000000000 ) ) ;
#3267 = FILL_AREA_STYLE_COLOUR ( '', #1297 ) ;
#3268 = VERTEX_POINT ( 'NONE', #1715 ) ;
#3269 = ADVANCED_FACE ( 'NONE', ( #2417 ), #2717, .T. ) ;
#3270 = CARTESIAN_POINT ( 'NONE',  ( -2.540000000000000036, -5.658512068910000359, 0.8000000000000000444 ) ) ;
#3271 = ORIENTED_EDGE ( 'NONE', *, *, #2689, .T. ) ;
#3272 = FILL_AREA_STYLE_COLOUR ( '', #1885 ) ;
#3273 = MECHANICAL_DESIGN_GEOMETRIC_PRESENTATION_REPRESENTATION (  '', ( #3510 ), #1030 ) ;
#3274 =( LENGTH_UNIT ( ) NAMED_UNIT ( * ) SI_UNIT ( .MILLI., .METRE. ) );
#3275 =( NAMED_UNIT ( * ) SI_UNIT ( $, .STERADIAN. ) SOLID_ANGLE_UNIT ( ) );
#3276 = VECTOR ( 'NONE', #2488, 1000.000000000000000 ) ;
#3277 = PRESENTATION_LAYER_ASSIGNMENT (  '', '', ( #2773 ) ) ;
#3278 = VERTEX_POINT ( 'NONE', #374 ) ;
#3279 = CARTESIAN_POINT ( 'NONE',  ( -2.947500000000000231, -4.860460828702263925, 0.7441948210048664469 ) ) ;
#3280 =( GEOMETRIC_REPRESENTATION_CONTEXT ( 3 ) GLOBAL_UNCERTAINTY_ASSIGNED_CONTEXT ( ( #2555 ) ) GLOBAL_UNIT_ASSIGNED_CONTEXT ( ( #3456, #2225, #780 ) ) REPRESENTATION_CONTEXT ( 'NONE', 'WORKASPACE' ) );
#3281 = AXIS2_PLACEMENT_3D ( 'NONE', #2062, #807, #3503 ) ;
#3282 = EDGE_CURVE ( 'NONE', #3247, #1379, #2624, .T. ) ;
#3283 = AXIS2_PLACEMENT_3D ( 'NONE', #2932, #2368, #257 ) ;
#3284 = SURFACE_STYLE_FILL_AREA ( #3589 ) ;
#3285 = VECTOR ( 'NONE', #1208, 1000.000000000000000 ) ;
#3286 = DIRECTION ( 'NONE',  ( 0.000000000000000000, 0.000000000000000000, 1.000000000000000000 ) ) ;
#3287 =( NAMED_UNIT ( * ) SI_UNIT ( $, .STERADIAN. ) SOLID_ANGLE_UNIT ( ) );
#3288 =( LENGTH_UNIT ( ) NAMED_UNIT ( * ) SI_UNIT ( .MILLI., .METRE. ) );
#3289 = SURFACE_STYLE_USAGE ( .BOTH. , #2983 ) ;
#3290 = ADVANCED_FACE ( 'NONE', ( #1340 ), #1053, .F. ) ;
#3291 = FILL_AREA_STYLE ('',( #803 ) ) ;
#3292 = SURFACE_SIDE_STYLE ('',( #1250 ) ) ;
#3293 =( GEOMETRIC_REPRESENTATION_CONTEXT ( 3 ) GLOBAL_UNCERTAINTY_ASSIGNED_CONTEXT ( ( #330 ) ) GLOBAL_UNIT_ASSIGNED_CONTEXT ( ( #1475, #551, #2767 ) ) REPRESENTATION_CONTEXT ( 'NONE', 'WORKASPACE' ) );
#3294 =( LENGTH_UNIT ( ) NAMED_UNIT ( * ) SI_UNIT ( .MILLI., .METRE. ) );
#3295 = DIRECTION ( 'NONE',  ( -0.000000000000000000, -1.000000000000000000, -0.000000000000000000 ) ) ;
#3296 = PLANE ( 'NONE',  #3387 ) ;
#3297 = APPLICATION_PROTOCOL_DEFINITION ( 'draft international standard', 'automotive_design', 1998, #123 ) ;
#3298 = UNCERTAINTY_MEASURE_WITH_UNIT (LENGTH_MEASURE( 1.000000000000000082E-05 ), #281, 'distance_accuracy_value', 'NONE');
#3299 = VERTEX_POINT ( 'NONE', #2165 ) ;
#3300 = DIRECTION ( 'NONE',  ( -0.000000000000000000, 0.6691306063591325737, 0.7431448254771473305 ) ) ;
#3301 = SURFACE_SIDE_STYLE ('',( #3051 ) ) ;
#3302 = PRODUCT_RELATED_PRODUCT_CATEGORY ( 'part', '', ( #2944 ) ) ;
#3303 = CARTESIAN_POINT ( 'NONE',  ( -1.830000000000000071, -3.398914153144999784, 2.589999999999999858 ) ) ;
#3304 = CARTESIAN_POINT ( 'NONE',  ( 2.540000000000000036, -5.326020092722000498, 1.612570352289000031 ) ) ;
#3305 = SURFACE_SIDE_STYLE ('',( #2124 ) ) ;
#3306 = DIRECTION ( 'NONE',  ( -0.000000000000000000, 1.000000000000000000, 0.000000000000000000 ) ) ;
#3307 = EDGE_LOOP ( 'NONE', ( #2340, #3201, #2426, #3154 ) ) ;
#3308 = SURFACE_SIDE_STYLE ('',( #1280 ) ) ;
#3309 = CARTESIAN_POINT ( 'NONE',  ( -5.100000000000153300, 4.089999999999999858, 1.295000000000015916 ) ) ;
#3310 =( LENGTH_UNIT ( ) NAMED_UNIT ( * ) SI_UNIT ( .MILLI., .METRE. ) );
#3311 = LINE ( 'NONE', #1233, #1459 ) ;
#3312 = DIRECTION ( 'NONE',  ( -1.000000000000000000, -1.088453945711000108E-16, 0.000000000000000000 ) ) ;
#3313 = SURFACE_STYLE_FILL_AREA ( #2115 ) ;
#3314 = PLANE ( 'NONE',  #1999 ) ;
#3315 = VECTOR ( 'NONE', #2886, 1000.000000000000114 ) ;
#3316 = SURFACE_STYLE_USAGE ( .BOTH. , #234 ) ;
#3317 = MECHANICAL_DESIGN_GEOMETRIC_PRESENTATION_REPRESENTATION (  '', ( #2709 ), #1628 ) ;
#3318 = DIRECTION ( 'NONE',  ( -1.000000000000000000, -0.000000000000000000, 0.000000000000000000 ) ) ;
#3319 = FILL_AREA_STYLE_COLOUR ( '', #1779 ) ;
#3320 = STYLED_ITEM ( 'NONE', ( #2200 ), #1220 ) ;
#3321 = PRESENTATION_STYLE_ASSIGNMENT (( #728 ) ) ;
#3322 = ORIENTED_EDGE ( 'NONE', *, *, #1066, .F. ) ;
#3323 = VERTEX_POINT ( 'NONE', #3109 ) ;
#3324 = PRESENTATION_STYLE_ASSIGNMENT (( #3623 ) ) ;
#3325 = DIRECTION ( 'NONE',  ( -0.000000000000000000, -0.000000000000000000, -1.000000000000000000 ) ) ;
#3326 = CARTESIAN_POINT ( 'NONE',  ( -5.099999999999999645, 0.000000000000000000, 1.295000000027357601 ) ) ;
#3327 = COLOUR_RGB ( '',0.2862745098039215508, 0.2862745098039215508, 0.2862745098039215508 ) ;
#3328 = UNCERTAINTY_MEASURE_WITH_UNIT (LENGTH_MEASURE( 1.000000000000000082E-05 ), #3498, 'distance_accuracy_value', 'NONE');
#3329 = EDGE_CURVE ( 'NONE', #3697, #3373, #697, .T. ) ;
#3330 = AXIS2_PLACEMENT_3D ( 'NONE', #1616, #2563, #1920 ) ;
#3331 = VERTEX_POINT ( 'NONE', #2765 ) ;
#3332 =( NAMED_UNIT ( * ) PLANE_ANGLE_UNIT ( ) SI_UNIT ( $, .RADIAN. ) );
#3333 = EDGE_CURVE ( 'NONE', #2527, #1676, #3692, .T. ) ;
#3334 = PRESENTATION_LAYER_ASSIGNMENT (  '', '', ( #395 ) ) ;
#3335 = STYLED_ITEM ( 'NONE', ( #3324 ), #2822 ) ;
#3336 =( GEOMETRIC_REPRESENTATION_CONTEXT ( 3 ) GLOBAL_UNCERTAINTY_ASSIGNED_CONTEXT ( ( #3393 ) ) GLOBAL_UNIT_ASSIGNED_CONTEXT ( ( #2080, #2640, #1467 ) ) REPRESENTATION_CONTEXT ( 'NONE', 'WORKASPACE' ) );
#3337 = STYLED_ITEM ( 'NONE', ( #1064 ), #2982 ) ;
#3338 = SURFACE_SIDE_STYLE ('',( #2745 ) ) ;
#3339 = EDGE_LOOP ( 'NONE', ( #1701, #6, #1662, #232 ) ) ;
#3340 = PRESENTATION_LAYER_ASSIGNMENT (  '', '', ( #2606 ) ) ;
#3341 = SURFACE_SIDE_STYLE ('',( #3008 ) ) ;
#3342 = CIRCLE ( 'NONE', #2728, 0.7999999999999999334 ) ;
#3343 = ORIENTED_EDGE ( 'NONE', *, *, #1282, .F. ) ;
#3344 = LINE ( 'NONE', #3045, #1453 ) ;
#3345 = MANIFOLD_SOLID_BREP ( 'Imported1', #2379 ) ;
#3346 = LINE ( 'NONE', #3046, #2579 ) ;
#3347 = VECTOR ( 'NONE', #2561, 1000.000000000000000 ) ;
#3348 = SURFACE_STYLE_FILL_AREA ( #2447 ) ;
#3349 = AXIS2_PLACEMENT_3D ( 'NONE', #3481, #1994, #245 ) ;
#3350 = EDGE_CURVE ( 'NONE', #1132, #1247, #3518, .T. ) ;
#3351 = DIRECTION ( 'NONE',  ( 1.000000000000000000, 0.000000000000000000, 0.000000000000000000 ) ) ;
#3352 = PRODUCT_DEFINITION_FORMATION_WITH_SPECIFIED_SOURCE ( 'ANY', '', #3740, .NOT_KNOWN. ) ;
#3353 = FACE_OUTER_BOUND ( 'NONE', #1014, .T. ) ;
#3354 = LINE ( 'NONE', #3134, #2846 ) ;
#3355 = ADVANCED_FACE ( 'NONE', ( #1625 ), #997, .F. ) ;
#3356 = ORIENTED_EDGE ( 'NONE', *, *, #2449, .T. ) ;
#3357 = VERTEX_POINT ( 'NONE', #1112 ) ;
#3358 = CYLINDRICAL_SURFACE ( 'NONE', #2462, 0.7999999999999999334 ) ;
#3359 = LINE ( 'NONE', #1865, #2278 ) ;
#3360 = CARTESIAN_POINT ( 'NONE',  ( 2.540000000000000036, -5.539240974647444027, 1.072097410501961168 ) ) ;
#3361 = ORIENTED_EDGE ( 'NONE', *, *, #1017, .F. ) ;
#3362 = CARTESIAN_POINT ( 'NONE',  ( -1.830000000000000071, -4.757409142715046890, 2.217902589497829258 ) ) ;
#3363 = VECTOR ( 'NONE', #993, 1000.000000000000000 ) ;
#3364 = FACE_OUTER_BOUND ( 'NONE', #2671, .T. ) ;
#3365 = EDGE_CURVE ( 'NONE', #894, #1798, #3229, .T. ) ;
#3366 = SURFACE_STYLE_FILL_AREA ( #3698 ) ;
#3367 = PRESENTATION_STYLE_ASSIGNMENT (( #3502 ) ) ;
#3368 = COLOUR_RGB ( '',0.2862745098039215508, 0.2862745098039215508, 0.2862745098039215508 ) ;
#3369 = EDGE_CURVE ( 'NONE', #1681, #256, #2327, .T. ) ;
#3370 = PLANE ( 'NONE',  #2906 ) ;
#3371 = DIRECTION ( 'NONE',  ( 0.000000000000000000, -0.9975640502598247528, 0.06975647374411773904 ) ) ;
#3372 = PRESENTATION_LAYER_ASSIGNMENT (  '', '', ( #197 ) ) ;
#3373 = VERTEX_POINT ( 'NONE', #2873 ) ;
#3374 = EDGE_CURVE ( 'NONE', #1078, #588, #1637, .T. ) ;
#3375 =( NAMED_UNIT ( * ) SI_UNIT ( $, .STERADIAN. ) SOLID_ANGLE_UNIT ( ) );
#3376 = AXIS2_PLACEMENT_3D ( 'NONE', #2988, #2733, #1285 ) ;
#3377 = FILL_AREA_STYLE ('',( #451 ) ) ;
#3378 = LINE ( 'NONE', #2131, #2001 ) ;
#3379 =( NAMED_UNIT ( * ) SI_UNIT ( $, .STERADIAN. ) SOLID_ANGLE_UNIT ( ) );
#3380 = ORIENTED_EDGE ( 'NONE', *, *, #528, .T. ) ;
#3381 = SHAPE_REPRESENTATION_RELATIONSHIP ( 'NONE' , 'NONE' ,  #1241, #3012 ) ;
#3382 = DIRECTION ( 'NONE',  ( 0.000000000000000000, -1.000000000000000000, -0.000000000000000000 ) ) ;
#3383 = PRESENTATION_LAYER_ASSIGNMENT (  '', '', ( #3510 ) ) ;
#3384 = FILL_AREA_STYLE ('',( #2188 ) ) ;
#3385 = CIRCLE ( 'NONE', #212, 0.7500000000000000000 ) ;
#3386 = CARTESIAN_POINT ( 'NONE',  ( 2.540000000000000036, -5.395533686083999747, 3.127207382904999999 ) ) ;
#3387 = AXIS2_PLACEMENT_3D ( 'NONE', #2061, #328, #562 ) ;
#3388 = STYLED_ITEM ( 'NONE', ( #3537 ), #1816 ) ;
#3389 = ORIENTED_EDGE ( 'NONE', *, *, #2578, .T. ) ;
#3390 = EDGE_CURVE ( 'NONE', #1954, #408, #1722, .T. ) ;
#3391 = PRESENTATION_STYLE_ASSIGNMENT (( #1374 ) ) ;
#3392 = VERTEX_POINT ( 'NONE', #2567 ) ;
#3393 = UNCERTAINTY_MEASURE_WITH_UNIT (LENGTH_MEASURE( 1.000000000000000082E-05 ), #2080, 'distance_accuracy_value', 'NONE');
#3394 = VECTOR ( 'NONE', #2682, 1000.000000000000114 ) ;
#3395 = VECTOR ( 'NONE', #1927, 1000.000000000000000 ) ;
#3396 = FILL_AREA_STYLE_COLOUR ( '', #1590 ) ;
#3397 = VECTOR ( 'NONE', #1790, 1000.000000000000114 ) ;
#3398 = ORIENTED_EDGE ( 'NONE', *, *, #3626, .T. ) ;
#3399 = SURFACE_STYLE_FILL_AREA ( #2201 ) ;
#3400 = COLOUR_RGB ( '',0.8980392156862745390, 0.8980392156862745390, 0.8980392156862745390 ) ;
#3401 = CARTESIAN_POINT ( 'NONE',  ( 4.926315251223000402, -0.4849999999999999867, 2.947500000000000231 ) ) ;
#3402 = AXIS2_PLACEMENT_3D ( 'NONE', #3494, #836, #1679 ) ;
#3403 = CARTESIAN_POINT ( 'NONE',  ( 5.099999999999999645, -2.757500000000000284, 1.295000000000004814 ) ) ;
#3404 =( NAMED_UNIT ( * ) PLANE_ANGLE_UNIT ( ) SI_UNIT ( $, .RADIAN. ) );
#3405 = EDGE_LOOP ( 'NONE', ( #1005, #387, #174, #3491 ) ) ;
#3406 = DIRECTION ( 'NONE',  ( -1.000000000000000000, 0.000000000000000000, 0.000000000000000000 ) ) ;
#3407 = SURFACE_STYLE_FILL_AREA ( #3424 ) ;
#3408 = PRODUCT_DEFINITION ( 'UNKNOWN', '', #172, #1031 ) ;
#3409 = CARTESIAN_POINT ( 'NONE',  ( 3.250000000000000444, -5.436189288659999619, 2.545805178994999807 ) ) ;
#3410 = ORIENTED_EDGE ( 'NONE', *, *, #1258, .T. ) ;
#3411 = ORIENTED_EDGE ( 'NONE', *, *, #2050, .F. ) ;
#3412 = EDGE_CURVE ( 'NONE', #256, #1916, #3476, .T. ) ;
#3413 = CARTESIAN_POINT ( 'NONE',  ( 4.425806578238000277, 6.377500000000114966, 1.295000000000007923 ) ) ;
#3414 = ORIENTED_EDGE ( 'NONE', *, *, #1877, .T. ) ;
#3415 = SURFACE_STYLE_USAGE ( .BOTH. , #2522 ) ;
#3416 = CYLINDRICAL_SURFACE ( 'NONE', #1532, 0.3999999999999999667 ) ;
#3417 = SURFACE_STYLE_FILL_AREA ( #2788 ) ;
#3418 = DIRECTION ( 'NONE',  ( 0.000000000000000000, -0.000000000000000000, -1.000000000000000000 ) ) ;
#3419 = ADVANCED_FACE ( 'NONE', ( #1966 ), #157, .T. ) ;
#3420 = ORIENTED_EDGE ( 'NONE', *, *, #2009, .T. ) ;
#3421 = DIRECTION ( 'NONE',  ( 0.000000000000000000, 0.000000000000000000, 1.000000000000000000 ) ) ;
#3422 = STYLED_ITEM ( 'NONE', ( #419 ), #57 ) ;
#3423 = LINE ( 'NONE', #2279, #88 ) ;
#3424 = FILL_AREA_STYLE ('',( #462 ) ) ;
#3425 = CARTESIAN_POINT ( 'NONE',  ( 5.100000000000115108, 6.377500000000038582, 1.295000000000011919 ) ) ;
#3426 = ORIENTED_EDGE ( 'NONE', *, *, #975, .T. ) ;
#3427 = EDGE_LOOP ( 'NONE', ( #1007, #523, #2317, #2099, #1210, #1841, #832, #2419 ) ) ;
#3428 = SURFACE_STYLE_FILL_AREA ( #1376 ) ;
#3429 = STYLED_ITEM ( 'NONE', ( #1573 ), #811 ) ;
#3430 = DIRECTION ( 'NONE',  ( 1.000000000000000000, 0.000000000000000000, 0.000000000000000000 ) ) ;
#3431 = ORIENTED_EDGE ( 'NONE', *, *, #1399, .T. ) ;
#3432 = DIRECTION ( 'NONE',  ( 1.000000000000000000, 0.000000000000000000, 0.000000000000000000 ) ) ;
#3433 = DIRECTION ( 'NONE',  ( 0.000000000000000000, 1.000000000000000000, -1.362997016838999943E-16 ) ) ;
#3434 = MECHANICAL_DESIGN_GEOMETRIC_PRESENTATION_REPRESENTATION (  '', ( #1326 ), #2948 ) ;
#3435 = FILL_AREA_STYLE ('',( #2245 ) ) ;
#3436 = FILL_AREA_STYLE_COLOUR ( '', #119 ) ;
#3437 =( NAMED_UNIT ( * ) PLANE_ANGLE_UNIT ( ) SI_UNIT ( $, .RADIAN. ) );
#3438 = CARTESIAN_POINT ( 'NONE',  ( -4.926315251223000402, 4.089999999999999858, 2.947500000000000231 ) ) ;
#3439 = EDGE_CURVE ( 'NONE', #1861, #115, #3829, .T. ) ;
#3440 =( LENGTH_UNIT ( ) NAMED_UNIT ( * ) SI_UNIT ( .MILLI., .METRE. ) );
#3441 = ORIENTED_EDGE ( 'NONE', *, *, #2566, .T. ) ;
#3442 = CARTESIAN_POINT ( 'NONE',  ( 4.099999999999999645, 7.462500000000000355, 0.000000000000000000 ) ) ;
#3443 = PRESENTATION_LAYER_ASSIGNMENT (  '', '', ( #519 ) ) ;
#3444 =( LENGTH_UNIT ( ) NAMED_UNIT ( * ) SI_UNIT ( .MILLI., .METRE. ) );
#3445 = PRESENTATION_STYLE_ASSIGNMENT (( #2256 ) ) ;
#3446 =( LENGTH_UNIT ( ) NAMED_UNIT ( * ) SI_UNIT ( .MILLI., .METRE. ) );
#3447 =( GEOMETRIC_REPRESENTATION_CONTEXT ( 3 ) GLOBAL_UNCERTAINTY_ASSIGNED_CONTEXT ( ( #834 ) ) GLOBAL_UNIT_ASSIGNED_CONTEXT ( ( #3227, #1478, #939 ) ) REPRESENTATION_CONTEXT ( 'NONE', 'WORKASPACE' ) );
#3448 = CARTESIAN_POINT ( 'NONE',  ( -1.830000000000000071, -0.8856861454980000659, 3.290000000000000036 ) ) ;
#3449 = VERTEX_POINT ( 'NONE', #1525 ) ;
#3450 = SURFACE_STYLE_USAGE ( .BOTH. , #1618 ) ;
#3451 = MECHANICAL_DESIGN_GEOMETRIC_PRESENTATION_REPRESENTATION (  '', ( #2199 ), #2455 ) ;
#3452 =( GEOMETRIC_REPRESENTATION_CONTEXT ( 3 ) GLOBAL_UNCERTAINTY_ASSIGNED_CONTEXT ( ( #2585 ) ) GLOBAL_UNIT_ASSIGNED_CONTEXT ( ( #3288, #2958, #309 ) ) REPRESENTATION_CONTEXT ( 'NONE', 'WORKASPACE' ) );
#3453 = VERTEX_POINT ( 'NONE', #5 ) ;
#3454 = LINE ( 'NONE', #1398, #1629 ) ;
#3455 = STYLED_ITEM ( 'NONE', ( #842 ), #2112 ) ;
#3456 =( LENGTH_UNIT ( ) NAMED_UNIT ( * ) SI_UNIT ( .MILLI., .METRE. ) );
#3457 = FILL_AREA_STYLE_COLOUR ( '', #790 ) ;
#3458 = PRESENTATION_LAYER_ASSIGNMENT (  '', '', ( #867 ) ) ;
#3459 = VECTOR ( 'NONE', #3470, 1000.000000000000000 ) ;
#3460 = DIRECTION ( 'NONE',  ( 0.000000000000000000, 0.000000000000000000, 1.000000000000000000 ) ) ;
#3461 = DIRECTION ( 'NONE',  ( 0.000000000000000000, 0.000000000000000000, -1.000000000000000000 ) ) ;
#3462 = DIRECTION ( 'NONE',  ( 1.000000000000000000, 0.000000000000000000, 0.000000000000000000 ) ) ;
#3463 =( GEOMETRIC_REPRESENTATION_CONTEXT ( 3 ) GLOBAL_UNCERTAINTY_ASSIGNED_CONTEXT ( ( #3827 ) ) GLOBAL_UNIT_ASSIGNED_CONTEXT ( ( #12, #1217, #1805 ) ) REPRESENTATION_CONTEXT ( 'NONE', 'WORKASPACE' ) );
#3464 = FILL_AREA_STYLE ('',( #3240 ) ) ;
#3465 = VECTOR ( 'NONE', #858, 1000.000000000000000 ) ;
#3466 = EDGE_CURVE ( 'NONE', #588, #2410, #2653, .T. ) ;
#3467 = VERTEX_POINT ( 'NONE', #951 ) ;
#3468 = FILL_AREA_STYLE_COLOUR ( '', #826 ) ;
#3469 = STYLED_ITEM ( 'NONE', ( #1763 ), #1840 ) ;
#3470 = DIRECTION ( 'NONE',  ( -1.000000000000000000, 0.000000000000000000, -0.000000000000000000 ) ) ;
#3471 = DIRECTION ( 'NONE',  ( 0.000000000000000000, -1.000000000000000000, 0.000000000000000000 ) ) ;
#3472 = ORIENTED_EDGE ( 'NONE', *, *, #2133, .F. ) ;
#3473 =( NAMED_UNIT ( * ) SI_UNIT ( $, .STERADIAN. ) SOLID_ANGLE_UNIT ( ) );
#3474 = ORIENTED_EDGE ( 'NONE', *, *, #2754, .F. ) ;
#3475 = PRESENTATION_STYLE_ASSIGNMENT (( #1922 ) ) ;
#3476 = LINE ( 'NONE', #2615, #2211 ) ;
#3477 = PRESENTATION_STYLE_ASSIGNMENT (( #2328 ) ) ;
#3478 = ORIENTED_EDGE ( 'NONE', *, *, #3086, .T. ) ;
#3479 = UNCERTAINTY_MEASURE_WITH_UNIT (LENGTH_MEASURE( 1.000000000000000082E-05 ), #3572, 'distance_accuracy_value', 'NONE');
#3480 = DIRECTION ( 'NONE',  ( 0.000000000000000000, 0.000000000000000000, 1.000000000000000000 ) ) ;
#3481 = CARTESIAN_POINT ( 'NONE',  ( 0.000000000000000000, 0.000000000000000000, 0.000000000000000000 ) ) ;
#3482 = CARTESIAN_POINT ( 'NONE',  ( -2.132499999999999840, -4.802298966336000063, 1.575948203572999917 ) ) ;
#3483 = LINE ( 'NONE', #2048, #290 ) ;
#3484 = VERTEX_POINT ( 'NONE', #2980 ) ;
#3485 = SURFACE_STYLE_FILL_AREA ( #3779 ) ;
#3486 = FILL_AREA_STYLE_COLOUR ( '', #2152 ) ;
#3487 = PLANE ( 'NONE',  #983 ) ;
#3488 = CARTESIAN_POINT ( 'NONE',  ( -2.947500000000000231, -5.500593801517943859, 1.624777735193996264 ) ) ;
#3489 = LINE ( 'NONE', #236, #1052 ) ;
#3490 =( LENGTH_UNIT ( ) NAMED_UNIT ( * ) SI_UNIT ( .MILLI., .METRE. ) );
#3491 = ORIENTED_EDGE ( 'NONE', *, *, #981, .T. ) ;
#3492 = ADVANCED_FACE ( 'NONE', ( #305 ), #886, .T. ) ;
#3493 = AXIS2_PLACEMENT_3D ( 'NONE', #2240, #3430, #777 ) ;
#3494 = CARTESIAN_POINT ( 'NONE',  ( -2.540000000000000036, -4.358383522610999705, 2.189999999999999947 ) ) ;
#3495 = ORIENTED_EDGE ( 'NONE', *, *, #975, .F. ) ;
#3496 = DIRECTION ( 'NONE',  ( -1.000000000000000000, 0.000000000000000000, -0.000000000000000000 ) ) ;
#3497 = PRODUCT_DEFINITION_SHAPE ( 'NONE', 'NONE',  #2033 ) ;
#3498 =( LENGTH_UNIT ( ) NAMED_UNIT ( * ) SI_UNIT ( .MILLI., .METRE. ) );
#3499 = DIRECTION ( 'NONE',  ( 1.000000000000000000, 0.000000000000000000, -0.000000000000000000 ) ) ;
#3500 =( GEOMETRIC_REPRESENTATION_CONTEXT ( 3 ) GLOBAL_UNCERTAINTY_ASSIGNED_CONTEXT ( ( #2931 ) ) GLOBAL_UNIT_ASSIGNED_CONTEXT ( ( #2880, #226, #512 ) ) REPRESENTATION_CONTEXT ( 'NONE', 'WORKASPACE' ) );
#3501 = DIRECTION ( 'NONE',  ( -1.000000000000000000, 0.000000000000000000, 0.000000000000000000 ) ) ;
#3502 = SURFACE_STYLE_USAGE ( .BOTH. , #2296 ) ;
#3503 = DIRECTION ( 'NONE',  ( 1.000000000000000000, 1.776356839400250859E-15, 0.000000000000000000 ) ) ;
#3504 = ORIENTED_EDGE ( 'NONE', *, *, #1801, .T. ) ;
#3505 = DIRECTION ( 'NONE',  ( -0.000000000000000000, 1.000000000000000000, -2.478176394252999853E-17 ) ) ;
#3506 = CARTESIAN_POINT ( 'NONE',  ( 2.132499999999999840, -3.062821454583999792, 2.851512476503000215 ) ) ;
#3507 = CARTESIAN_POINT ( 'NONE',  ( -5.100000000000029843, 7.212500000000121148, 0.000000000000000000 ) ) ;
#3508 = EDGE_LOOP ( 'NONE', ( #2362, #989, #3431, #3208, #2141, #1548, #3808, #2434 ) ) ;
#3509 = DIRECTION ( 'NONE',  ( 0.000000000000000000, 0.000000000000000000, -1.000000000000000000 ) ) ;
#3510 = STYLED_ITEM ( 'NONE', ( #1925 ), #1249 ) ;
#3511 = CARTESIAN_POINT ( 'NONE',  ( 2.540000000000000036, -4.802298966336048913, 1.575948203573003470 ) ) ;
#3512 = EDGE_CURVE ( 'NONE', #639, #506, #1745, .T. ) ;
#3513 = PRESENTATION_STYLE_ASSIGNMENT (( #2630 ) ) ;
#3514 = VERTEX_POINT ( 'NONE', #620 ) ;
#3515 = DIRECTION ( 'NONE',  ( 0.000000000000000000, 0.000000000000000000, 1.000000000000000000 ) ) ;
#3516 = CARTESIAN_POINT ( 'NONE',  ( -2.132499999999999840, -5.500593801517999815, 1.624777735194000039 ) ) ;
#3517 = PRESENTATION_LAYER_ASSIGNMENT (  '', '', ( #1226 ) ) ;
#3518 = LINE ( 'NONE', #2838, #2097 ) ;
#3519 = SURFACE_STYLE_FILL_AREA ( #2313 ) ;
#3520 = LINE ( 'NONE', #293, #3214 ) ;
#3521 = FILL_AREA_STYLE ('',( #1123 ) ) ;
#3522 = PRODUCT_CONTEXT ( 'NONE', #2475, 'mechanical' ) ;
#3523 = STYLED_ITEM ( 'NONE', ( #797 ), #2954 ) ;
#3524 = LINE ( 'NONE', #2688, #2526 ) ;
#3525 = EDGE_LOOP ( 'NONE', ( #1443, #766, #2171, #3742 ) ) ;
#3526 = MECHANICAL_DESIGN_GEOMETRIC_PRESENTATION_REPRESENTATION (  '', ( #1958 ), #2280 ) ;
#3527 = FACE_OUTER_BOUND ( 'NONE', #2557, .T. ) ;
#3528 =( LENGTH_UNIT ( ) NAMED_UNIT ( * ) SI_UNIT ( .MILLI., .METRE. ) );
#3529 = PRESENTATION_LAYER_ASSIGNMENT (  '', '', ( #2610 ) ) ;
#3530 = ORIENTED_EDGE ( 'NONE', *, *, #1984, .F. ) ;
#3531 = CARTESIAN_POINT ( 'NONE',  ( 1.830000000000000071, -3.398914153144999784, 2.678054659170999940 ) ) ;
#3532 = CARTESIAN_POINT ( 'NONE',  ( 4.425806578238000277, 0.7178360569390002111, 0.000000000000000000 ) ) ;
#3533 = EDGE_CURVE ( 'NONE', #3580, #3453, #1767, .T. ) ;
#3534 = VECTOR ( 'NONE', #1194, 1000.000000000000000 ) ;
#3535 = DIRECTION ( 'NONE',  ( -0.1039620511848690643, 0.1039620511843150352, -0.9891328443778339974 ) ) ;
#3536 = ORIENTED_EDGE ( 'NONE', *, *, #952, .T. ) ;
#3537 = PRESENTATION_STYLE_ASSIGNMENT (( #7 ) ) ;
#3538 = PRESENTATION_STYLE_ASSIGNMENT (( #3289 ) ) ;
#3539 = ADVANCED_FACE ( 'NONE', ( #2425 ), #2995, .T. ) ;
#3540 = CARTESIAN_POINT ( 'NONE',  ( -1.929174924129000185E-15, 7.044999999999999929, 0.000000000000000000 ) ) ;
#3541 = SURFACE_SIDE_STYLE ('',( #1750 ) ) ;
#3542 = CARTESIAN_POINT ( 'NONE',  ( -0.7099999999999999645, -3.398914153144999784, 2.678054659170999940 ) ) ;
#3543 = FILL_AREA_STYLE ('',( #2359 ) ) ;
#3544 = APPLICATION_PROTOCOL_DEFINITION ( 'draft international standard', 'automotive_design', 1998, #3196 ) ;
#3545 = APPLICATION_CONTEXT ( 'automotive_design' ) ;
#3546 = ORIENTED_EDGE ( 'NONE', *, *, #781, .T. ) ;
#3547 = CARTESIAN_POINT ( 'NONE',  ( -4.425806578238000277, 0.7178360569389999890, 0.000000000000000000 ) ) ;
#3548 = EDGE_CURVE ( 'NONE', #3580, #2118, #1547, .T. ) ;
#3549 =( NAMED_UNIT ( * ) SI_UNIT ( $, .STERADIAN. ) SOLID_ANGLE_UNIT ( ) );
#3550 = PRESENTATION_STYLE_ASSIGNMENT (( #502 ) ) ;
#3551 = ORIENTED_EDGE ( 'NONE', *, *, #2309, .T. ) ;
#3552 = LINE ( 'NONE', #3828, #3774 ) ;
#3553 = ORIENTED_EDGE ( 'NONE', *, *, #3699, .F. ) ;
#3554 = CARTESIAN_POINT ( 'NONE',  ( 2.540000000000000036, -0.8856861454979999548, 2.589999999999999858 ) ) ;
#3555 = MECHANICAL_DESIGN_GEOMETRIC_PRESENTATION_REPRESENTATION (  '', ( #1382 ), #1860 ) ;
#3556 = FACE_OUTER_BOUND ( 'NONE', #3405, .T. ) ;
#3557 = UNCERTAINTY_MEASURE_WITH_UNIT (LENGTH_MEASURE( 1.000000000000000082E-05 ), #1824, 'distance_accuracy_value', 'NONE');
#3558 = CARTESIAN_POINT ( 'NONE',  ( -1.830000000000000071, -4.638138048453000373, 2.490000000000000657 ) ) ;
#3559 = STYLED_ITEM ( 'NONE', ( #1882 ), #371 ) ;
#3560 =( NAMED_UNIT ( * ) PLANE_ANGLE_UNIT ( ) SI_UNIT ( $, .RADIAN. ) );
#3561 = SURFACE_SIDE_STYLE ('',( #561 ) ) ;
#3562 = PRESENTATION_LAYER_ASSIGNMENT (  '', '', ( #64 ) ) ;
#3563 = VERTEX_POINT ( 'NONE', #2439 ) ;
#3564 = ADVANCED_FACE ( 'NONE', ( #671 ), #1022, .T. ) ;
#3565 = SURFACE_STYLE_USAGE ( .BOTH. , #567 ) ;
#3566 = VECTOR ( 'NONE', #1141, 1000.000000000000000 ) ;
#3567 = FILL_AREA_STYLE_COLOUR ( '', #411 ) ;
#3568 = ORIENTED_EDGE ( 'NONE', *, *, #1502, .T. ) ;
#3569 =( NAMED_UNIT ( * ) PLANE_ANGLE_UNIT ( ) SI_UNIT ( $, .RADIAN. ) );
#3570 = CARTESIAN_POINT ( 'NONE',  ( -4.994403345569733865, 0.8378985527547948564, 2.299685055394010469 ) ) ;
#3571 = STYLED_ITEM ( 'NONE', ( #524 ), #1546 ) ;
#3572 =( LENGTH_UNIT ( ) NAMED_UNIT ( * ) SI_UNIT ( .MILLI., .METRE. ) );
#3573 = DIRECTION ( 'NONE',  ( 0.000000000000000000, -0.9975640502598139836, 0.06975647374427275393 ) ) ;
#3574 = COLOUR_RGB ( '',0.8980392156862745390, 0.8980392156862745390, 0.8980392156862745390 ) ;
#3575 = FILL_AREA_STYLE_COLOUR ( '', #1036 ) ;
#3576 = SURFACE_SIDE_STYLE ('',( #1794 ) ) ;
#3577 = APPLICATION_PROTOCOL_DEFINITION ( 'draft international standard', 'automotive_design', 1998, #3068 ) ;
#3578 = PRESENTATION_LAYER_ASSIGNMENT (  '', '', ( #1476 ) ) ;
#3579 = PRESENTATION_LAYER_ASSIGNMENT (  '', '', ( #2144 ) ) ;
#3580 = VERTEX_POINT ( 'NONE', #3079 ) ;
#3581 = DIRECTION ( 'NONE',  ( 1.000000000000000000, 0.000000000000000000, -0.000000000000000000 ) ) ;
#3582 = STYLED_ITEM ( 'NONE', ( #640 ), #2808 ) ;
#3583 = PRESENTATION_LAYER_ASSIGNMENT (  '', '', ( #2146 ) ) ;
#3584 = EDGE_CURVE ( 'NONE', #409, #3357, #3700, .T. ) ;
#3585 = COLOUR_RGB ( '',0.8980392156862745390, 0.8980392156862745390, 0.8980392156862745390 ) ;
#3586 = COLOUR_RGB ( '',0.8980392156862745390, 0.8980392156862745390, 0.8980392156862745390 ) ;
#3587 = PRESENTATION_STYLE_ASSIGNMENT (( #2926 ) ) ;
#3588 =( NAMED_UNIT ( * ) PLANE_ANGLE_UNIT ( ) SI_UNIT ( $, .RADIAN. ) );
#3589 = FILL_AREA_STYLE ('',( #3319 ) ) ;
#3590 = STYLED_ITEM ( 'NONE', ( #378 ), #3157 ) ;
#3591 = CARTESIAN_POINT ( 'NONE',  ( -4.857158965713859189, 6.134658965715000356, 3.605478104631880676 ) ) ;
#3592 = LINE ( 'NONE', #941, #717 ) ;
#3593 = ORIENTED_EDGE ( 'NONE', *, *, #2221, .T. ) ;
#3594 = PLANE ( 'NONE',  #31 ) ;
#3595 = AXIS2_PLACEMENT_3D ( 'NONE', #89, #3681, #1558 ) ;
#3596 = CARTESIAN_POINT ( 'NONE',  ( 4.731609655393905101, 0.9903499657522626398, 4.799999999994406075 ) ) ;
#3597 = LINE ( 'NONE', #2178, #2761 ) ;
#3598 = DIRECTION ( 'NONE',  ( -1.000000000000000000, -0.000000000000000000, -0.000000000000000000 ) ) ;
#3599 = LINE ( 'NONE', #3360, #3276 ) ;
#3600 = UNCERTAINTY_MEASURE_WITH_UNIT (LENGTH_MEASURE( 1.000000000000000082E-05 ), #1483, 'distance_accuracy_value', 'NONE');
#3601 = FILL_AREA_STYLE_COLOUR ( '', #1450 ) ;
#3602 = FILL_AREA_STYLE ('',( #547 ) ) ;
#3603 = CARTESIAN_POINT ( 'NONE',  ( -0.7099999999999999645, -3.398914153144999784, 2.589999999999999858 ) ) ;
#3604 = ADVANCED_FACE ( 'NONE', ( #1598 ), #424, .T. ) ;
#3605 = CARTESIAN_POINT ( 'NONE',  ( 0.000000000000000000, -1.408298662706999993, 4.799999999999999822 ) ) ;
#3606 =( NAMED_UNIT ( * ) PLANE_ANGLE_UNIT ( ) SI_UNIT ( $, .RADIAN. ) );
#3607 = ORIENTED_EDGE ( 'NONE', *, *, #3818, .F. ) ;
#3608 =( NAMED_UNIT ( * ) SI_UNIT ( $, .STERADIAN. ) SOLID_ANGLE_UNIT ( ) );
#3609 = ORIENTED_EDGE ( 'NONE', *, *, #940, .T. ) ;
#3610 = FILL_AREA_STYLE_COLOUR ( '', #2203 ) ;
#3611 =( GEOMETRIC_REPRESENTATION_CONTEXT ( 3 ) GLOBAL_UNCERTAINTY_ASSIGNED_CONTEXT ( ( #3169 ) ) GLOBAL_UNIT_ASSIGNED_CONTEXT ( ( #1821, #963, #1572 ) ) REPRESENTATION_CONTEXT ( 'NONE', 'WORKASPACE' ) );
#3612 = EDGE_CURVE ( 'NONE', #1263, #3703, #1330, .T. ) ;
#3613 = ORIENTED_EDGE ( 'NONE', *, *, #380, .T. ) ;
#3614 = VERTEX_POINT ( 'NONE', #3027 ) ;
#3615 = COLOUR_RGB ( '',0.2862745098039215508, 0.2862745098039215508, 0.2862745098039215508 ) ;
#3616 = AXIS2_PLACEMENT_3D ( 'NONE', #398, #1856, #1589 ) ;
#3617 = SURFACE_SIDE_STYLE ('',( #3366 ) ) ;
#3618 = MECHANICAL_DESIGN_GEOMETRIC_PRESENTATION_REPRESENTATION (  '', ( #3320 ), #2647 ) ;
#3619 =( NAMED_UNIT ( * ) SI_UNIT ( $, .STERADIAN. ) SOLID_ANGLE_UNIT ( ) );
#3620 = ORIENTED_EDGE ( 'NONE', *, *, #3165, .T. ) ;
#3621 =( NAMED_UNIT ( * ) SI_UNIT ( $, .STERADIAN. ) SOLID_ANGLE_UNIT ( ) );
#3622 = VERTEX_POINT ( 'NONE', #3640 ) ;
#3623 = SURFACE_STYLE_USAGE ( .BOTH. , #2127 ) ;
#3624 = UNCERTAINTY_MEASURE_WITH_UNIT (LENGTH_MEASURE( 1.000000000000000082E-05 ), #3648, 'distance_accuracy_value', 'NONE');
#3625 = CARTESIAN_POINT ( 'NONE',  ( 2.132499999999999840, -4.912499999999999645, 0.000000000000000000 ) ) ;
#3626 = EDGE_CURVE ( 'NONE', #778, #3262, #3354, .T. ) ;
#3627 = CARTESIAN_POINT ( 'NONE',  ( -2.947500000000000231, -7.837500000000000355, 2.891205793294678326E-16 ) ) ;
#3628 =( NAMED_UNIT ( * ) PLANE_ANGLE_UNIT ( ) SI_UNIT ( $, .RADIAN. ) );
#3629 = VECTOR ( 'NONE', #3306, 1000.000000000000000 ) ;
#3630 = UNCERTAINTY_MEASURE_WITH_UNIT (LENGTH_MEASURE( 1.000000000000000082E-05 ), #810, 'distance_accuracy_value', 'NONE');
#3631 = EDGE_CURVE ( 'NONE', #190, #3449, #147, .T. ) ;
#3632 = CARTESIAN_POINT ( 'NONE',  ( -4.871046512853148158, -0.9183806038007350514, 3.473346919773961705 ) ) ;
#3633 = COLOUR_RGB ( '',0.2862745098039215508, 0.2862745098039215508, 0.2862745098039215508 ) ;
#3634 = SHAPE_REPRESENTATION ( 'pin2', ( #2476 ), #808 ) ;
#3635 = STYLED_ITEM ( 'NONE', ( #3690 ), #2680 ) ;
#3636 = SURFACE_SIDE_STYLE ('',( #2452 ) ) ;
#3637 =( GEOMETRIC_REPRESENTATION_CONTEXT ( 3 ) GLOBAL_UNCERTAINTY_ASSIGNED_CONTEXT ( ( #754 ) ) GLOBAL_UNIT_ASSIGNED_CONTEXT ( ( #1730, #3234, #558 ) ) REPRESENTATION_CONTEXT ( 'NONE', 'WORKASPACE' ) );
#3638 = VECTOR ( 'NONE', #2629, 1000.000000000000000 ) ;
#3639 = VECTOR ( 'NONE', #2699, 1000.000000000000000 ) ;
#3640 = CARTESIAN_POINT ( 'NONE',  ( 2.132499999999999840, -5.658512068910000359, 0.000000000000000000 ) ) ;
#3641 = VERTEX_POINT ( 'NONE', #1716 ) ;
#3642 = AXIS2_PLACEMENT_3D ( 'NONE', #254, #3471, #2321 ) ;
#3643 = FILL_AREA_STYLE_COLOUR ( '', #2659 ) ;
#3644 = STYLED_ITEM ( 'NONE', ( #2691 ), #2377 ) ;
#3645 = ORIENTED_EDGE ( 'NONE', *, *, #2512, .F. ) ;
#3646 = PRESENTATION_STYLE_ASSIGNMENT (( #1959 ) ) ;
#3647 = CARTESIAN_POINT ( 'NONE',  ( 4.425806578238000277, 6.377500000000000391, 0.000000000000000000 ) ) ;
#3648 =( LENGTH_UNIT ( ) NAMED_UNIT ( * ) SI_UNIT ( .MILLI., .METRE. ) );
#3649 = EDGE_CURVE ( 'NONE', #3299, #1379, #1438, .T. ) ;
#3650 = SURFACE_SIDE_STYLE ('',( #2227 ) ) ;
#3651 = AXIS2_PLACEMENT_3D ( 'NONE', #205, #1140, #1732 ) ;
#3652 = ORIENTED_EDGE ( 'NONE', *, *, #843, .F. ) ;
#3653 = FILL_AREA_STYLE_COLOUR ( '', #2575 ) ;
#3654 = EDGE_CURVE ( 'NONE', #3716, #1457, #3764, .T. ) ;
#3655 = FILL_AREA_STYLE_COLOUR ( '', #3615 ) ;
#3656 = DIRECTION ( 'NONE',  ( 0.000000000000000000, 0.06975647374481558360, 0.9975640502597760140 ) ) ;
#3657 = PRESENTATION_STYLE_ASSIGNMENT (( #125 ) ) ;
#3658 = APPLICATION_CONTEXT ( 'automotive_design' ) ;
#3659 = PRESENTATION_STYLE_ASSIGNMENT (( #2158 ) ) ;
#3660 = ORIENTED_EDGE ( 'NONE', *, *, #2781, .T. ) ;
#3661 = CARTESIAN_POINT ( 'NONE',  ( 3.250000000000000444, -4.358383522610999705, 2.189999999999999947 ) ) ;
#3662 = ORIENTED_EDGE ( 'NONE', *, *, #3725, .T. ) ;
#3663 = PLANE ( 'NONE',  #1834 ) ;
#3664 = LINE ( 'NONE', #2559, #2783 ) ;
#3665 = LINE ( 'NONE', #654, #901 ) ;
#3666 = SURFACE_SIDE_STYLE ('',( #414 ) ) ;
#3667 = CARTESIAN_POINT ( 'NONE',  ( -2.947500000000000231, -5.938266594751000049, 1.100000000000000089 ) ) ;
#3668 = LINE ( 'NONE', #1910, #2463 ) ;
#3669 = DIRECTION ( 'NONE',  ( 0.1045284632680246323, 0.000000000000000000, -0.9945218953682342100 ) ) ;
#3670 = VECTOR ( 'NONE', #1034, 1000.000000000000000 ) ;
#3671 = EDGE_LOOP ( 'NONE', ( #3530, #1899, #2952, #646, #1088, #2071, #3825, #141 ) ) ;
#3672 = DIRECTION ( 'NONE',  ( -1.000000000000000000, 0.000000000000000000, 0.000000000000000000 ) ) ;
#3673 = STYLED_ITEM ( 'NONE', ( #679 ), #203 ) ;
#3674 = DIRECTION ( 'NONE',  ( 0.000000000000000000, -0.06975647374468138540, -0.9975640502597853398 ) ) ;
#3675 = EDGE_CURVE ( 'NONE', #1279, #2410, #827, .T. ) ;
#3676 = VECTOR ( 'NONE', #1442, 1000.000000000000000 ) ;
#3677 = FACE_OUTER_BOUND ( 'NONE', #552, .T. ) ;
#3678 =( NAMED_UNIT ( * ) PLANE_ANGLE_UNIT ( ) SI_UNIT ( $, .RADIAN. ) );
#3679 = VECTOR ( 'NONE', #1165, 1000.000000000000000 ) ;
#3680 = DIRECTION ( 'NONE',  ( 0.000000000000000000, 0.000000000000000000, -1.000000000000000000 ) ) ;
#3681 = DIRECTION ( 'NONE',  ( -1.000000000000000000, -3.598778037682999888E-16, 0.000000000000000000 ) ) ;
#3682 = CIRCLE ( 'NONE', #835, 1.056647765655132076 ) ;
#3683 = EDGE_LOOP ( 'NONE', ( #2258, #1807, #1757, #56 ) ) ;
#3684 = FILL_AREA_STYLE ('',( #1939 ) ) ;
#3685 = VERTEX_POINT ( 'NONE', #189 ) ;
#3686 =( LENGTH_UNIT ( ) NAMED_UNIT ( * ) SI_UNIT ( .MILLI., .METRE. ) );
#3687 = CARTESIAN_POINT ( 'NONE',  ( 3.250000000000000444, -5.436189288660414398, 2.545805178995372842 ) ) ;
#3688 = EDGE_LOOP ( 'NONE', ( #621, #1460, #3410, #1333 ) ) ;
#3689 = CARTESIAN_POINT ( 'NONE',  ( -2.947500000000000231, -3.062821454583999792, 0.000000000000000000 ) ) ;
#3690 = PRESENTATION_STYLE_ASSIGNMENT (( #1909 ) ) ;
#3691 = ORIENTED_EDGE ( 'NONE', *, *, #1626, .T. ) ;
#3692 = LINE ( 'NONE', #82, #2843 ) ;
#3693 = PRESENTATION_STYLE_ASSIGNMENT (( #435 ) ) ;
#3694 = LINE ( 'NONE', #2550, #2374 ) ;
#3695 = FILL_AREA_STYLE ('',( #744 ) ) ;
#3696 =( GEOMETRIC_REPRESENTATION_CONTEXT ( 3 ) GLOBAL_UNCERTAINTY_ASSIGNED_CONTEXT ( ( #1720 ) ) GLOBAL_UNIT_ASSIGNED_CONTEXT ( ( #72, #2758, #3621 ) ) REPRESENTATION_CONTEXT ( 'NONE', 'WORKASPACE' ) );
#3697 = VERTEX_POINT ( 'NONE', #1353 ) ;
#3698 = FILL_AREA_STYLE ('',( #51 ) ) ;
#3699 = EDGE_CURVE ( 'NONE', #3043, #3805, #2283, .T. ) ;
#3700 = LINE ( 'NONE', #3060, #43 ) ;
#3701 = EDGE_LOOP ( 'NONE', ( #1854, #90, #81, #2602 ) ) ;
#3702 = SURFACE_STYLE_FILL_AREA ( #3684 ) ;
#3703 = VERTEX_POINT ( 'NONE', #3803 ) ;
#3704 = UNCERTAINTY_MEASURE_WITH_UNIT (LENGTH_MEASURE( 1.000000000000000082E-05 ), #3490, 'distance_accuracy_value', 'NONE');
#3705 = STYLED_ITEM ( 'NONE', ( #41 ), #2801 ) ;
#3706 = DIRECTION ( 'NONE',  ( 1.000000000000000000, 0.000000000000000000, 0.000000000000000000 ) ) ;
#3707 =( GEOMETRIC_REPRESENTATION_CONTEXT ( 3 ) GLOBAL_UNCERTAINTY_ASSIGNED_CONTEXT ( ( #2151 ) ) GLOBAL_UNIT_ASSIGNED_CONTEXT ( ( #3686, #132, #2072 ) ) REPRESENTATION_CONTEXT ( 'NONE', 'WORKASPACE' ) );
#3708 = MECHANICAL_DESIGN_GEOMETRIC_PRESENTATION_REPRESENTATION (  '', ( #1418 ), #2905 ) ;
#3709 = PRESENTATION_STYLE_ASSIGNMENT (( #2831 ) ) ;
#3710 = FACE_OUTER_BOUND ( 'NONE', #488, .T. ) ;
#3711 = EDGE_CURVE ( 'NONE', #2766, #1924, #3489, .T. ) ;
#3712 = COLOUR_RGB ( '',0.8980392156862745390, 0.8980392156862745390, 0.8980392156862745390 ) ;
#3713 =( NAMED_UNIT ( * ) SI_UNIT ( $, .STERADIAN. ) SOLID_ANGLE_UNIT ( ) );
#3714 = SURFACE_STYLE_USAGE ( .BOTH. , #1873 ) ;
#3715 = VECTOR ( 'NONE', #173, 1000.000000000000000 ) ;
#3716 = VERTEX_POINT ( 'NONE', #1393 ) ;
#3717 = SURFACE_STYLE_USAGE ( .BOTH. , #187 ) ;
#3718 = PRODUCT_DEFINITION_FORMATION_WITH_SPECIFIED_SOURCE ( 'ANY', '', #263, .NOT_KNOWN. ) ;
#3719 = DIRECTION ( 'NONE',  ( 0.000000000000000000, -1.000000000000000000, -0.000000000000000000 ) ) ;
#3720 = ORIENTED_EDGE ( 'NONE', *, *, #3533, .T. ) ;
#3721 = DIRECTION ( 'NONE',  ( 1.000000000000000000, 0.000000000000000000, 0.000000000000000000 ) ) ;
#3722 = ORIENTED_EDGE ( 'NONE', *, *, #1608, .T. ) ;
#3723 = PLANE ( 'NONE',  #1347 ) ;
#3724 = SURFACE_SIDE_STYLE ('',( #3768 ) ) ;
#3725 = EDGE_CURVE ( 'NONE', #753, #3484, #358, .T. ) ;
#3726 = PLANE ( 'NONE',  #3055 ) ;
#3727 = ORIENTED_EDGE ( 'NONE', *, *, #769, .T. ) ;
#3728 = SURFACE_STYLE_FILL_AREA ( #453 ) ;
#3729 = PLANE ( 'NONE',  #2273 ) ;
#3730 = DIRECTION ( 'NONE',  ( 0.000000000000000000, 0.000000000000000000, 1.000000000000000000 ) ) ;
#3731 =( NAMED_UNIT ( * ) PLANE_ANGLE_UNIT ( ) SI_UNIT ( $, .RADIAN. ) );
#3732 = SURFACE_STYLE_FILL_AREA ( #1627 ) ;
#3733 = LINE ( 'NONE', #3759, #857 ) ;
#3734 = ORIENTED_EDGE ( 'NONE', *, *, #1984, .T. ) ;
#3735 = LINE ( 'NONE', #169, #2438 ) ;
#3736 = AXIS2_PLACEMENT_3D ( 'NONE', #1271, #2450, #84 ) ;
#3737 = CARTESIAN_POINT ( 'NONE',  ( -2.947500000000000231, -4.802298966336028485, 1.575948203573062978 ) ) ;
#3738 = DIRECTION ( 'NONE',  ( 0.000000000000000000, 0.000000000000000000, -1.000000000000000000 ) ) ;
#3739 = STYLED_ITEM ( 'NONE', ( #1283 ), #251 ) ;
#3740 = PRODUCT ( 'pin1', 'pin1', '', ( #2666 ) ) ;
#3741 = CARTESIAN_POINT ( 'NONE',  ( -2.947500000000000231, -5.658512068910000359, 0.8000000000000000444 ) ) ;
#3742 = ORIENTED_EDGE ( 'NONE', *, *, #155, .T. ) ;
#3743 = CARTESIAN_POINT ( 'NONE',  ( 2.540000000000000036, -5.257671553558999733, 2.589999999999999858 ) ) ;
#3744 = AXIS2_PLACEMENT_3D ( 'NONE', #1811, #3024, #316 ) ;
#3745 = VERTEX_POINT ( 'NONE', #2868 ) ;
#3746 = PRODUCT_RELATED_PRODUCT_CATEGORY ( 'part', '', ( #1762 ) ) ;
#3747 = VECTOR ( 'NONE', #820, 1000.000000000000000 ) ;
#3748 = CARTESIAN_POINT ( 'NONE',  ( 5.100000000000013856, 7.212500000000060751, 0.000000000000000000 ) ) ;
#3749 = ORIENTED_EDGE ( 'NONE', *, *, #3466, .F. ) ;
#3750 = SURFACE_STYLE_FILL_AREA ( #1944 ) ;
#3751 = CARTESIAN_POINT ( 'NONE',  ( -1.665334536938000065E-15, 7.712500000000000355, 1.294999999999999929 ) ) ;
#3752 = VECTOR ( 'NONE', #3573, 1000.000000000000114 ) ;
#3753 = EDGE_CURVE ( 'NONE', #3268, #2562, #2609, .T. ) ;
#3754 = PRESENTATION_STYLE_ASSIGNMENT (( #2879 ) ) ;
#3755 = CARTESIAN_POINT ( 'NONE',  ( -2.220446049249999903E-15, 1.802499999999999991, 4.799999999999999822 ) ) ;
#3756 = SURFACE_SIDE_STYLE ('',( #1971 ) ) ;
#3757 =( NAMED_UNIT ( * ) PLANE_ANGLE_UNIT ( ) SI_UNIT ( $, .RADIAN. ) );
#3758 =( NAMED_UNIT ( * ) SI_UNIT ( $, .STERADIAN. ) SOLID_ANGLE_UNIT ( ) );
#3759 = CARTESIAN_POINT ( 'NONE',  ( 5.099999999999999645, 7.212500000000000355, 1.294999999999999929 ) ) ;
#3760 = ORIENTED_EDGE ( 'NONE', *, *, #3800, .T. ) ;
#3761 = CARTESIAN_POINT ( 'NONE',  ( -4.731609655392650993, -2.595399363577000074, 4.799999999999905675 ) ) ;
#3762 = DIRECTION ( 'NONE',  ( 0.000000000000000000, -0.9975640502598247528, 0.06975647374411773904 ) ) ;
#3763 = CARTESIAN_POINT ( 'NONE',  ( -5.099999999999999645, 0.000000000000000000, 4.799999999988813215 ) ) ;
#3764 = LINE ( 'NONE', #1060, #617 ) ;
#3765 = ORIENTED_EDGE ( 'NONE', *, *, #3165, .F. ) ;
#3766 = ORIENTED_EDGE ( 'NONE', *, *, #3798, .F. ) ;
#3767 = MECHANICAL_DESIGN_GEOMETRIC_PRESENTATION_REPRESENTATION (  '', ( #2144 ), #529 ) ;
#3768 = SURFACE_STYLE_FILL_AREA ( #2544 ) ;
#3769 = FILL_AREA_STYLE ('',( #859 ) ) ;
#3770 = ORIENTED_EDGE ( 'NONE', *, *, #229, .F. ) ;
#3771 =( NAMED_UNIT ( * ) SI_UNIT ( $, .STERADIAN. ) SOLID_ANGLE_UNIT ( ) );
#3772 = FACE_OUTER_BOUND ( 'NONE', #1100, .T. ) ;
#3773 = PLANE ( 'NONE',  #350 ) ;
#3774 = VECTOR ( 'NONE', #2087, 1000.000000000000114 ) ;
#3775 = STYLED_ITEM ( 'NONE', ( #924 ), #2189 ) ;
#3776 = CARTESIAN_POINT ( 'NONE',  ( 3.250000000000000444, -0.8856861454979999548, 2.589999999999999858 ) ) ;
#3777 = DIRECTION ( 'NONE',  ( 1.000000000000000000, 0.000000000000000000, 0.000000000000000000 ) ) ;
#3778 = ORIENTED_EDGE ( 'NONE', *, *, #1976, .T. ) ;
#3779 = FILL_AREA_STYLE ('',( #2604 ) ) ;
#3780 = VECTOR ( 'NONE', #2537, 1000.000000000000000 ) ;
#3781 = FACE_OUTER_BOUND ( 'NONE', #2956, .T. ) ;
#3782 = SURFACE_SIDE_STYLE ('',( #678 ) ) ;
#3783 = DIRECTION ( 'NONE',  ( -0.000000000000000000, 2.478176394252999853E-17, 1.000000000000000000 ) ) ;
#3784 =( GEOMETRIC_REPRESENTATION_CONTEXT ( 3 ) GLOBAL_UNCERTAINTY_ASSIGNED_CONTEXT ( ( #2047 ) ) GLOBAL_UNIT_ASSIGNED_CONTEXT ( ( #2648, #275, #3713 ) ) REPRESENTATION_CONTEXT ( 'NONE', 'WORKASPACE' ) );
#3785 = LINE ( 'NONE', #3409, #1490 ) ;
#3786 = DIRECTION ( 'NONE',  ( 0.000000000000000000, 0.06975647374411773904, 0.9975640502598247528 ) ) ;
#3787 = ORIENTED_EDGE ( 'NONE', *, *, #61, .T. ) ;
#3788 = FACE_OUTER_BOUND ( 'NONE', #1494, .T. ) ;
#3789 = VERTEX_POINT ( 'NONE', #2889 ) ;
#3790 = SURFACE_STYLE_FILL_AREA ( #285 ) ;
#3791 = FILL_AREA_STYLE ('',( #906 ) ) ;
#3792 = SURFACE_SIDE_STYLE ('',( #3256 ) ) ;
#3793 = FILL_AREA_STYLE ('',( #2312 ) ) ;
#3794 = DIRECTION ( 'NONE',  ( 0.000000000000000000, -0.9975640502598139836, 0.06975647374427275393 ) ) ;
#3795 = FACE_OUTER_BOUND ( 'NONE', #459, .T. ) ;
#3796 = PRESENTATION_STYLE_ASSIGNMENT (( #481 ) ) ;
#3797 = UNCERTAINTY_MEASURE_WITH_UNIT (LENGTH_MEASURE( 1.000000000000000082E-05 ), #1168, 'distance_accuracy_value', 'NONE');
#3798 = EDGE_CURVE ( 'NONE', #690, #3113, #771, .T. ) ;
#3799 = ORIENTED_EDGE ( 'NONE', *, *, #1541, .F. ) ;
#3800 = EDGE_CURVE ( 'NONE', #3357, #778, #1961, .T. ) ;
#3801 = FILL_AREA_STYLE ('',( #825 ) ) ;
#3802 = MECHANICAL_DESIGN_GEOMETRIC_PRESENTATION_REPRESENTATION (  '', ( #1317 ), #1510 ) ;
#3803 = CARTESIAN_POINT ( 'NONE',  ( -3.250000000000000444, -5.436189288660414398, 2.545805178995372842 ) ) ;
#3804 = EDGE_LOOP ( 'NONE', ( #1703, #1764, #1601, #2902 ) ) ;
#3805 = VERTEX_POINT ( 'NONE', #3425 ) ;
#3806 = CARTESIAN_POINT ( 'NONE',  ( -3.250000000000000444, -4.358383522610999705, 2.589999999999999858 ) ) ;
#3807 = VECTOR ( 'NONE', #218, 1000.000000000000114 ) ;
#3808 = ORIENTED_EDGE ( 'NONE', *, *, #914, .T. ) ;
#3809 = CARTESIAN_POINT ( 'NONE',  ( -2.540000000000000036, -4.638138048453000373, 3.290000000000000036 ) ) ;
#3810 = CARTESIAN_POINT ( 'NONE',  ( 2.132499999999999840, -7.837500000000000355, 2.891205793294678326E-16 ) ) ;
#3811 = LINE ( 'NONE', #3216, #3566 ) ;
#3812 = PRESENTATION_LAYER_ASSIGNMENT (  '', '', ( #3320 ) ) ;
#3813 = DIRECTION ( 'NONE',  ( 0.000000000000000000, 0.000000000000000000, 1.000000000000000000 ) ) ;
#3814 = CARTESIAN_POINT ( 'NONE',  ( -5.099999999999999645, 6.377500000000000391, 0.000000000000000000 ) ) ;
#3815 = DIRECTION ( 'NONE',  ( 1.000000000000000000, 0.000000000000000000, 0.000000000000000000 ) ) ;
#3816 = ORIENTED_EDGE ( 'NONE', *, *, #2228, .F. ) ;
#3817 = CARTESIAN_POINT ( 'NONE',  ( 2.132499999999999840, -7.837500000000000355, 0.5250000000000000222 ) ) ;
#3818 = EDGE_CURVE ( 'NONE', #1491, #3331, #2909, .T. ) ;
#3819 = SURFACE_STYLE_FILL_AREA ( #3801 ) ;
#3820 =( NAMED_UNIT ( * ) SI_UNIT ( $, .STERADIAN. ) SOLID_ANGLE_UNIT ( ) );
#3821 = ORIENTED_EDGE ( 'NONE', *, *, #3822, .F. ) ;
#3822 = EDGE_CURVE ( 'NONE', #355, #3094, #3785, .T. ) ;
#3823 = SURFACE_STYLE_FILL_AREA ( #1980 ) ;
#3824 = MECHANICAL_DESIGN_GEOMETRIC_PRESENTATION_REPRESENTATION (  '', ( #3206 ), #1941 ) ;
#3825 = ORIENTED_EDGE ( 'NONE', *, *, #1705, .T. ) ;
#3826 = CARTESIAN_POINT ( 'NONE',  ( 0.000000000000000000, -1.408298662706999993, 4.570000000000000284 ) ) ;
#3827 = UNCERTAINTY_MEASURE_WITH_UNIT (LENGTH_MEASURE( 1.000000000000000082E-05 ), #12, 'distance_accuracy_value', 'NONE');
#3828 = CARTESIAN_POINT ( 'NONE',  ( -4.893710291815919433, -2.757499999999999396, 3.257715466812991512 ) ) ;
#3829 = LINE ( 'NONE', #2351, #3285 ) ;
#3830 = ORIENTED_EDGE ( 'NONE', *, *, #2757, .T. ) ;
#3831 = DIRECTION ( 'NONE',  ( -1.000000000000000000, 0.000000000000000000, -0.000000000000000000 ) ) ;
#3832 = UNCERTAINTY_MEASURE_WITH_UNIT (LENGTH_MEASURE( 1.000000000000000082E-05 ), #3310, 'distance_accuracy_value', 'NONE');
#3833 =( GEOMETRIC_REPRESENTATION_CONTEXT ( 3 ) GLOBAL_UNCERTAINTY_ASSIGNED_CONTEXT ( ( #1343 ) ) GLOBAL_UNIT_ASSIGNED_CONTEXT ( ( #60, #3628, #477 ) ) REPRESENTATION_CONTEXT ( 'NONE', 'WORKASPACE' ) );
#3834 = PRESENTATION_LAYER_ASSIGNMENT (  '', '', ( #3022 ) ) ;
#3835 = PRESENTATION_STYLE_ASSIGNMENT (( #2591 ) ) ;
#3836 = STYLED_ITEM ( 'NONE', ( #2716 ), #1789 ) ;
#3837 = CYLINDRICAL_SURFACE ( 'NONE', #2436, 0.8000000000000000444 ) ;
#3838 = FILL_AREA_STYLE_COLOUR ( '', #2819 ) ;
#3839 = LINE ( 'NONE', #871, #1948 ) ;
#3840 = CARTESIAN_POINT ( 'NONE',  ( 2.132499999999999840, -5.500593801517943859, 1.624777735193996264 ) ) ;
#3841 = CONTEXT_DEPENDENT_SHAPE_REPRESENTATION ( #2270, #1187 ) ;
#3842 = UNCERTAINTY_MEASURE_WITH_UNIT (LENGTH_MEASURE( 1.000000000000000082E-05 ), #397, 'distance_accuracy_value', 'NONE');
#3843 = PRESENTATION_LAYER_ASSIGNMENT (  '', '', ( #1178 ) ) ;
#3844 = ORIENTED_EDGE ( 'NONE', *, *, #914, .F. ) ;
#3845 = STYLED_ITEM ( 'NONE', ( #3657 ), #3179 ) ;
#3846 = CARTESIAN_POINT ( 'NONE',  ( -4.893710291815920321, -2.757499999999999840, 3.257715466812986627 ) ) ;
#3847 = CIRCLE ( 'NONE', #796, 0.7999999999999999334 ) ;
#3848 = COLOUR_RGB ( '',0.2862745098039215508, 0.2862745098039215508, 0.2862745098039215508 ) ;
#3849 = SURFACE_STYLE_FILL_AREA ( #235 ) ;
#3850 = FILL_AREA_STYLE ('',( #2025 ) ) ;
#3851 = DIRECTION ( 'NONE',  ( 1.000000000000000000, 0.000000000000000000, 0.000000000000000000 ) ) ;
#3852 = ORIENTED_EDGE ( 'NONE', *, *, #3004, .F. ) ;
#3853 = LINE ( 'NONE', #526, #3085 ) ;
#3854 = AXIS2_PLACEMENT_3D ( 'NONE', #2638, #496, #1384 ) ;
#3855 = ITEM_DEFINED_TRANSFORMATION ( 'NONE', 'NONE', #1191,  #2476 ) ;
#3856 = NEXT_ASSEMBLY_USAGE_OCCURRENCE ( 'NAUO1', ' ', ' ', #3408, #116, $ ) ;
#3857 = NEXT_ASSEMBLY_USAGE_OCCURRENCE ( 'NAUO2', ' ', ' ', #3408, #652, $ ) ;
#3858 = NEXT_ASSEMBLY_USAGE_OCCURRENCE ( 'NAUO3', ' ', ' ', #3408, #2033, $ ) ;
#3859 = NEXT_ASSEMBLY_USAGE_OCCURRENCE ( 'NAUO4', ' ', ' ', #3408, #2320, $ ) ;
#3860 = NEXT_ASSEMBLY_USAGE_OCCURRENCE ( 'NAUO5', ' ', ' ', #3408, #2185, $ ) ;
ENDSEC;
END-ISO-10303-21;
